Wavelength, nm	Absorbance, a.u. - curve 1	Wavelength, nm	Absorbance, a.u. - curve 3	Wavelength, nm	Absorbance, a.u. - curve 2	Wavelength, nm	Absorbance, a.u. - curve 4
174,22798	-0,01	174,26798	-0,01566	175,43739	-0,04413	300	-0,04086
174,8327	-0,01	174,8727	-0,01566	176,04207	0,76627	300,5	-0,04203
175,43739	-0,04365	175,47739	0,0496	176,64671	0,61716	301	-0,0429
176,04207	-0,02295	176,08207	0,0466	177,25134	0,43395	301,5	-0,04294
176,64671	-0,01947	176,68671	0,06263	177,85594	0,3322	302	-0,0439
177,25134	-0,01775	177,29134	0,0484	178,46051	0,28165	302,5	-0,0446
177,85594	-0,00631	177,89594	0,07715	179,06506	0,21284	303	-0,04521
178,46051	-0,00992	178,50051	0,09299	179,66959	0,18567	303,5	-0,04664
179,06506	-0,0181	179,10506	0,08439	180,27409	0,16422	304	-0,04702
179,66959	-0,01725	179,70959	0,07386	180,87857	0,13829	304,5	-0,04794
180,27409	-0,01621	180,31409	0,09397	181,48303	0,13829	305	-0,04852
180,87857	-0,01621	180,91857	0,09397	182,08746	0,11626	305,5	-0,04892
181,48303	-0,01621	181,52303	0,09397	182,69186	0,11269	306	-0,04988
182,08746	-0,03611	182,12746	0,08038	183,29625	-0,07779	306,5	-0,0504
182,69186	-0,01502	182,73186	0,0563	183,9006	-0,09193	307	-0,05063
183,29625	-0,01054	183,33625	0,06122	184,50493	-0,09617	307,5	-0,05175
183,9006	-0,01477	183,9406	0,04888	185,10924	-0,11692	308	-0,05273
184,50493	-0,01846	184,54493	0,04367	185,71353	-0,09891	308,5	-0,05267
185,10924	-0,01476	185,14924	0,03701	186,31778	-0,09633	309	-0,0525
185,71353	-0,01872	185,75353	0,03087	186,92203	-0,09633	309,5	-0,0532
186,31778	-0,00638	186,35778	0,03963	187,52623	-0,09769	310	-0,05566
186,92203	-0,00638	186,96203	0,03963	188,13042	-0,09558	310,5	-0,05522
187,52623	0,01063	187,56623	0,03623	188,73457	-0,09558	311	-0,05639
188,13042	0,00812	188,17042	0,03712	189,33871	-0,09071	311,5	-0,05612
188,73457	0,00812	188,77457	0,03712	189,94283	-0,08306	312	-0,05633
189,33871	0,00472	189,37871	0,01491	190,54692	-0,08306	312,5	-0,05714
189,94283	0,01725	189,98283	0,0117	191,15099	-0,09741	313	-0,05764
190,54692	0,01725	190,58692	0,0117	191,75502	-0,10406	313,5	-0,05739
191,15099	0,02948	191,19099	0,01719	192,35904	0,08642	314	-0,05822
191,75502	0,03782	191,79502	0,02122	192,96303	0,09498	314,5	-0,05848
192,35904	0,04649	192,39904	0,00929	193,56699	0,08876	315	-0,05935
192,96303	0,04614	193,00303	-0,01935	194,17093	0,08876	315,5	-0,05916
193,56699	0,0538	193,60699	-0,01129	194,77486	0,10055	316	-0,05977
194,17093	0,0538	194,21093	-0,01129	195,37874	0,10641	316,5	-0,05958
194,77486	0,08505	194,81486	0,00213	195,9826	0,13272	317	-0,06007
195,37874	0,06332	195,41874	0,19623	196,58646	0,14686	317,5	-0,06051
195,9826	0,05866	196,0226	0,19476	197,19028	0,13419	318	-0,05981
196,58646	0,06289	196,62646	0,2071	197,79407	0,13419	318,5	-0,06059
197,19028	0,05407	197,23028	0,19137	198,39783	0,13419	319	-0,06114
197,79407	0,05407	197,83407	0,19137	199,00157	0,11463	319,5	-0,06088
198,39783	0,05407	198,43783	0,19137	199,6053	0,30511	320	-0,06157
199,00157	0,03519	199,04157	0,18681	200,20898	0,30277	320,5	-0,06028
199,6053	0,03601	199,6453	0,18926	200,81265	0,29859	321	-0,06157
200,20898	0,02242	200,24898	0,17896	201,41631	0,29133	321,5	-0,06111
200,81265	0,01735	200,85265	0,17039	202,01993	0,2975	322	-0,06091
201,41631	0,00729	201,45631	0,15994	202,62352	0,29179	322,5	-0,06183
202,01993	0,02448	202,05993	0,16097	203,22708	0,30699	323	-0,06173
202,62352	0,01891	202,66352	0,35126	203,83063	0,32133	323,5	-0,06213
203,22708	0,03647	203,26708	0,3348	204,43416	0,3321	324	-0,06166
203,83063	0,02423	203,87063	0,32932	205,03764	0,17067	324,5	-0,06187
204,43416	0,03337	204,47416	0,34558	205,64111	0,15617	325	-0,0628
205,03764	0,01481	205,07764	0,36009	206,24457	0,16239	325,5	-0,06237
205,64111	0,01776	205,68111	0,36239	206,84798	0,15645	326	-0,0623
206,24457	0,0101	206,28457	0,35434	207,45139	0,16668	326,5	-0,0615
206,84798	0,01142	206,88798	0,34701	208,05475	0,17455	327	-0,06155
207,45139	7,17568E-5	207,49139	0,34718	208,6581	0,16335	327,5	-0,06053
208,05475	0,02181	208,09475	0,15912	209,26141	0,16335	328	-0,06096
208,6581	0,01895	208,6981	0,15356	209,86472	0,17216	328,5	-0,05961
209,26141	0,01895	209,30141	0,15356	210,46799	0,36263	329	-0,05905
209,86472	0,02044	209,90472	0,18172	211,07123	0,36263	329,5	-0,05751
210,46799	0,01734	210,50799	0,17765	211,67445	0,38436	330	-0,0579
211,07123	0,01734	211,11123	0,17765	212,27765	0,20593	330,5	-0,05618
211,67445	0,03971	211,71445	0,17347	212,88081	0,20679	331	-0,05531
212,27765	0,03741	212,31765	0,16527	213,48396	0,19431	331,5	-0,0552
212,88081	0,04375	212,92081	0,17577	214,08708	0,22641	332	-0,05345
213,48396	0,04193	213,52396	0,16914	214,69017	0,20614	332,5	-0,05301
214,08708	0,04858	214,12708	0,16978	215,29324	0,20567	333	-0,05177
214,69017	0,02345	214,73017	0,15653	215,89629	0,19047	333,5	-0,05084
215,29324	0,03241	215,33324	-0,03699	216,49931	0,17663	334	-0,04974
215,89629	0,01484	215,93629	-0,02053	217,10229	0,17251	334,5	-0,04823
216,49931	0,02854	216,53931	-0,01252	217,70526	0,14347	335	-0,04693
217,10229	0,01106	217,14229	-0,03281	218,30821	0,14083	335,5	-0,04475
217,70526	0,02095	217,74526	-0,03538	218,91113	0,15091	336	-0,04277
218,30821	0,01287	218,34821	-0,03719	219,51402	0,34732	336,5	-0,04182
218,91113	0,02455	218,95113	-0,03833	220,11688	0,33611	337	-0,03982
219,51402	0,02346	219,55402	-0,01203	220,71973	0,33489	337,5	-0,03845
220,11688	0,02663	220,15688	-0,01356	221,32256	0,31977	338	-0,03637
220,71973	0,01344	220,75973	-0,01419	221,92534	0,31977	338,5	-0,03477
221,32256	0,02095	221,36256	-0,00716	222,52811	0,32363	339	-0,03184
221,92534	0,02095	221,96534	-0,00716	223,13084	0,14592	339,5	-0,03065
222,52811	0,0283	222,56811	-0,01959	223,73357	0,13205	340	-0,02852
223,13084	0,02592	223,17084	-0,01793	224,33626	0,11655	340,5	-0,02705
223,73357	0,04955	223,77357	-0,01141	224,93892	0,29497	341	-0,02588
224,33626	0,03043	224,37626	0,00481	225,54155	0,2927	341,5	-0,02365
224,93892	0,02431	224,97892	0,00883	226,14417	0,29728	342	-0,02336
225,54155	0,01577	225,58155	-0,0124	226,74675	0,27849	342,5	-0,02217
226,14417	0,0188	226,18417	-0,00473	227,34932	0,3007	343	-0,02032
226,74675	0,02358	226,78675	0,00686	227,95186	0,2911	343,5	-0,01938
227,34932	0,04257	227,38932	0,02032	228,55437	0,28996	344	-0,01921
227,95186	0,02666	227,99186	0,01966	229,15685	0,29351	344,5	-0,0179
228,55437	0,02703	228,59437	0,0134	229,75931	0,289	345	-0,016
229,15685	0,01001	229,19685	0,00601	230,36174	0,28824	345,5	-0,01469
229,75931	0,01199	229,79931	0,00444	230,96416	0,29616	346	-0,01384
230,36174	0,01022	230,40174	2,59693E-4	231,56654	0,2807	346,5	-0,01399
230,96416	0,01645	231,00416	-0,00564	232,1689	0,08807	347	-0,0117
231,56654	0,00115	231,60654	-0,0092	232,77122	0,09382	347,5	-0,01217
232,1689	-0,00278	232,2089	-0,03151	233,37354	0,0857	348	-0,01101
232,77122	-0,00597	232,81122	-0,03172	233,97581	0,08258	348,5	-0,01104
233,37354	-0,01017	233,41354	-0,03494	234,57806	0,07745	349	-0,01024
233,97581	-0,01212	234,01581	-0,03671	235,1803	0,0735	349,5	-0,00944
234,57806	-0,01226	234,61806	-0,03852	235,7825	0,0581	350	-0,00917
235,1803	-0,01278	235,2203	-0,03914	236,38467	0,06805	350,5	-0,00787
235,7825	-0,00725	235,8225	-0,03864	236,98683	0,07639	351	-0,00879
236,38467	-0,03074	236,42467	-0,04624	237,58896	-0,1166	351,5	-0,0077
236,98683	-0,02685	237,02683	-0,06336	238,19106	-0,10494	352	-0,00871
237,58896	-0,01989	237,62896	-0,06323	238,79312	-0,1007	352,5	-0,00842
238,19106	-0,0197	238,23106	-0,05662	239,39517	-0,10955	353	-0,00625
238,79312	-0,02104	238,83312	-0,05935	239,99719	-0,10503	353,5	-0,00677
239,39517	-0,02246	239,43517	-0,06272	240,5992	-0,10091	354	-0,00555
239,99719	-0,02855	240,03719	-0,06362	241,20117	-0,1031	354,5	-0,00653
240,5992	-0,02192	240,6392	-0,06134	241,80312	-0,09637	355	-0,00581
241,20117	-0,02313	241,24117	-0,0567	242,40503	-0,09546	355,5	-0,0061
241,80312	-0,01964	241,84312	-0,0586	243,00693	-0,09798	356	-0,00663
242,40503	-0,02214	242,44503	-0,05877	243,6088	-0,09259	356,5	-0,00583
243,00693	-0,02078	243,04693	-0,05632	244,21063	-0,09036	357	-0,00544
243,6088	-0,02269	243,6488	-0,05285	244,81244	-0,09113	357,5	-0,00441
244,21063	-0,01899	244,25063	-0,04947	245,41423	-0,0889	358	-0,00348
244,81244	-0,0156	244,85244	-0,04771	246,01599	-0,08924	358,5	-0,00297
245,41423	-0,01537	245,45423	-0,04747	246,61774	-0,0889	359	-0,00489
246,01599	-0,01593	246,05599	-0,04745	247,21944	-0,08735	359,5	-0,00445
246,61774	-0,0139	246,65774	-0,04714	247,82112	-0,08642	360	-0,00448
247,21944	-0,01419	247,25944	-0,04683	248,42279	-0,08686	360,5	-0,00528
247,82112	-0,01355	247,86112	-0,04745	249,02441	-0,08615	361	-0,00609
248,42279	-0,01379	248,46279	-0,04711	249,62602	-0,08688	361,5	-0,00602
249,02441	-0,01409	249,06441	-0,04751	250,2276	-0,08723	362	-0,00618
249,62602	-0,01461	249,66602	-0,04817	250,82916	-0,08658	362,5	-0,00621
250,2276	-0,01402	250,2676	-0,04809	251,43068	-0,08555	363	-0,00563
250,82916	-0,01442	250,86916	-0,04786	252,03218	-0,08547	363,5	-0,00602
251,43068	-0,0141	251,47068	-0,04736	252,63367	-0,08434	364	-0,00593
252,03218	-0,01426	252,07218	-0,04721	253,23511	-0,08395	364,5	-0,00554
252,63367	-0,01358	252,67367	-0,04676	253,83653	-0,08322	365	-0,00346
253,23511	-0,0136	253,27511	-0,04657	254,43793	-0,08291	365,5	-0,00529
253,83653	-0,01293	253,87653	-0,04647	255,03931	-0,08186	366	-0,00454
254,43793	-0,01313	254,47793	-0,04683	255,64064	-0,08138	366,5	-0,00563
255,03931	-0,01239	255,07931	-0,04641	256,24197	-0,08077	367	-0,00506
255,64064	-0,01225	255,68064	-0,0463	256,84326	-0,08041	367,5	-0,00563
256,24197	-0,01182	256,28197	-0,04606	257,44452	-0,0802	368	-0,00648
256,84326	-0,01198	256,88326	-0,04625	258,04575	-0,08002	368,5	-0,00584
257,44452	-0,01168	257,48452	-0,04625	258,64697	-0,07961	369	-0,00499
258,04575	-0,01229	258,08575	-0,04637	259,24814	-0,07944	369,5	-0,00453
258,64697	-0,012	258,68697	-0,04647	259,8493	-0,07888	370	-0,00409
259,24814	-0,01211	259,28814	-0,04653	260,45044	-0,07858	370,5	-0,00377
259,8493	-0,01196	259,8893	-0,04676	261,05154	-0,07798	371	-0,00306
260,45044	-0,01205	260,49044	-0,04693	261,65262	-0,07769	371,5	-0,00367
261,05154	-0,01178	261,09154	-0,04687	262,25369	-0,07736	372	-0,00404
261,65262	-0,01176	261,69262	-0,04683	262,85471	-0,077	372,5	-0,00444
262,25369	-0,01196	262,29369	-0,04683	263,45572	-0,07681	373	-0,00471
262,85471	-0,01205	262,89471	-0,04676	264,05667	-0,07693	373,5	-0,00381
263,45572	-0,01199	263,49572	-0,047	264,65762	-0,07664	374	-0,00325
264,05667	-0,01219	264,09667	-0,04732	265,25854	-0,07672	374,5	-0,00349
264,65762	-0,01207	264,69762	-0,0474	265,85944	-0,07666	375	-0,00383
265,25854	-0,01232	265,29854	-0,04768	266,46033	-0,07669	375,5	-0,00358
265,85944	-0,01245	265,89944	-0,04794	267,06116	-0,07608	376	-0,00288
266,46033	-0,01244	266,50033	-0,04814	267,66196	-0,07629	376,5	-0,00319
267,06116	-0,01226	267,10116	-0,04791	268,26276	-0,07597	377	-0,00282
267,66196	-0,01265	267,70196	-0,04831	268,86353	-0,07555	377,5	-0,00288
268,26276	-0,01246	268,30276	-0,04818	269,46423	-0,0752	378	-0,00351
268,86353	-0,01209	268,90353	-0,04799	270,06494	-0,07496	378,5	-0,00386
269,46423	-0,01171	269,50423	-0,04778	270,66565	-0,07455	379	-0,00515
270,06494	-0,01195	270,10494	-0,04776	271,2663	-0,07413	379,5	-0,00441
270,66565	-0,01162	270,70565	-0,04768	271,86691	-0,0738	380	-0,00444
271,2663	-0,01171	271,3063	-0,04781	272,46753	-0,0732	380,5	-0,00473
271,86691	-0,01171	271,90691	-0,0478	273,06808	-0,07274	381	-0,00393
272,46753	-0,01138	272,50753	-0,04745	273,66864	-0,07239	381,5	-0,005
273,06808	-0,01126	273,10808	-0,0473	274,26917	-0,07202	382	-0,00547
273,66864	-0,01135	273,70864	-0,0472	274,86966	-0,07157	382,5	-0,00563
274,26917	-0,01129	274,30917	-0,04724	275,47012	-0,07121	383	-0,00563
274,86966	-0,01137	274,90966	-0,04727	276,07056	-0,07087	383,5	-0,00651
275,47012	-0,01143	275,51012	-0,04758	276,67096	-0,0704	384	-0,00656
276,07056	-0,0115	276,11056	-0,04764	277,27136	-0,07024	384,5	-0,00702
276,67096	-0,01167	276,71096	-0,04784	277,8717	-0,06969	385	-0,0075
277,27136	-0,01178	277,31136	-0,04796	278,47205	-0,06908	385,5	-0,00807
277,8717	-0,01175	277,9117	-0,04808	279,07236	-0,06845	386	-0,0079
278,47205	-0,01177	278,51205	-0,048	279,67264	-0,06828	386,5	-0,00827
279,07236	-0,01178	279,11236	-0,04793	280,27289	-0,06783	387	-0,00885
279,67264	-0,01231	279,71264	-0,04841	280,87311	-0,06752	387,5	-0,0101
280,27289	-0,01249	280,31289	-0,04845	281,4733	-0,06706	388	-0,01033
280,87311	-0,01273	280,91311	-0,04878	282,07346	-0,06692	388,5	-0,01049
281,4733	-0,01297	281,5133	-0,04922	282,67361	-0,06638	389	-0,01129
282,07346	-0,01353	282,11346	-0,04977	283,27371	-0,06626	389,5	-0,01214
282,67361	-0,01356	282,71361	-0,04998	283,87381	-0,06575	390	-0,01318
283,27371	-0,014	283,31371	-0,0506	284,47388	-0,06555	390,5	-0,01384
283,87381	-0,01401	283,91381	-0,05075	285,07391	-0,06524	391	-0,0142
284,47388	-0,01448	284,51388	-0,05137	285,67392	-0,06531	391,5	-0,01535
285,07391	-0,01479	285,11391	-0,05184	286,2739	-0,0651	392	-0,01626
285,67392	-0,01545	285,71392	-0,05271	286,87384	-0,06488	392,5	-0,01689
286,2739	-0,01582	286,3139	-0,05329	287,47375	-0,06467	393	-0,01851
286,87384	-0,01626	286,91384	-0,05402	288,07367	-0,06457	393,5	-0,01866
287,47375	-0,01651	287,51375	-0,05474	288,67355	-0,06456	394	-0,01947
288,07367	-0,01695	288,11367	-0,05507	289,27338	-0,06463	394,5	-0,02055
288,67355	-0,01725	288,71355	-0,05573	289,8732	-0,06439	395	-0,02067
289,27338	-0,01773	289,31338	-0,05639	290,47299	-0,06447	395,5	-0,02111
289,8732	-0,01825	289,9132	-0,05714	291,07275	-0,06448	396	-0,02249
290,47299	-0,01879	290,51299	-0,05795	291,67249	-0,06471	396,5	-0,02231
291,07275	-0,01906	291,11275	-0,05867	292,27219	-0,06463	397	-0,02275
291,67249	-0,01965	291,71249	-0,05953	292,87186	-0,06462	397,5	-0,02429
292,27219	-0,01992	292,31219	-0,06009	293,47153	-0,06478	398	-0,02531
292,87186	-0,02028	292,91186	-0,06079	294,07114	-0,06506	398,5	-0,026
293,47153	-0,02096	293,51153	-0,0618	294,67075	-0,06519	399	-0,02609
294,07114	-0,02163	294,11114	-0,06262	295,27032	-0,06564	399,5	-0,02675
294,67075	-0,02231	294,71075	-0,06367	295,86987	-0,06588	400	-0,02751
295,27032	-0,02305	295,31032	-0,06495	296,46936	-0,06658	400,5	-0,02794
295,86987	-0,02323	295,90987	-0,06581	297,06885	-0,06714	401	-0,02856
296,46936	-0,0239	296,50936	-0,06701	297,66833	-0,06822	401,5	-0,02881
297,06885	-0,02455	297,10885	-0,06813	298,26776	-0,0685	402	-0,02971
297,66833	-0,02562	297,70833	-0,06959	298,86716	-0,06948	402,5	-0,03039
298,26776	-0,02602	298,30776	-0,07064	299,46652	-0,07041	403	-0,03082
298,86716	-0,02697	298,90716	-0,0722	300,06589	-0,07163	403,5	-0,0319
299,46652	-0,02764	299,50652	-0,07346	300,66522	-0,0726	404	-0,0316
300,06589	-0,02857	300,10589	-0,07471	301,2645	-0,07344	404,5	-0,03222
300,66522	-0,02922	300,70522	-0,07624	301,86377	-0,07436	405	-0,03328
301,2645	-0,0299	301,3045	-0,07748	302,46301	-0,07582	405,5	-0,03299
301,86377	-0,03054	301,90377	-0,07871	303,06223	-0,07685	406	-0,0346
302,46301	-0,03154	302,50301	-0,08026	303,66141	-0,0783	406,5	-0,03489
303,06223	-0,03224	303,10223	-0,08146	304,26056	-0,0794	407	-0,03511
303,66141	-0,0333	303,70141	-0,0831	304,85968	-0,08118	407,5	-0,0355
304,26056	-0,03383	304,30056	-0,08451	305,4588	-0,08248	408	-0,03611
304,85968	-0,03486	304,89968	-0,08626	306,05786	-0,08391	408,5	-0,03654
305,4588	-0,03553	305,4988	-0,08761	306,65692	-0,08535	409	-0,03737
306,05786	-0,03603	306,09786	-0,08889	307,25592	-0,0869	409,5	-0,03843
306,65692	-0,03671	306,69692	-0,09039	307,85492	-0,08852	410	-0,03831
307,25592	-0,03758	307,29592	-0,09163	308,45389	-0,09028	410,5	-0,03927
307,85492	-0,03821	307,89492	-0,09302	309,05283	-0,09178	411	-0,03877
308,45389	-0,03943	308,49389	-0,09443	309,65173	-0,09341	411,5	-0,03918
309,05283	-0,04013	309,09283	-0,09557	310,25061	-0,095	412	-0,03978
309,65173	-0,04077	309,69173	-0,09682	310,84946	-0,09706	412,5	-0,04065
310,25061	-0,04125	310,29061	-0,09785	311,44827	-0,09873	413	-0,0417
310,84946	-0,04206	310,88946	-0,09907	312,04709	-0,10054	413,5	-0,04173
311,44827	-0,04266	311,48827	-0,10018	312,64584	-0,10192	414	-0,04188
312,04709	-0,04348	312,08709	-0,10145	313,2446	-0,10363	414,5	-0,04188
312,64584	-0,04376	312,68584	-0,10233	313,84329	-0,10534	415	-0,0435
313,2446	-0,04434	313,2846	-0,10331	314,44199	-0,10702	415,5	-0,04315
313,84329	-0,04496	313,88329	-0,10455	315,04065	-0,10836	416	-0,04443
314,44199	-0,04548	314,48199	-0,10563	315,63925	-0,11024	416,5	-0,04358
315,04065	-0,04573	315,08065	-0,10649	316,23785	-0,11188	417	-0,04361
315,63925	-0,04639	315,67925	-0,10753	316,83643	-0,11361	417,5	-0,04409
316,23785	-0,04658	316,27785	-0,10844	317,43497	-0,11508	418	-0,04519
316,83643	-0,04724	316,87643	-0,10913	318,03351	-0,11688	418,5	-0,04547
317,43497	-0,04741	317,47497	-0,10966	318,63199	-0,11832	419	-0,04554
318,03351	-0,04796	318,07351	-0,11066	319,23044	-0,12001	419,5	-0,04557
318,63199	-0,04804	318,67199	-0,11103	319,82889	-0,12175	420	-0,04631
319,23044	-0,0483	319,27044	-0,11157	320,42728	-0,12343	420,5	-0,04673
319,82889	-0,04854	319,86889	-0,11225	321,02567	-0,12472	421	-0,0467
320,42728	-0,04879	320,46728	-0,11265	321,62399	-0,12656	421,5	-0,04779
321,02567	-0,04888	321,06567	-0,11301	322,22232	-0,12787	422	-0,04789
321,62399	-0,04915	321,66399	-0,11356	322,82062	-0,1293	422,5	-0,04852
322,22232	-0,04879	322,26232	-0,11354	323,41888	-0,1305	423	-0,0487
322,82062	-0,04874	322,86062	-0,11396	324,01712	-0,1318	423,5	-0,04924
323,41888	-0,04854	323,45888	-0,11411	324,61533	-0,13284	424	-0,04861
324,01712	-0,04826	324,05712	-0,11382	325,2135	-0,13421	424,5	-0,04944
324,61533	-0,04787	324,65533	-0,11367	325,81165	-0,13533	425	-0,0498
325,2135	-0,04775	325,2535	-0,11368	326,40976	-0,13657	425,5	-0,05015
325,81165	-0,04714	325,85165	-0,11322	327,00784	-0,13767	426	-0,05018
326,40976	-0,04692	326,44976	-0,11271	327,60593	-0,13888	426,5	-0,04986
327,00784	-0,04637	327,04784	-0,11197	328,20395	-0,13984	427	-0,05003
327,60593	-0,04573	327,64593	-0,11144	328,80197	-0,14073	427,5	-0,04983
328,20395	-0,04483	328,24395	-0,11092	329,39993	-0,1418	428	-0,04951
328,80197	-0,04432	328,84197	-0,11011	329,99789	-0,14264	428,5	-0,0498
329,39993	-0,04357	329,43993	-0,10951	330,59583	-0,14317	429	-0,04995
329,99789	-0,0429	330,03789	-0,1086	331,19373	-0,14398	429,5	-0,04928
330,59583	-0,04187	330,63583	-0,10714	331,79156	-0,14432	430	-0,04915
331,19373	-0,04148	331,23373	-0,10626	332,3894	-0,14453	430,5	-0,04881
331,79156	-0,04048	331,83156	-0,10488	332,98721	-0,1446	431	-0,04857
332,3894	-0,03926	332,4294	-0,10316	333,58499	-0,14488	431,5	-0,04823
332,98721	-0,038	333,02721	-0,10138	334,18277	-0,14487	432	-0,04838
333,58499	-0,03677	333,62499	-0,09967	334,78049	-0,14497	432,5	-0,04789
334,18277	-0,03577	334,22277	-0,09797	335,37817	-0,1445	433	-0,04733
334,78049	-0,0349	334,82049	-0,09643	335,97583	-0,14399	433,5	-0,04657
335,37817	-0,03364	335,41817	-0,09426	336,57349	-0,14363	434	-0,04638
335,97583	-0,03242	336,01583	-0,09205	337,17108	-0,14323	434,5	-0,04536
336,57349	-0,0313	336,61349	-0,09027	337,76868	-0,14237	435	-0,04519
337,17108	-0,03034	337,21108	-0,08816	338,36621	-0,14185	435,5	-0,04461
337,76868	-0,02914	337,80868	-0,086	338,96375	-0,14076	436	-0,04414
338,36621	-0,02824	338,40621	-0,08419	339,56125	-0,13963	436,5	-0,04335
338,96375	-0,02686	339,00375	-0,0819	340,15869	-0,13845	437	-0,04269
339,56125	-0,02552	339,60125	-0,07979	340,75613	-0,13731	437,5	-0,0421
340,15869	-0,02456	340,19869	-0,07766	341,35355	-0,13622	438	-0,04124
340,75613	-0,02345	340,79613	-0,07537	341,95093	-0,13467	438,5	-0,04142
341,35355	-0,02242	341,39355	-0,07336	342,54828	-0,133	439	-0,04019
341,95093	-0,02147	341,99093	-0,07111	343,1456	-0,13156	439,5	-0,03967
342,54828	-0,02034	342,58828	-0,06888	343,74289	-0,12998	440	-0,0384
343,1456	-0,01929	343,1856	-0,06711	344,34015	-0,12863	440,5	-0,03773
343,74289	-0,01824	343,78289	-0,06542	344,93741	-0,12702	441	-0,03732
344,34015	-0,01752	344,38015	-0,0635	345,53461	-0,12563	441,5	-0,03633
344,93741	-0,01641	344,97741	-0,06181	346,13177	-0,12386	442	-0,03587
345,53461	-0,0159	345,57461	-0,06031	346,72894	-0,12239	442,5	-0,0354
346,13177	-0,01496	346,17177	-0,05861	347,32605	-0,12053	443	-0,03477
346,72894	-0,01418	346,76894	-0,05707	347,92316	-0,11931	443,5	-0,03396
347,32605	-0,01355	347,36605	-0,05555	348,5202	-0,11779	444	-0,03355
347,92316	-0,01307	347,96316	-0,05435	349,11725	-0,11608	444,5	-0,03219
348,5202	-0,01257	348,5602	-0,05296	349,71423	-0,11451	445	-0,03218
349,11725	-0,012	349,15725	-0,05165	350,31122	-0,11328	445,5	-0,03061
349,71423	-0,01119	349,75423	-0,05053	350,90817	-0,1116	446	-0,03016
350,31122	-0,01043	350,35122	-0,04957	351,5051	-0,11052	446,5	-0,03
350,90817	-0,00994	350,94817	-0,04852	352,10199	-0,10901	447	-0,02917
351,5051	-0,00955	351,5451	-0,04776	352,69882	-0,1077	447,5	-0,02867
352,10199	-0,00896	352,14199	-0,0467	353,29565	-0,10639	448	-0,02806
352,69882	-0,0085	352,73882	-0,04578	353,89246	-0,10485	448,5	-0,02681
353,29565	-0,00816	353,33565	-0,04507	354,48926	-0,10323	449	-0,02586
353,89246	-0,00785	353,93246	-0,04418	355,086	-0,1023	449,5	-0,02548
354,48926	-0,00701	354,52926	-0,04338	355,68271	-0,10097	450	-0,02481
355,086	-0,00663	355,126	-0,04297	356,27939	-0,09966	450,5	-0,02379
355,68271	-0,00632	355,72271	-0,04221	356,87604	-0,09841	451	-0,02333
356,27939	-0,00594	356,31939	-0,04127	357,47266	-0,09718	451,5	-0,02256
356,87604	-0,00539	356,91604	-0,04058	358,06927	-0,09588	452	-0,02192
357,47266	-0,00522	357,51266	-0,0401	358,66583	-0,09495	452,5	-0,02067
358,06927	-0,00469	358,10927	-0,03972	359,26239	-0,09363	453	-0,02014
358,66583	-0,00461	358,70583	-0,03946	359,85889	-0,09276	453,5	-0,01986
359,26239	-0,00413	359,30239	-0,03884	360,45535	-0,09137	454	-0,01906
359,85889	-0,00399	359,89889	-0,0383	361,05182	-0,09039	454,5	-0,01834
360,45535	-0,00368	360,49535	-0,03771	361,64825	-0,08925	455	-0,01754
361,05182	-0,00348	361,09182	-0,03731	362,24463	-0,0884	455,5	-0,01658
361,64825	-0,00317	361,68825	-0,03682	362,841	-0,08729	456	-0,01582
362,24463	-0,00297	362,28463	-0,03639	363,43735	-0,0864	456,5	-0,01538
362,841	-0,00276	362,881	-0,03581	364,03363	-0,08519	457	-0,0146
363,43735	-0,0024	363,47735	-0,03519	364,62991	-0,0844	457,5	-0,01408
364,03363	-0,00203	364,07363	-0,03458	365,22617	-0,0832	458	-0,01388
364,62991	-0,0022	364,66991	-0,03418	365,82239	-0,08211	458,5	-0,01265
365,22617	-0,0017	365,26617	-0,03349	366,41858	-0,08103	459	-0,01201
365,82239	-0,00145	365,86239	-0,03296	367,01471	-0,08038	459,5	-0,01155
366,41858	-0,00102	366,45858	-0,03241	367,61084	-0,07914	460	-0,01077
367,01471	-0,00124	367,05471	-0,03219	368,20694	-0,07854	460,5	-0,01024
367,61084	-0,0012	367,65084	-0,03138	368,80301	-0,07754	461	-0,00998
368,20694	-0,00138	368,24694	-0,03114	369,39905	-0,07655	461,5	-0,00903
368,80301	-0,00131	368,84301	-0,03047	369,99506	-0,07543	462	-0,00898
369,39905	-0,00131	369,43905	-0,03005	370,59106	-0,07422	462,5	-0,0088
369,99506	-0,00159	370,03506	-0,02943	371,18701	-0,07303	463	-0,00894
370,59106	-0,00166	370,63106	-0,02869	371,78293	-0,07186	463,5	-0,00786
371,18701	-0,00143	371,22701	-0,02791	372,37881	-0,07047	464	-0,00746
371,78293	-0,00152	371,82293	-0,02715	372,97467	-0,06941	464,5	-0,00718
372,37881	-0,00104	372,41881	-0,02656	373,57053	-0,06833	465	-0,00677
372,97467	-0,00103	373,01467	-0,02588	374,16632	-0,06727	465,5	-0,00633
373,57053	-8,55523E-4	373,61053	-0,02548	374,76208	-0,06592	466	-0,00615
374,16632	-0,0011	374,20632	-0,02485	375,35785	-0,06407	466,5	-0,00599
374,76208	-0,00102	374,80208	-0,02427	375,95355	-0,0625	467	-0,00547
375,35785	-9,68567E-4	375,39785	-0,02303	376,54922	-0,06122	467,5	-0,00543
375,95355	-9,19559E-4	375,99355	-0,02257	377,1449	-0,05984	468	-0,00436
376,54922	-8,92305E-4	376,58922	-0,02186	377,74051	-0,05871	468,5	-0,00422
377,1449	-8,82924E-4	377,1849	-0,0214	378,33612	-0,05722	469	-0,00384
377,74051	-0,00127	377,78051	-0,02109	378,93167	-0,0561	469,5	-0,00345
378,33612	-0,00126	378,37612	-0,02054	379,52722	-0,05454	470	-0,00348
378,93167	-0,00145	378,97167	-0,02	380,12271	-0,05336	470,5	-0,00283
379,52722	-0,00151	379,56722	-0,01934	380,7182	-0,05161	471	-0,00256
380,12271	-0,00188	380,16271	-0,01898	381,31366	-0,05049	471,5	-0,00177
380,7182	-0,00162	380,7582	-0,01838	381,90906	-0,04942	472	-0,00108
381,31366	-0,00166	381,35366	-0,01809	382,50446	-0,04853	472,5	-0,00123
381,90906	-0,0018	381,94906	-0,0176	383,09979	-0,04725	473	-0,00131
382,50446	-0,00175	382,54446	-0,01728	383,69513	-0,04601	473,5	-8,66322E-4
383,09979	-0,00163	383,13979	-0,01701	384,29044	-0,04473	474	-7,13322E-4
383,69513	-0,00175	383,73513	-0,01687	384,88571	-0,04394	474,5	-5,76322E-4
384,29044	-0,00155	384,33044	-0,01681	385,48093	-0,0428	475	-1,79322E-4
384,88571	-0,002	384,92571	-0,01687	386,07614	-0,04184	475,5	-6,83322E-4
385,48093	-0,00186	385,52093	-0,01682	386,67133	-0,04086	476	9,46785E-5
386,07614	-0,00211	386,11614	-0,01671	387,26648	-0,04006	476,5	2,77678E-4
386,67133	-0,00214	386,71133	-0,01689	387,86157	-0,03965	477	3,84678E-4
387,26648	-0,00251	387,30648	-0,01689	388,45667	-0,03907	477,5	2,62678E-4
387,86157	-0,00273	387,90157	-0,01746	389,05173	-0,03817	478	7,66678E-4
388,45667	-0,0029	388,49667	-0,01749	389,64676	-0,03775	478,5	7,66678E-4
389,05173	-0,00326	389,09173	-0,01751	390,24176	-0,03708	479	0,00101
389,64676	-0,0035	389,68676	-0,01771	390,83673	-0,03692	479,5	0,00119
390,24176	-0,00359	390,28176	-0,0176	391,43167	-0,03665	480	0,00171
390,83673	-0,00403	390,87673	-0,01774	392,02658	-0,03664	480,5	0,00176
391,43167	-0,00456	391,47167	-0,01842	392,62143	-0,03638	481	0,00219
392,02658	-0,00493	392,06658	-0,01875	393,21628	-0,03642	481,5	0,00255
392,62143	-0,0052	392,66143	-0,01943	393,8111	-0,0361	482	0,00231
393,21628	-0,00564	393,25628	-0,01989	394,40588	-0,03595	482,5	0,0018
393,8111	-0,00574	393,8511	-0,02052	395,00064	-0,03593	483	0,002
394,40588	-0,00614	394,44588	-0,02117	395,59537	-0,03653	483,5	0,00199
395,00064	-0,00637	395,04064	-0,02182	396,19006	-0,03709	484	0,00255
395,59537	-0,00706	395,63537	-0,02241	396,78473	-0,03777	484,5	0,00258
396,19006	-0,00766	396,23006	-0,02324	397,37936	-0,03815	485	0,00293
396,78473	-0,00861	396,82473	-0,02426	397,97397	-0,03884	485,5	0,0031
397,37936	-0,009	397,41936	-0,02473	398,56854	-0,0393	486	0,00339
397,97397	-0,00991	398,01397	-0,02546	399,16309	-0,04021	486,5	0,00321
398,56854	-0,01035	398,60854	-0,02616	399,7576	-0,04103	487	0,00336
399,16309	-0,01104	399,20309	-0,02683	400,35208	-0,04226	487,5	0,00333
399,7576	-0,01135	399,7976	-0,02755	400,94653	-0,04314	488	0,0031
400,35208	-0,01228	400,39208	-0,02889	401,54095	-0,04464	488,5	0,00353
400,94653	-0,01327	400,98653	-0,02988	402,13535	-0,04565	489	0,00406
401,54095	-0,01399	401,58095	-0,0312	402,72971	-0,04689	489,5	0,00423
402,13535	-0,0145	402,17535	-0,03224	403,32404	-0,04757	490	0,00432
402,72971	-0,01516	402,76971	-0,03337	403,91837	-0,04881	490,5	0,00417
403,32404	-0,01535	403,36404	-0,03402	404,51263	-0,04976	491	0,0044
403,91837	-0,01581	403,95837	-0,03478	405,10687	-0,05099	491,5	0,00452
404,51263	-0,01618	404,55263	-0,03568	405,70108	-0,05219	492	0,00449
405,10687	-0,01621	405,14687	-0,03619	406,29526	-0,05366	492,5	0,00473
405,70108	-0,01664	405,74108	-0,03692	406,8894	-0,05508	493	0,00505
406,29526	-0,01723	406,33526	-0,03762	407,48352	-0,05641	493,5	0,00467
406,8894	-0,01751	406,9294	-0,03872	408,07761	-0,05755	494	0,00476
407,48352	-0,01799	407,52352	-0,0395	408,67166	-0,0588	494,5	0,00504
408,07761	-0,01823	408,11761	-0,04033	409,26569	-0,06028	495	0,00495
408,67166	-0,01884	408,71166	-0,04105	409,85968	-0,0618	495,5	0,00522
409,26569	-0,01905	409,30569	-0,04193	410,45364	-0,06322	496	0,00563
409,85968	-0,01963	409,89968	-0,043	411,04758	-0,0648	496,5	0,00542
410,45364	-0,01971	410,49364	-0,04397	411,64148	-0,06607	497	0,0062
411,04758	-0,02035	411,08758	-0,04498	412,23535	-0,06751	497,5	0,00608
411,64148	-0,02053	411,68148	-0,04589	412,82919	-0,06879	498	0,00612
412,23535	-0,02119	412,27535	-0,04678	413,423	-0,07078	498,5	0,00623
412,82919	-0,02149	412,86919	-0,04718	414,01678	-0,07209	499	0,00597
413,423	-0,02206	413,463	-0,04827	414,61053	-0,07387	499,5	0,00614
414,01678	-0,02235	414,05678	-0,04884	415,20425	-0,07543	500	0,00608
414,61053	-0,02294	414,65053	-0,0498	415,79794	-0,07772	500,5	0,00653
415,20425	-0,02323	415,24425	-0,05091	416,3916	-0,07922	501	0,00644
415,79794	-0,02408	415,83794	-0,05241	416,98523	-0,08153	501,5	0,00658
416,3916	-0,0242	416,4316	-0,05327	417,57883	-0,08353	502	0,00679
416,98523	-0,02487	417,02523	-0,05474	418,17239	-0,08587	502,5	0,00685
417,57883	-0,02559	417,61883	-0,05593	418,76593	-0,08797	503	0,00681
418,17239	-0,02635	418,21239	-0,05721	419,35941	-0,08978	503,5	0,00687
418,76593	-0,02701	418,80593	-0,05854	419,95288	-0,09182	504	0,00678
419,35941	-0,02785	419,39941	-0,05959	420,54633	-0,09393	504,5	0,0067
419,95288	-0,02812	419,99288	-0,06064	421,13974	-0,09624	505	0,00701
420,54633	-0,02873	420,58633	-0,06161	421,73312	-0,09849	505,5	0,00676
421,13974	-0,02901	421,17974	-0,06252	422,32648	-0,10071	506	0,00724
421,73312	-0,02934	421,77312	-0,06332	422,9198	-0,10319	506,5	0,00722
422,32648	-0,02946	422,36648	-0,06429	423,51306	-0,10565	507	0,00701
422,9198	-0,03007	422,9598	-0,06536	424,10632	-0,1082	507,5	0,00693
423,51306	-0,03034	423,55306	-0,06653	424,69955	-0,11066	508	0,00713
424,10632	-0,03089	424,14632	-0,06779	425,29276	-0,11311	508,5	0,00702
424,69955	-0,03098	424,73955	-0,06889	425,88589	-0,11514	509	0,00696
425,29276	-0,03137	425,33276	-0,06997	426,47903	-0,1176	509,5	0,00743
425,88589	-0,03133	425,92589	-0,07096	427,07214	-0,1201	510	0,00713
426,47903	-0,03157	426,51903	-0,07213	427,66519	-0,1225	510,5	0,0071
427,07214	-0,03169	427,11214	-0,07314	428,25824	-0,12452	511	0,00711
427,66519	-0,03215	427,70519	-0,07403	428,85126	-0,12701	511,5	0,00681
428,25824	-0,03202	428,29824	-0,0747	429,44421	-0,1292	512	0,00666
428,85126	-0,03233	428,89126	-0,07573	430,03717	-0,13147	512,5	0,00644
429,44421	-0,03241	429,48421	-0,0763	430,63007	-0,13364	513	0,00656
430,03717	-0,0327	430,07717	-0,07718	431,22296	-0,13585	513,5	0,00629
430,63007	-0,03249	430,67007	-0,07802	431,8158	-0,13806	514	0,00553
431,22296	-0,03266	431,26296	-0,07858	432,40863	-0,14012	514,5	0,00521
431,8158	-0,03251	431,8558	-0,07911	433,0014	-0,14221	515	0,00489
432,40863	-0,03273	432,44863	-0,07972	433,59418	-0,14424	515,5	0,00446
433,0014	-0,03274	433,0414	-0,08041	434,18689	-0,14574	516	0,00423
433,59418	-0,03274	433,63418	-0,08096	434,77957	-0,1475	516,5	0,00405
434,18689	-0,03265	434,22689	-0,08126	435,37225	-0,14883	517	0,00417
434,77957	-0,03286	434,81957	-0,08182	435,96487	-0,15008	517,5	0,00347
435,37225	-0,03264	435,41225	-0,08201	436,55746	-0,1514	518	0,00298
435,96487	-0,0324	436,00487	-0,08203	437,15005	-0,15268	518,5	0,00258
436,55746	-0,03197	436,59746	-0,08208	437,74258	-0,15409	519	0,0024
437,15005	-0,03202	437,19005	-0,08225	438,33508	-0,15541	519,5	0,0019
437,74258	-0,0319	437,78258	-0,0825	438,92755	-0,15665	520	0,00188
438,33508	-0,0317	438,37508	-0,08223	439,51999	-0,15781	520,5	8,72678E-4
438,92755	-0,03147	438,96755	-0,08236	440,1124	-0,15918	521	9,18678E-4
439,51999	-0,03158	439,55999	-0,08243	440,70477	-0,16047	521,5	1,86678E-4
440,1124	-0,03114	440,1524	-0,08239	441,29712	-0,16135	522	-2,40322E-4
440,70477	-0,03124	440,74477	-0,08244	441,88943	-0,16212	522,5	-4,54322E-4
441,29712	-0,03093	441,33712	-0,08204	442,48172	-0,16271	523	-0,00102
441,88943	-0,0304	441,92943	-0,08175	443,07397	-0,16333	523,5	-0,00132
442,48172	-0,02999	442,52172	-0,08155	443,6662	-0,16426	524	-0,00177
443,07397	-0,02976	443,11397	-0,08127	444,25839	-0,16485	524,5	-0,00204
443,6662	-0,02931	443,7062	-0,0813	444,85056	-0,16548	525	-0,00241
444,25839	-0,02884	444,29839	-0,08096	445,44269	-0,16618	525,5	-0,00293
444,85056	-0,02857	444,89056	-0,08095	446,03476	-0,16632	526	-0,00378
445,44269	-0,0283	445,48269	-0,08085	446,62683	-0,167	526,5	-0,00427
446,03476	-0,02778	446,07476	-0,08041	447,21887	-0,16758	527	-0,00421
446,62683	-0,02775	446,66683	-0,08011	447,81085	-0,16807	527,5	-0,00447
447,21887	-0,02753	447,25887	-0,07991	448,40283	-0,16847	528	-0,0045
447,81085	-0,02705	447,85085	-0,07986	448,99478	-0,16906	528,5	-0,0043
448,40283	-0,02671	448,44283	-0,07952	449,58667	-0,16922	529	-0,00485
448,99478	-0,02648	449,03478	-0,07929	450,17856	-0,16927	529,5	-0,00511
449,58667	-0,02612	449,62667	-0,079	450,77039	-0,16923	530	-0,00538
450,17856	-0,02548	450,21856	-0,07853	451,36218	-0,16962	530,5	-0,00543
450,77039	-0,02494	450,81039	-0,07836	451,95398	-0,16966	531	-0,00534
451,36218	-0,02481	451,40218	-0,07804	452,54572	-0,16939	531,5	-0,00515
451,95398	-0,02428	451,99398	-0,07774	453,13742	-0,16934	532	-0,00537
452,54572	-0,02374	452,58572	-0,07721	453,72913	-0,16898	532,5	-0,00546
453,13742	-0,02338	453,17742	-0,07698	454,32077	-0,1688	533	-0,00529
453,72913	-0,02288	453,76913	-0,07674	454,91238	-0,16887	533,5	-0,0052
454,32077	-0,02248	454,36077	-0,07614	455,50397	-0,16854	534	-0,00474
454,91238	-0,02228	454,95238	-0,07565	456,09552	-0,16812	534,5	-0,00427
455,50397	-0,02172	455,54397	-0,07501	456,68704	-0,16756	535	-0,00493
456,09552	-0,02144	456,13552	-0,07426	457,27853	-0,16711	535,5	-0,00447
456,68704	-0,0211	456,72704	-0,07376	457,87	-0,16626	536	-0,0043
457,27853	-0,02055	457,31853	-0,07291	458,46143	-0,16581	536,5	-0,00432
457,87	-0,01988	457,91	-0,07199	459,0528	-0,16497	537	-0,00438
458,46143	-0,01936	458,50143	-0,0715	459,64417	-0,16424	537,5	-0,00396
459,0528	-0,01854	459,0928	-0,0709	460,2355	-0,16359	538	-0,00338
459,64417	-0,01785	459,68417	-0,0701	460,82678	-0,16321	538,5	-0,00346
460,2355	-0,01744	460,2755	-0,06942	461,41806	-0,16236	539	-0,00288
460,82678	-0,01738	460,86678	-0,06906	462,00928	-0,16165	539,5	-0,00274
461,41806	-0,01692	461,45806	-0,06848	462,60049	-0,16083	540	-0,00264
462,00928	-0,01629	462,04928	-0,06761	463,19165	-0,16036	540,5	-0,00221
462,60049	-0,01593	462,64049	-0,06702	463,78281	-0,15924	541	-0,00206
463,19165	-0,01556	463,23165	-0,06632	464,3739	-0,15825	541,5	-0,00221
463,78281	-0,01482	463,82281	-0,06533	464,96497	-0,15741	542	-0,0023
464,3739	-0,01412	464,4139	-0,06448	465,55603	-0,15644	542,5	-0,00232
464,96497	-0,01383	465,00497	-0,06368	466,14703	-0,15575	543	-0,00187
465,55603	-0,01316	465,59603	-0,06267	466,73801	-0,15491	543,5	-0,00129
466,14703	-0,0128	466,18703	-0,06199	467,32895	-0,15374	544	-0,00114
466,73801	-0,01259	466,77801	-0,06147	467,91986	-0,15289	544,5	-0,00131
467,32895	-0,01165	467,36895	-0,06071	468,51074	-0,15194	545	-9,27322E-4
467,91986	-0,01164	467,95986	-0,06026	469,10159	-0,15144	545,5	-7,74322E-4
468,51074	-0,01099	468,55074	-0,05958	469,69238	-0,1507	546	-6,98322E-4
469,10159	-0,01066	469,14159	-0,05929	470,28317	-0,15023	546,5	-7,13322E-4
469,69238	-0,01028	469,73238	-0,05881	470,87393	-0,14935	547	-4,85322E-4
470,28317	-0,01	470,32317	-0,05838	471,46463	-0,1488	547,5	-6,83322E-4
470,87393	-0,00983	470,91393	-0,05785	472,05533	-0,14792	548	-4,54322E-4
471,46463	-0,00986	471,50463	-0,05744	472,64597	-0,14706	548,5	-4,54322E-4
472,05533	-0,00927	472,09533	-0,05669	473,2366	-0,14626	549	-4,39322E-4
472,64597	-0,00911	472,68597	-0,05596	473,82718	-0,14561	549,5	-2,40322E-4
473,2366	-0,00856	473,2766	-0,05522	474,41776	-0,14474	550	1,25678E-4
473,82718	-0,00833	473,86718	-0,05444	475,00827	-0,14415	550,5	2,32678E-4
474,41776	-0,00797	474,45776	-0,05399	475,59875	-0,14345	551	-5,73215E-5
475,00827	-0,00773	475,04827	-0,05355	476,18921	-0,14272	551,5	-2,25322E-4
475,59875	-0,00739	475,63875	-0,05299	476,77963	-0,14186	552	-3,01322E-4
476,18921	-0,00738	476,22921	-0,05292	477,37003	-0,14131	552,5	-2,40322E-4
476,77963	-0,00723	476,81963	-0,05231	477,96039	-0,14061	553	-4,54322E-4
477,37003	-0,00687	477,41003	-0,05201	478,55072	-0,14001	553,5	-4,85322E-4
477,96039	-0,00666	478,00039	-0,05159	479,14102	-0,13944	554	-6,37322E-4
478,55072	-0,00659	478,59072	-0,05109	479,73126	-0,13892	554,5	-4,54322E-4
479,14102	-0,00652	479,18102	-0,0508	480,3215	-0,13814	555	-7,59322E-4
479,73126	-0,00663	479,77126	-0,05051	480,91168	-0,13745	555,5	-9,73322E-4
480,3215	-0,00625	480,3615	-0,04999	481,50186	-0,13695	556	-9,73322E-4
480,91168	-0,00617	480,95168	-0,0497	482,09198	-0,13656	556,5	-0,00132
481,50186	-0,0062	481,54186	-0,04933	482,6821	-0,136	557	-0,00139
482,09198	-0,00649	482,13198	-0,04908	483,27216	-0,13554	557,5	-0,00164
482,6821	-0,00625	482,7221	-0,04867	483,86218	-0,13478	558	-0,00158
483,27216	-0,00609	483,31216	-0,04831	484,45218	-0,13422	558,5	-0,00198
483,86218	-0,00566	483,90218	-0,0479	485,04214	-0,13377	559	-0,00221
484,45218	-0,00576	484,49218	-0,04767	485,63208	-0,13338	559,5	-0,00224
485,04214	-0,00562	485,08214	-0,04747	486,22198	-0,13263	560	-0,00222
485,63208	-0,00557	485,67208	-0,04741	486,81186	-0,13212	560,5	-0,00235
486,22198	-0,00522	486,26198	-0,04721	487,4017	-0,13175	561	-0,00244
486,81186	-0,00521	486,85186	-0,04713	487,99152	-0,13117	561,5	-0,00264
487,4017	-0,00512	487,4417	-0,04696	488,58127	-0,13047	562	-0,00267
487,99152	-0,00534	488,03152	-0,0468	489,17102	-0,12992	562,5	-0,00282
488,58127	-0,00503	488,62127	-0,04638	489,76071	-0,12935	563	-0,00319
489,17102	-0,00496	489,21102	-0,04625	490,3504	-0,12878	563,5	-0,00328
489,76071	-0,00488	489,80071	-0,04588	490,94003	-0,12813	564	-0,00296
490,3504	-0,00484	490,3904	-0,04572	491,52963	-0,12754	564,5	-0,00296
490,94003	-0,00468	490,98003	-0,04553	492,1192	-0,12704	565	-0,003
491,52963	-0,00434	491,56963	-0,04512	492,70874	-0,12671	565,5	-0,00277
492,1192	-0,00403	492,1592	-0,0449	493,29825	-0,12602	566	-0,00267
492,70874	-0,00404	492,74874	-0,04481	493,88773	-0,12512	566,5	-0,00261
493,29825	-0,00374	493,33825	-0,04447	494,47717	-0,12421	567	-0,00305
493,88773	-0,00336	493,92773	-0,04391	495,06659	-0,12349	567,5	-0,00285
494,47717	-0,00285	494,51717	-0,04356	495,65594	-0,12253	568	-0,00312
495,06659	-0,00275	495,10659	-0,04328	496,2453	-0,12185	568,5	-0,00291
495,65594	-0,00231	495,69594	-0,04285	496,83459	-0,12118	569	-0,00274
496,2453	-0,00206	496,2853	-0,04248	497,42389	-0,12069	569,5	-0,00279
496,83459	-0,00181	496,87459	-0,04208	498,01312	-0,11982	570	-0,00302
497,42389	-0,00175	497,46389	-0,04196	498,60233	-0,11919	570,5	-0,00319
498,01312	-0,00157	498,05312	-0,04169	499,1915	-0,1185	571	-0,00291
498,60233	-0,00148	498,64233	-0,0414	499,78064	-0,11771	571,5	-0,00285
499,1915	-0,00136	499,2315	-0,04093	500,36975	-0,11691	572	-0,00311
499,78064	-0,00125	499,82064	-0,04053	500,95883	-0,1163	572,5	-0,00312
500,36975	-8,67983E-4	500,40975	-0,04016	501,54788	-0,11547	573	-0,00312
500,95883	-7,87945E-4	500,99883	-0,03993	502,1369	-0,11477	573,5	-0,00314
501,54788	-5,46468E-4	501,58788	-0,03954	502,72586	-0,11395	574	-0,00328
502,1369	-5,79162E-4	502,1769	-0,03943	503,31482	-0,11311	574,5	-0,00341
502,72586	-5,11205E-4	502,76586	-0,03895	503,90372	-0,1123	575	-0,00357
503,31482	-2,93435E-4	503,35482	-0,03859	504,49258	-0,11118	575,5	-0,00351
503,90372	-1,13751E-4	503,94372	-0,03834	505,08145	-0,1101	576	-0,00378
504,49258	1,72854E-5	504,53258	-0,03781	505,67026	-0,10943	576,5	-0,00367
505,08145	3,9207E-4	505,12145	-0,0372	506,25903	-0,1085	577	-0,00383
505,67026	3,62347E-4	505,71026	-0,03694	506,84778	-0,10759	577,5	-0,00387
506,25903	4,89381E-4	506,29903	-0,03674	507,43649	-0,1067	578	-0,00396
506,84778	4,98514E-4	506,88778	-0,0364	508,02515	-0,10596	578,5	-0,00406
507,43649	6,4579E-4	507,47649	-0,03608	508,6138	-0,10515	579	-0,0041
508,02515	4,5998E-4	508,06515	-0,0358	509,20242	-0,10429	579,5	-0,0045
508,6138	4,52788E-4	508,6538	-0,0356	509,79099	-0,10307	580	-0,00457
509,20242	4,99001E-4	509,24242	-0,03522	510,37952	-0,10218	580,5	-0,00476
509,79099	8,08531E-4	509,83099	-0,03477	510,96805	-0,10115	581	-0,00467
510,37952	9,0501E-4	510,41952	-0,03434	511,55652	-0,10009	581,5	-0,00509
510,96805	0,00107	511,00805	-0,03392	512,14496	-0,09902	582	-0,00506
511,55652	0,0013	511,59652	-0,03361	512,73334	-0,09814	582,5	-0,00482
512,14496	0,00156	512,18496	-0,03333	513,32172	-0,09733	583	-0,00493
512,73334	0,00169	512,77334	-0,03303	513,9101	-0,0969	583,5	-0,00502
513,32172	0,00188	513,36172	-0,03273	514,49841	-0,0962	584	-0,00528
513,9101	0,00158	513,9501	-0,03283	515,08667	-0,09541	584,5	-0,00518
514,49841	0,00165	514,53841	-0,03272	515,67493	-0,09515	585	-0,00558
515,08667	0,00164	515,12667	-0,03273	516,26312	-0,0947	585,5	-0,00587
515,67493	0,00143	515,71493	-0,03286	516,85126	-0,09449	586	-0,00583
516,26312	0,00132	516,30312	-0,03295	517,43939	-0,09434	586,5	-0,00552
516,85126	0,00116	516,89126	-0,03311	518,02753	-0,0939	587	-0,00598
517,43939	8,28652E-4	517,47939	-0,03343	518,6156	-0,09384	587,5	-0,00601
518,02753	7,28135E-4	518,06753	-0,03347	519,20361	-0,09394	588	-0,00612
518,6156	4,82455E-4	518,6556	-0,0337	519,79163	-0,09402	588,5	-0,00612
519,20361	3,76296E-4	519,24361	-0,03392	520,37964	-0,09412	589	-0,00607
519,79163	1,51055E-4	519,83163	-0,03418	520,96753	-0,09439	589,5	-0,0061
520,37964	1,49246E-4	520,41964	-0,03461	521,55548	-0,09471	590	-0,00628
520,96753	-2,21585E-4	521,00753	-0,03498	522,14331	-0,09507	590,5	-0,0067
521,55548	-5,30305E-4	521,59548	-0,03553	522,73114	-0,09547	591	-0,00647
522,14331	-8,33061E-4	522,18331	-0,03592	523,31897	-0,09635	591,5	-0,00618
522,73114	-0,0011	522,77114	-0,0365	523,90674	-0,09713	592	-0,00651
523,31897	-0,00175	523,35897	-0,03719	524,49445	-0,09798	592,5	-0,00619
523,90674	-0,00233	523,94674	-0,03784	525,08215	-0,09884	593	-0,00637
524,49445	-0,00274	524,53445	-0,03843	525,6698	-0,09968	593,5	-0,00605
525,08215	-0,00314	525,12215	-0,039	526,25745	-0,10036	594	-0,00607
525,6698	-0,00355	525,7098	-0,03966	526,84503	-0,10139	594,5	-0,00619
526,25745	-0,00341	526,29745	-0,04001	527,43262	-0,10269	595	-0,00628
526,84503	-0,0037	526,88503	-0,04064	528,02014	-0,1036	595,5	-0,00651
527,43262	-0,00391	527,47262	-0,04138	528,60767	-0,10461	596	-0,00647
528,02014	-0,00406	528,06014	-0,04193	529,19513	-0,10573	596,5	-0,00677
528,60767	-0,00423	528,64767	-0,04238	529,78253	-0,10684	597	-0,00674
529,19513	-0,00453	529,23513	-0,04313	530,36993	-0,10824	597,5	-0,00657
529,78253	-0,00472	529,82253	-0,04373	530,95728	-0,10935	598	-0,00653
530,36993	-0,00505	530,40993	-0,04442	531,54462	-0,11016	598,5	-0,00637
530,95728	-0,00519	530,99728	-0,04501	532,1319	-0,1113	599	-0,00612
531,54462	-0,00514	531,58462	-0,04548	532,71918	-0,11244	599,5	-0,00589
532,1319	-0,00533	532,1719	-0,04613	533,3064	-0,11337	600	-0,00584
532,71918	-0,00581	532,75918	-0,04664	533,89355	-0,1145	600,5	-0,00593
533,3064	-0,00582	533,3464	-0,04719	534,48071	-0,11546	601	-0,00598
533,89355	-0,00597	533,93355	-0,0477	535,06787	-0,11635	601,5	-0,00637
534,48071	-0,00616	534,52071	-0,0482	535,65497	-0,11704	602	-0,00616
535,06787	-0,00618	535,10787	-0,04846	536,242	-0,11771	602,5	-0,00621
535,65497	-0,00575	535,69497	-0,04862	536,82904	-0,11846	603	-0,00607
536,242	-0,00551	536,282	-0,04869	537,41602	-0,11906	603,5	-0,0061
536,82904	-0,00543	536,86904	-0,04885	538,00293	-0,11958	604	-0,00592
537,41602	-0,00541	537,45602	-0,04899	538,58984	-0,12018	604,5	-0,0058
538,00293	-0,00538	538,04293	-0,04893	539,17676	-0,12061	605	-0,00566
538,58984	-0,00554	538,62984	-0,04907	539,76361	-0,12086	605,5	-0,00547
539,17676	-0,00557	539,21676	-0,04912	540,3504	-0,12111	606	-0,00564
539,76361	-0,00553	539,80361	-0,04909	540,93719	-0,12134	606,5	-0,00616
540,3504	-0,00538	540,3904	-0,04909	541,52393	-0,12125	607	-0,00587
540,93719	-0,00531	540,97719	-0,04913	542,11066	-0,12134	607,5	-0,0061
541,52393	-0,00495	541,56393	-0,0487	542,69733	-0,12127	608	-0,00637
542,11066	-0,00488	542,15066	-0,04852	543,28394	-0,12126	608,5	-0,0059
542,69733	-0,00468	542,73733	-0,04834	543,87054	-0,12138	609	-0,00602
543,28394	-0,00466	543,32394	-0,04811	544,45715	-0,12116	609,5	-0,00596
543,87054	-0,00473	543,91054	-0,04814	545,04364	-0,12108	610	-0,00567
544,45715	-0,00466	544,49715	-0,04796	545,63019	-0,12112	610,5	-0,00554
545,04364	-0,00449	545,08364	-0,04794	546,21661	-0,12079	611	-0,00561
545,63019	-0,00471	545,67019	-0,04802	546,80304	-0,12043	611,5	-0,00535
546,21661	-0,00477	546,25661	-0,04794	547,38947	-0,12019	612	-0,00552
546,80304	-0,00472	546,84304	-0,04772	547,97583	-0,11998	612,5	-0,0059
547,38947	-0,00469	547,42947	-0,04756	548,56213	-0,11983	613	-0,00601
547,97583	-0,00496	548,01583	-0,04745	549,14844	-0,11953	613,5	-0,00616
548,56213	-0,00511	548,60213	-0,0476	549,73474	-0,11936	614	-0,00616
549,14844	-0,00507	549,18844	-0,04756	550,32092	-0,11925	614,5	-0,00619
549,73474	-0,00513	549,77474	-0,04769	550,9071	-0,11893	615	-0,00615
550,32092	-0,00521	550,36092	-0,04795	551,49329	-0,11857	615,5	-0,00627
550,9071	-0,00521	550,9471	-0,04798	552,07941	-0,11832	616	-0,00624
551,49329	-0,00525	551,53329	-0,04795	552,66553	-0,11812	616,5	-0,00639
552,07941	-0,0053	552,11941	-0,04784	553,25153	-0,11803	617	-0,00657
552,66553	-0,00547	552,70553	-0,04791	553,83759	-0,11802	617,5	-0,0067
553,25153	-0,00576	553,29153	-0,04818	554,42358	-0,11772	618	-0,00663
553,83759	-0,00619	553,87759	-0,0485	555,00952	-0,1174	618,5	-0,00653
554,42358	-0,00631	554,46358	-0,04863	555,5954	-0,11719	619	-0,0063
555,00952	-0,0064	555,04952	-0,04869	556,18127	-0,11703	619,5	-0,00666
555,5954	-0,00619	555,6354	-0,0488	556,76715	-0,11703	620	-0,0068
556,18127	-0,00631	556,22127	-0,04874	557,35297	-0,1169	620,5	-0,00666
556,76715	-0,00642	556,80715	-0,04874	557,93872	-0,11688	621	-0,00699
557,35297	-0,00642	557,39297	-0,04882	558,52448	-0,11706	621,5	-0,00732
557,93872	-0,0063	557,97872	-0,04888	559,11017	-0,11743	622	-0,00735
558,52448	-0,00638	558,56448	-0,04912	559,69586	-0,11782	622,5	-0,00734
559,11017	-0,00655	559,15017	-0,04943	560,28149	-0,11817	623	-0,00746
559,69586	-0,0068	559,73586	-0,04988	560,86707	-0,11845	623,5	-0,00787
560,28149	-0,00692	560,32149	-0,05033	561,45264	-0,11864	624	-0,00778
560,86707	-0,00702	560,90707	-0,05066	562,03815	-0,11897	624,5	-0,00805
561,45264	-0,00732	561,49264	-0,05104	562,62366	-0,11897	625	-0,00819
562,03815	-0,00756	562,07815	-0,0513	563,20911	-0,11921	625,5	-0,00781
562,62366	-0,00773	562,66366	-0,05137	563,79456	-0,1194	626	-0,00845
563,20911	-0,00791	563,24911	-0,0516	564,37994	-0,11957	626,5	-0,00827
563,79456	-0,00796	563,83456	-0,05174	564,96527	-0,11998	627	-0,00804
564,37994	-0,0081	564,41994	-0,05215	565,5506	-0,12027	627,5	-0,00828
564,96527	-0,00832	565,00527	-0,05229	566,13586	-0,12039	628	-0,00845
565,5506	-0,00835	565,5906	-0,05218	566,72113	-0,12093	628,5	-0,00871
566,13586	-0,00832	566,17586	-0,05231	567,30634	-0,12153	629	-0,00876
566,72113	-0,00843	566,76113	-0,05246	567,89154	-0,12185	629,5	-0,00891
567,30634	-0,00875	567,34634	-0,05281	568,47668	-0,12215	630	-0,00889
567,89154	-0,00907	567,93154	-0,0529	569,06177	-0,12247	630,5	-0,00897
568,47668	-0,00914	568,51668	-0,05314	569,64685	-0,12266	631	-0,00908
569,06177	-0,00927	569,10177	-0,05351	570,23187	-0,12286	631,5	-0,009
569,64685	-0,00943	569,68685	-0,0538	570,81689	-0,12322	632	-0,00905
570,23187	-0,00953	570,27187	-0,05384	571,40186	-0,1231	632,5	-0,00917
570,81689	-0,0095	570,85689	-0,05403	571,98682	-0,12301	633	-0,00914
571,40186	-0,00931	571,44186	-0,05389	572,57172	-0,12313	633,5	-0,00963
571,98682	-0,00923	572,02682	-0,05386	573,15656	-0,12334	634	-0,00985
572,57172	-0,00933	572,61172	-0,05385	573,74139	-0,12371	634,5	-0,00996
573,15656	-0,00961	573,19656	-0,05386	574,32617	-0,12369	635	-0,00996
573,74139	-0,00989	573,78139	-0,05406	574,91095	-0,12405	635,5	-0,00996
574,32617	-0,00987	574,36617	-0,05417	575,49567	-0,12439	636	-0,01004
574,91095	-0,00997	574,95095	-0,05437	576,08032	-0,12474	636,5	-0,01022
575,49567	-0,01016	575,53567	-0,05453	576,66498	-0,12491	637	-0,00981
576,08032	-0,01048	576,12032	-0,05491	577,24963	-0,12521	637,5	-0,00996
576,66498	-0,01063	576,70498	-0,05492	577,83417	-0,12548	638	-0,01005
577,24963	-0,01066	577,28963	-0,05531	578,41876	-0,12558	638,5	-0,00987
577,83417	-0,01087	577,87417	-0,05577	579,00323	-0,12571	639	-0,01022
578,41876	-0,01103	578,45876	-0,05607	579,58771	-0,12584	639,5	-0,01078
579,00323	-0,01118	579,04323	-0,05639	580,17218	-0,12608	640	-0,01086
579,58771	-0,01135	579,62771	-0,0565	580,75653	-0,12639	640,5	-0,01077
580,17218	-0,01142	580,21218	-0,05685	581,34094	-0,12647	641	-0,01031
580,75653	-0,01163	580,79653	-0,05712	581,92523	-0,12659	641,5	-0,0106
581,34094	-0,0117	581,38094	-0,05726	582,50952	-0,12682	642	-0,01078
581,92523	-0,01182	581,96523	-0,0574	583,09381	-0,12689	642,5	-0,01094
582,50952	-0,01198	582,54952	-0,05772	583,67804	-0,12735	643	-0,0113
583,09381	-0,01215	583,13381	-0,05796	584,26221	-0,12748	643,5	-0,01156
583,67804	-0,01239	583,71804	-0,05851	584,84637	-0,12764	644	-0,01158
584,26221	-0,01235	584,30221	-0,05871	585,43048	-0,12765	644,5	-0,01181
584,84637	-0,01264	584,88637	-0,05896	586,01459	-0,12742	645	-0,01185
585,43048	-0,01267	585,47048	-0,05905	586,59863	-0,12787	645,5	-0,01202
586,01459	-0,01248	586,05459	-0,05907	587,18262	-0,12803	646	-0,0124
586,59863	-0,01261	586,63863	-0,05932	587,7666	-0,12824	646,5	-0,01255
587,18262	-0,01262	587,22262	-0,05951	588,35052	-0,12851	647	-0,01284
587,7666	-0,01284	587,8066	-0,05961	588,93445	-0,12893	647,5	-0,013
588,35052	-0,01278	588,39052	-0,05965	589,51831	-0,12892	648	-0,01349
588,93445	-0,01289	588,97445	-0,06	590,10217	-0,1289	648,5	-0,01371
589,51831	-0,01281	589,55831	-0,0599	590,68597	-0,129	649	-0,01417
590,10217	-0,01283	590,14217	-0,05989	591,26971	-0,12891	649,5	-0,0142
590,68597	-0,01282	590,72597	-0,05979	591,85345	-0,12885	650	-0,01422
591,26971	-0,01259	591,30971	-0,05962	592,43713	-0,12887	650,5	-0,01445
591,85345	-0,01229	591,89345	-0,05973	593,02075	-0,12891	651	-0,01475
592,43713	-0,01237	592,47713	-0,05984	593,60437	-0,12882	651,5	-0,01527
593,02075	-0,01247	593,06075	-0,06	594,18799	-0,12899	652	-0,01538
593,60437	-0,0124	593,64437	-0,05993	594,77148	-0,1289	652,5	-0,01579
594,18799	-0,01242	594,22799	-0,05982	595,35504	-0,12882	653	-0,01614
594,77148	-0,01251	594,81148	-0,05967	595,93848	-0,12893	653,5	-0,01642
595,35504	-0,01237	595,39504	-0,05941	596,52191	-0,12904	654	-0,01695
595,93848	-0,01245	595,97848	-0,05933	597,10535	-0,12874	654,5	-0,01739
596,52191	-0,01266	596,56191	-0,05946	597,68872	-0,12876	655	-0,01748
597,10535	-0,01207	597,14535	-0,05926	598,27203	-0,12903	655,5	-0,01761
597,68872	-0,01178	597,72872	-0,05945	598,85535	-0,12866	656	-0,01825
598,27203	-0,01194	598,31203	-0,05964	599,4386	-0,12829	656,5	-0,01826
598,85535	-0,01185	598,89535	-0,05937	600,02179	-0,12825	657	-0,01843
599,4386	-0,01182	599,4786	-0,05919	600,60498	-0,12799	657,5	-0,01864
600,02179	-0,01167	600,06179	-0,05935	601,18811	-0,12754	658	-0,01864
600,60498	-0,0114	600,64498	-0,05921	601,77124	-0,12736	658,5	-0,01945
601,18811	-0,01107	601,22811	-0,05902	602,35431	-0,1275	659	-0,0197
601,77124	-0,01115	601,81124	-0,05909	602,93738	-0,12797	659,5	-0,01986
602,35431	-0,01095	602,39431	-0,05914	603,52039	-0,12816	660	-0,02032
602,93738	-0,01106	602,97738	-0,05929	604,10333	-0,12827	660,5	-0,02028
603,52039	-0,01118	603,56039	-0,05954	604,68628	-0,12826	661	-0,02044
604,10333	-0,01128	604,14333	-0,05943	605,26917	-0,12829	661,5	-0,02092
604,68628	-0,01137	604,72628	-0,05921	605,85205	-0,12823	662	-0,0211
605,26917	-0,0115	605,30917	-0,05909	606,43488	-0,12818	662,5	-0,02139
605,85205	-0,01138	605,89205	-0,05897	607,01764	-0,12808	663	-0,02131
606,43488	-0,01117	606,47488	-0,05892	607,6004	-0,12822	663,5	-0,0214
607,01764	-0,01108	607,05764	-0,05879	608,18311	-0,128	664	-0,02174
607,6004	-0,01128	607,6404	-0,05892	608,76575	-0,12803	664,5	-0,02168
608,18311	-0,01123	608,22311	-0,0589	609,34839	-0,12822	665	-0,02198
608,76575	-0,01105	608,80575	-0,05871	609,93103	-0,12854	665,5	-0,02208
609,34839	-0,01132	609,38839	-0,05887	610,51361	-0,12832	666	-0,02185
609,93103	-0,01168	609,97103	-0,05899	611,09613	-0,12821	666,5	-0,02217
610,51361	-0,01153	610,55361	-0,05865	611,67865	-0,12844	667	-0,02208
611,09613	-0,01133	611,13613	-0,05851	612,26111	-0,12814	667,5	-0,02182
611,67865	-0,01149	611,71865	-0,0586	612,84351	-0,12827	668	-0,02177
612,26111	-0,01142	612,30111	-0,05843	613,4259	-0,12839	668,5	-0,02153
612,84351	-0,01158	612,88351	-0,05865	614,00824	-0,12834	669	-0,02144
613,4259	-0,01195	613,4659	-0,05859	614,59058	-0,12818	669,5	-0,02139
614,00824	-0,0121	614,04824	-0,05857	615,17285	-0,12777	670	-0,02075
614,59058	-0,01229	614,63058	-0,05869	615,75507	-0,12776	670,5	-0,02055
615,17285	-0,01231	615,21285	-0,05881	616,33728	-0,12783	671	-0,0202
615,75507	-0,01254	615,79507	-0,0591	616,91943	-0,12773	671,5	-0,02009
616,33728	-0,01255	616,37728	-0,05932	617,50159	-0,12788	672	-0,01988
616,91943	-0,0125	616,95943	-0,05954	618,08368	-0,12816	672,5	-0,01922
617,50159	-0,01248	617,54159	-0,05981	618,66571	-0,12813	673	-0,0186
618,08368	-0,01279	618,12368	-0,0603	619,24774	-0,12832	673,5	-0,01841
618,66571	-0,01291	618,70571	-0,0605	619,82971	-0,12822	674	-0,01753
619,24774	-0,01284	619,28774	-0,06062	620,41168	-0,12842	674,5	-0,01695
619,82971	-0,0128	619,86971	-0,06067	620,99359	-0,12847	675	-0,01658
620,41168	-0,01288	620,45168	-0,06087	621,5755	-0,12853	675,5	-0,01626
620,99359	-0,01323	621,03359	-0,06121	622,15729	-0,1284	676	-0,01538
621,5755	-0,01352	621,6155	-0,06147	622,73914	-0,1286	676,5	-0,01489
622,15729	-0,01366	622,19729	-0,0615	623,32086	-0,12892	677	-0,014
622,73914	-0,01377	622,77914	-0,06168	623,90259	-0,12912	677,5	-0,01326
623,32086	-0,01408	623,36086	-0,06198	624,48431	-0,12933	678	-0,01246
623,90259	-0,01409	623,94259	-0,06225	625,06598	-0,1294	678,5	-0,01211
624,48431	-0,01423	624,52431	-0,06249	625,64758	-0,12952	679	-0,01094
625,06598	-0,01434	625,10598	-0,06269	626,22913	-0,12955	679,5	-0,01048
625,64758	-0,01431	625,68758	-0,06292	626,81073	-0,12945	680	-0,01005
626,22913	-0,01429	626,26913	-0,06313	627,39221	-0,1298	680,5	-0,0095
626,81073	-0,01427	626,85073	-0,06312	627,97369	-0,12988	681	-0,00868
627,39221	-0,01455	627,43221	-0,06326	628,55511	-0,12992	681,5	-0,00805
627,97369	-0,01471	628,01369	-0,06307	629,13654	-0,13039	682	-0,00705
628,55511	-0,01502	628,59511	-0,06305	629,7179	-0,13039	682,5	-0,00647
629,13654	-0,01538	629,17654	-0,06344	630,29919	-0,13049	683	-0,00566
629,7179	-0,01561	629,7579	-0,06363	630,88049	-0,13078	683,5	-0,00509
630,29919	-0,01566	630,33919	-0,06382	631,46173	-0,13099	684	-0,00486
630,88049	-0,01591	630,92049	-0,06396	632,04297	-0,13112	684,5	-0,00401
631,46173	-0,01618	631,50173	-0,06442	632,62408	-0,13142	685	-0,00351
632,04297	-0,01619	632,08297	-0,06472	633,20526	-0,13156	685,5	-0,00306
632,62408	-0,01644	632,66408	-0,06495	633,78638	-0,1316	686	-0,00212
633,20526	-0,01649	633,24526	-0,06496	634,36743	-0,1316	686,5	-0,00195
633,78638	-0,01621	633,82638	-0,06501	634,94843	-0,13156	687	-0,00145
634,36743	-0,01587	634,40743	-0,06496	635,52942	-0,13158	687,5	-6,07322E-4
634,94843	-0,01584	634,98843	-0,06501	636,11041	-0,13169	688	-1,49322E-4
635,52942	-0,01598	635,56942	-0,06503	636,69128	-0,13179	688,5	4,60678E-4
636,11041	-0,01592	636,15041	-0,06503	637,27216	-0,13214	689	0,00112
636,69128	-0,01578	636,73128	-0,06492	637,85303	-0,13235	689,5	0,00219
637,27216	-0,01591	637,31216	-0,06496	638,43384	-0,13281	690	0,00261
637,85303	-0,01595	637,89303	-0,0651	639,01459	-0,13314	690,5	0,00289
638,43384	-0,01609	638,47384	-0,06537	639,59534	-0,1332	691	0,00344
639,01459	-0,01608	639,05459	-0,06532	640,17603	-0,13334	691,5	0,00373
639,59534	-0,01581	639,63534	-0,06528	640,75665	-0,13357	692	0,00405
640,17603	-0,01543	640,21603	-0,0654	641,33728	-0,13352	692,5	0,00455
640,75665	-0,01525	640,79665	-0,06564	641,91785	-0,13369	693	0,00481
641,33728	-0,01503	641,37728	-0,06555	642,49841	-0,1339	693,5	0,00566
641,91785	-0,01511	641,95785	-0,0655	643,07892	-0,1338	694	0,00602
642,49841	-0,01541	642,53841	-0,06567	643,65936	-0,13351	694,5	0,00615
643,07892	-0,01538	643,11892	-0,06576	644,23981	-0,13356	695	0,00667
643,65936	-0,01529	643,69936	-0,06555	644,82019	-0,13344	695,5	0,00711
644,23981	-0,01518	644,27981	-0,06534	645,40057	-0,13383	696	0,00707
644,82019	-0,01513	644,86019	-0,06529	645,9809	-0,13411	696,5	0,00775
645,40057	-0,01519	645,44057	-0,06561	646,56116	-0,13433	697	0,00811
645,9809	-0,01542	646,0209	-0,0658	647,14142	-0,13485	697,5	0,00849
646,56116	-0,01555	646,60116	-0,0659	647,72162	-0,13527	698	0,00882
647,14142	-0,01593	647,18142	-0,06628	648,30182	-0,13559	698,5	0,00893
647,72162	-0,01626	647,76162	-0,06662	648,88196	-0,13576	699	0,00931
648,30182	-0,01658	648,34182	-0,06695	649,46204	-0,13569	699,5	0,00956
648,88196	-0,01673	648,92196	-0,06725	650,04205	-0,13599	700	0,01029
649,46204	-0,01656	649,50204	-0,06733	650,62207	-0,13601	--	--
650,04205	-0,01663	650,08205	-0,06757	651,20209	-0,13682	--	--
650,62207	-0,01662	650,66207	-0,06736	651,78204	-0,13794	--	--
651,20209	-0,01705	651,24209	-0,06771	652,36194	-0,13877	--	--
651,78204	-0,01742	651,82204	-0,06835	652,94183	-0,13933	--	--
652,36194	-0,01801	652,40194	-0,069	653,52161	-0,13988	--	--
652,94183	-0,01835	652,98183	-0,06969	654,10144	-0,14061	--	--
653,52161	-0,01867	653,56161	-0,07008	654,68121	-0,14148	--	--
654,10144	-0,01852	654,14144	-0,0703	655,26093	-0,14224	--	--
654,68121	-0,01854	654,72121	-0,07062	655,84058	-0,14342	--	--
655,26093	-0,01883	655,30093	-0,07109	656,42023	-0,14451	--	--
655,84058	-0,01912	655,88058	-0,07173	656,99982	-0,14563	--	--
656,42023	-0,01963	656,46023	-0,07259	657,57941	-0,14646	--	--
656,99982	-0,01998	657,03982	-0,0731	658,15894	-0,14724	--	--
657,57941	-0,02024	657,61941	-0,07317	658,7384	-0,14806	--	--
658,15894	-0,02019	658,19894	-0,07335	659,31787	-0,14879	--	--
658,7384	-0,02045	658,7784	-0,0738	659,89728	-0,14977	--	--
659,31787	-0,02068	659,35787	-0,07441	660,47668	-0,15072	--	--
659,89728	-0,02079	659,93728	-0,07497	661,05603	-0,15192	--	--
660,47668	-0,02095	660,51668	-0,07554	661,63531	-0,15342	--	--
661,05603	-0,02138	661,09603	-0,0762	662,2146	-0,15484	--	--
661,63531	-0,02175	661,67531	-0,07698	662,79382	-0,15633	--	--
662,2146	-0,02201	662,2546	-0,07758	663,37299	-0,15725	--	--
662,79382	-0,02224	662,83382	-0,07823	663,95215	-0,15804	--	--
663,37299	-0,02213	663,41299	-0,07845	664,53125	-0,15877	--	--
663,95215	-0,02225	663,99215	-0,07833	665,11035	-0,15986	--	--
664,53125	-0,02202	664,57125	-0,07827	665,68939	-0,16106	--	--
665,11035	-0,02187	665,15035	-0,07808	666,26837	-0,16232	--	--
665,68939	-0,02176	665,72939	-0,07787	666,84735	-0,16345	--	--
666,26837	-0,02199	666,30837	-0,07797	667,42627	-0,16492	--	--
666,84735	-0,02168	666,88735	-0,07776	668,00519	-0,16604	--	--
667,42627	-0,02145	667,46627	-0,07773	668,58405	-0,1669	--	--
668,00519	-0,02117	668,04519	-0,07761	669,16284	-0,16781	--	--
668,58405	-0,02071	668,62405	-0,07743	669,74158	-0,16858	--	--
669,16284	-0,02	669,20284	-0,07722	670,32031	-0,16958	--	--
669,74158	-0,01946	669,78158	-0,07726	670,89905	-0,17085	--	--
670,32031	-0,01928	670,36031	-0,07704	671,47766	-0,17194	--	--
670,89905	-0,0191	670,93905	-0,07672	672,05634	-0,17334	--	--
671,47766	-0,01849	671,51766	-0,07592	672,63489	-0,17467	--	--
672,05634	-0,01788	672,09634	-0,07535	673,21344	-0,17595	--	--
672,63489	-0,01756	672,67489	-0,07464	673,79193	-0,17664	--	--
673,21344	-0,01739	673,25344	-0,07428	674,37042	-0,17707	--	--
673,79193	-0,01716	673,83193	-0,07363	674,94885	-0,17759	--	--
674,37042	-0,0167	674,41042	-0,07272	675,52722	-0,17809	--	--
674,94885	-0,01625	674,98885	-0,07198	676,10559	-0,17843	--	--
675,52722	-0,01575	675,56722	-0,07136	676,6839	-0,17924	--	--
676,10559	-0,01522	676,14559	-0,07075	677,26215	-0,17971	--	--
676,6839	-0,0149	676,7239	-0,07009	677,84039	-0,18029	--	--
677,26215	-0,01452	677,30215	-0,06929	678,41858	-0,18047	--	--
677,84039	-0,01385	677,88039	-0,06867	678,99677	-0,18068	--	--
678,41858	-0,01326	678,45858	-0,06775	679,57489	-0,18071	--	--
678,99677	-0,01299	679,03677	-0,067	680,15295	-0,18088	--	--
679,57489	-0,01259	679,61489	-0,06612	680,73102	-0,18142	--	--
680,15295	-0,012	680,19295	-0,06518	681,30902	-0,18163	--	--
680,73102	-0,01203	680,77102	-0,06431	681,88702	-0,18209	--	--
681,30902	-0,01191	681,34902	-0,06366	682,4649	-0,18233	--	--
681,88702	-0,01173	681,92702	-0,06285	683,04285	-0,18186	--	--
682,4649	-0,01131	682,5049	-0,06184	683,62067	-0,18158	--	--
683,04285	-0,01048	683,08285	-0,06058	684,19849	-0,1807	--	--
683,62067	-0,01011	683,66067	-0,05966	684,77625	-0,18016	--	--
684,19849	-0,00965	684,23849	-0,05868	685,354	-0,17961	--	--
684,77625	-0,00904	684,81625	-0,05765	685,9317	-0,17933	--	--
685,354	-0,00808	685,394	-0,05629	686,50934	-0,17894	--	--
685,9317	-0,00727	685,9717	-0,05525	687,08698	-0,17883	--	--
686,50934	-0,00673	686,54934	-0,05446	687,66455	-0,17858	--	--
687,08698	-0,00641	687,12698	-0,0538	688,24213	-0,17799	--	--
687,66455	-0,0061	687,70455	-0,05315	688,81964	-0,17703	--	--
688,24213	-0,00549	688,28213	-0,05225	689,39709	-0,17609	--	--
688,81964	-0,00469	688,85964	-0,05106	689,97455	-0,1753	--	--
689,39709	-0,00389	689,43709	-0,0499	690,55194	-0,17451	--	--
689,97455	-0,0032	690,01455	-0,04895	691,12927	-0,17387	--	--
690,55194	-0,00229	690,59194	-0,04802	691,7066	-0,1731	--	--
691,12927	-0,00151	691,16927	-0,0468	692,28387	-0,17219	--	--
691,7066	-0,00101	691,7466	-0,04581	692,86108	-0,17092	--	--
692,28387	-7,58961E-4	692,32387	-0,0451	693,43829	-0,16994	--	--
692,86108	2,65552E-5	692,90108	-0,04399	694,01544	-0,16904	--	--
693,43829	3,99515E-4	693,47829	-0,04278	694,59259	-0,16822	--	--
694,01544	6,45071E-4	694,05544	-0,04185	695,16968	-0,16762	--	--
694,59259	0,00102	694,63259	-0,04109	695,7467	-0,16747	--	--
695,16968	0,00121	695,20968	-0,04044	696,32367	-0,16718	--	--
695,7467	0,00183	695,7867	-0,03983	696,90063	-0,16655	--	--
696,32367	0,00231	696,36367	-0,03939	697,4776	-0,1661	--	--
696,90063	0,00251	696,94063	-0,03907	698,05444	-0,16546	--	--
697,4776	0,00233	697,5176	-0,03902	698,63129	-0,16491	--	--
698,05444	0,00245	698,09444	-0,0384	699,20813	-0,16413	--	--
698,63129	0,00257	698,67129	-0,03797	699,78491	-0,16319	--	--
699,20813	0,00295	699,24813	-0,03743	700,36163	-0,16245	--	--
699,78491	0,0035	699,82491	-0,03665	700,93829	-0,162	--	--
700,36163	0,00398	700,40163	-0,03602	701,51495	-0,16151	--	--
700,93829	0,00418	700,97829	-0,03564	702,09161	-0,16057	--	--
701,51495	0,00435	701,55495	-0,0353	702,66815	-0,16006	--	--
702,09161	0,00451	702,13161	-0,03458	703,24469	-0,15962	--	--
702,66815	0,00425	702,70815	-0,03432	703,82117	-0,15903	--	--
703,24469	0,00406	703,28469	-0,03423	704,39764	-0,15879	--	--
703,82117	0,00383	703,86117	-0,03418	704,97406	-0,15852	--	--
704,39764	0,00366	704,43764	-0,03388	705,55048	-0,15788	--	--
704,97406	0,00355	705,01406	-0,03382	706,12677	-0,15697	--	--
705,55048	0,00355	705,59048	-0,03415	706,70306	-0,15587	--	--
706,12677	0,00395	706,16677	-0,03369	707,27936	-0,15539	--	--
706,70306	0,00411	706,74306	-0,0335	707,85559	-0,15424	--	--
707,27936	0,00404	707,31936	-0,03385	708,43176	-0,15335	--	--
707,85559	0,00399	707,89559	-0,03346	709,00787	-0,15269	--	--
708,43176	0,00378	708,47176	-0,03306	709,58398	-0,15187	--	--
709,00787	0,00392	709,04787	-0,03273	710,1601	-0,15072	--	--
709,58398	0,0041	709,62398	-0,03219	710,73608	-0,1498	--	--
710,1601	0,00435	710,2001	-0,03166	711,31207	-0,14915	--	--
710,73608	0,00455	710,77608	-0,0309	711,88806	-0,14862	--	--
711,31207	0,00458	711,35207	-0,03042	712,46393	-0,1479	--	--
711,88806	0,00457	711,92806	-0,02989	713,03979	-0,14694	--	--
712,46393	0,00485	712,50393	-0,02931	713,61566	-0,14638	--	--
713,03979	0,0049	713,07979	-0,0288	714,19141	-0,14586	--	--
713,61566	0,00483	713,65566	-0,02865	714,76721	-0,14503	--	--
714,19141	0,00466	714,23141	-0,02844	715,3429	-0,1444	--	--
714,76721	0,00494	714,80721	-0,02814	715,91858	-0,14382	--	--
715,3429	0,0052	715,3829	-0,02808	716,4942	-0,14307	--	--
715,91858	0,00583	715,95858	-0,02764	717,06982	-0,14249	--	--
716,4942	0,00619	716,5342	-0,02704	717,64532	-0,14221	--	--
717,06982	0,00675	717,10982	-0,0265	718,22089	-0,14174	--	--
717,64532	0,00685	717,68532	-0,02597	718,79633	-0,14155	--	--
718,22089	0,00693	718,26089	-0,02596	719,37177	-0,14116	--	--
718,79633	0,00676	718,83633	-0,02612	719,94714	-0,14112	--	--
719,37177	0,00665	719,41177	-0,02552	720,52252	-0,14101	--	--
719,94714	0,00659	719,98714	-0,02552	721,09784	-0,14022	--	--
720,52252	0,00659	720,56252	-0,02537	721,6731	-0,13941	--	--
721,09784	0,0067	721,13784	-0,02488	722,24835	-0,13904	--	--
721,6731	0,00723	721,7131	-0,02427	722,82355	-0,13856	--	--
722,24835	0,00724	722,28835	-0,02413	723,39874	-0,13803	--	--
722,82355	0,00741	722,86355	-0,02385	723,97382	-0,13768	--	--
723,39874	0,00748	723,43874	-0,02344	724,54889	-0,13716	--	--
723,97382	0,00754	724,01382	-0,0237	725,12396	-0,13685	--	--
724,54889	0,00738	724,58889	-0,0237	725,69897	-0,13691	--	--
725,12396	0,0077	725,16396	-0,02339	726,27393	-0,13666	--	--
725,69897	0,00743	725,73897	-0,02351	726,84882	-0,13638	--	--
726,27393	0,00728	726,31393	-0,02385	727,42371	-0,13535	--	--
726,84882	0,00716	726,88882	-0,02392	727,99854	-0,13454	--	--
727,42371	0,00721	727,46371	-0,02349	728,57336	-0,13372	--	--
727,99854	0,00708	728,03854	-0,0232	729,14813	-0,13316	--	--
728,57336	0,0074	728,61336	-0,0229	729,72284	-0,13218	--	--
729,14813	0,00689	729,18813	-0,02311	730,29755	-0,13168	--	--
729,72284	0,00751	729,76284	-0,02265	730,87219	-0,13131	--	--
730,29755	0,00752	730,33755	-0,02285	731,44678	-0,13095	--	--
730,87219	0,00752	730,91219	-0,02288	732,02136	-0,13042	--	--
731,44678	0,00785	731,48678	-0,02317	732,59583	-0,12945	--	--
732,02136	0,00794	732,06136	-0,02321	733,17035	-0,12868	--	--
732,59583	0,00834	732,63583	-0,0232	733,74475	-0,12822	--	--
733,17035	0,00879	733,21035	-0,02319	734,31915	-0,12809	--	--
733,74475	0,00895	733,78475	-0,023	734,89355	-0,1277	--	--
734,31915	0,00906	734,35915	-0,02292	735,4679	-0,12693	--	--
734,89355	0,00911	734,93355	-0,02291	736,04218	-0,12612	--	--
735,4679	0,0095	735,5079	-0,02283	736,61639	-0,12537	--	--
736,04218	0,00945	736,08218	-0,02248	737,19061	-0,12489	--	--
736,61639	0,00943	736,65639	-0,02217	737,76477	-0,12377	--	--
737,19061	0,0092	737,23061	-0,02257	738,33887	-0,12326	--	--
737,76477	0,00963	737,80477	-0,02253	738,91296	-0,12279	--	--
738,33887	0,01009	738,37887	-0,02235	739,487	-0,12271	--	--
738,91296	0,01024	738,95296	-0,0223	740,06104	-0,12276	--	--
739,487	0,0102	739,527	-0,02236	740,63495	-0,1223	--	--
740,06104	0,01034	740,10104	-0,02216	741,20886	-0,12174	--	--
740,63495	0,01017	740,67495	-0,02189	741,78278	-0,1216	--	--
741,20886	0,0106	741,24886	-0,02122	742,35663	-0,12137	--	--
741,78278	0,0102	741,82278	-0,0211	742,93042	-0,12091	--	--
742,35663	0,01005	742,39663	-0,02032	743,50415	-0,12017	--	--
742,93042	0,01019	742,97042	-0,0195	744,07788	-0,11932	--	--
743,50415	0,01025	743,54415	-0,01903	744,65155	-0,11917	--	--
744,07788	0,01042	744,11788	-0,01848	745,22522	-0,11898	--	--
744,65155	0,01038	744,69155	-0,01823	745,79883	-0,11885	--	--
745,22522	0,01031	745,26522	-0,01825	746,37238	-0,11841	--	--
745,79883	0,01034	745,83883	-0,0184	746,94592	-0,11799	--	--
746,37238	0,01038	746,41238	-0,01843	747,51935	-0,11743	--	--
746,94592	0,01057	746,98592	-0,01835	748,09283	-0,1169	--	--
747,51935	0,01061	747,55935	-0,01775	748,6662	-0,1169	--	--
748,09283	0,01096	748,13283	-0,01745	749,23956	-0,11629	--	--
748,6662	0,01117	748,7062	-0,01752	749,81287	-0,1163	--	--
749,23956	0,01187	749,27956	-0,01698	750,38617	-0,116	--	--
749,81287	0,01178	749,85287	-0,01685	750,95941	-0,11535	--	--
750,38617	0,01173	750,42617	-0,01664	751,53259	-0,11463	--	--
750,95941	0,01197	750,99941	-0,01607	752,10577	-0,11417	--	--
751,53259	0,01211	751,57259	-0,01569	752,67889	-0,11451	--	--
752,10577	0,01206	752,14577	-0,01573	753,25195	-0,11431	--	--
752,67889	0,012	752,71889	-0,01624	753,82495	-0,11399	--	--
753,25195	0,01215	753,29195	-0,01608	754,39795	-0,11351	--	--
753,82495	0,01258	753,86495	-0,01608	754,97095	-0,11278	--	--
754,39795	0,01325	754,43795	-0,01614	755,54382	-0,11193	--	--
754,97095	0,01359	755,01095	-0,01585	756,1167	-0,11156	--	--
755,54382	0,01395	755,58382	-0,01534	756,68951	-0,11084	--	--
756,1167	0,01426	756,1567	-0,01541	757,26233	-0,11092	--	--
756,68951	0,01426	756,72951	-0,01519	757,83508	-0,11048	--	--
757,26233	0,01402	757,30233	-0,01498	758,40778	-0,10976	--	--
757,83508	0,01397	757,87508	-0,01504	758,98047	-0,10939	--	--
758,40778	0,01412	758,44778	-0,01462	759,5531	-0,1093	--	--
758,98047	0,01403	759,02047	-0,01456	760,12567	-0,10904	--	--
759,5531	0,0143	759,5931	-0,01522	760,69824	-0,10864	--	--
760,12567	0,01443	760,16567	-0,01522	761,27075	-0,10877	--	--
760,69824	0,01402	760,73824	-0,01528	761,8432	-0,10835	--	--
761,27075	0,01312	761,31075	-0,01537	762,41565	-0,10822	--	--
761,8432	0,01317	761,8832	-0,01504	762,98798	-0,10823	--	--
762,41565	0,01296	762,45565	-0,01505	763,56036	-0,10844	--	--
762,98798	0,01256	763,02798	-0,01501	764,13263	-0,10841	--	--
763,56036	0,01214	763,60036	-0,01524	764,7049	-0,10783	--	--
764,13263	0,01191	764,17263	-0,0156	765,27716	-0,10759	--	--
764,7049	0,01208	764,7449	-0,01534	765,8493	-0,10733	--	--
765,27716	0,01204	765,31716	-0,01548	766,42145	-0,10729	--	--
765,8493	0,01234	765,8893	-0,01481	766,99353	-0,10779	--	--
766,42145	0,01187	766,46145	-0,01489	767,56561	-0,10836	--	--
766,99353	0,01141	767,03353	-0,0154	768,13763	-0,10835	--	--
767,56561	0,01066	767,60561	-0,01608	768,70959	-0,10843	--	--
768,13763	0,01003	768,17763	-0,01589	769,28156	-0,10829	--	--
768,70959	0,01004	768,74959	-0,01556	769,85339	-0,10823	--	--
769,28156	0,01019	769,32156	-0,0158	770,42529	-0,10774	--	--
769,85339	0,00969	769,89339	-0,01616	770,99707	-0,10752	--	--
770,42529	0,00949	770,46529	-0,01618	771,56885	-0,1077	--	--
770,99707	0,0097	771,03707	-0,01614	772,14056	-0,10774	--	--
771,56885	0,00931	771,60885	-0,01587	772,71228	-0,1078	--	--
772,14056	0,00947	772,18056	-0,01607	773,28394	-0,1073	--	--
772,71228	0,00976	772,75228	-0,01575	773,85553	-0,10728	--	--
773,28394	0,01024	773,32394	-0,01569	774,42706	-0,10708	--	--
773,85553	0,01033	773,89553	-0,01554	774,9986	-0,10724	--	--
774,42706	0,0104	774,46706	-0,01527	775,57007	-0,10702	--	--
774,9986	0,01076	775,0386	-0,01536	776,14154	-0,10646	--	--
775,57007	0,01138	775,61007	-0,01498	776,71295	-0,10635	--	--
776,14154	0,01196	776,18154	-0,01406	777,2843	-0,10616	--	--
776,71295	0,01188	776,75295	-0,0141	777,85559	-0,10602	--	--
777,2843	0,01178	777,3243	-0,01397	778,42688	-0,10573	--	--
777,85559	0,01131	777,89559	-0,01433	778,99811	-0,10508	--	--
778,42688	0,01141	778,46688	-0,0143	779,56934	-0,10487	--	--
778,99811	0,01146	779,03811	-0,0145	780,14044	-0,10463	--	--
779,56934	0,01183	779,60934	-0,01462	780,71161	-0,10449	--	--
780,14044	0,01191	780,18044	-0,01474	781,28265	-0,10422	--	--
780,71161	0,01162	780,75161	-0,01522	781,8537	-0,10419	--	--
781,28265	0,01153	781,32265	-0,01478	782,42468	-0,10449	--	--
781,8537	0,01133	781,8937	-0,0142	782,99561	-0,10434	--	--
782,42468	0,01097	782,46468	-0,01422	783,56653	-0,10416	--	--
782,99561	0,01075	783,03561	-0,01404	784,13739	-0,10402	--	--
783,56653	0,0106	783,60653	-0,01406	784,70819	-0,10395	--	--
784,13739	0,00952	784,17739	-0,01439	785,27899	-0,10441	--	--
784,70819	0,00951	784,74819	-0,01489	785,84973	-0,10407	--	--
785,27899	0,00912	785,31899	-0,01515	786,42041	-0,10391	--	--
785,84973	0,00897	785,88973	-0,01506	786,99109	-0,10393	--	--
786,42041	0,00906	786,46041	-0,01504	787,56171	-0,10349	--	--
786,99109	0,00909	787,03109	-0,0151	788,13226	-0,10289	--	--
787,56171	0,00908	787,60171	-0,01539	788,70276	-0,10252	--	--
788,13226	0,00878	788,17226	-0,01574	789,27325	-0,10204	--	--
788,70276	0,00884	788,74276	-0,0157	789,84375	-0,10194	--	--
789,27325	0,0091	789,31325	-0,01563	790,41412	-0,10182	--	--
789,84375	0,00885	789,88375	-0,01576	790,9845	-0,10147	--	--
790,41412	0,00855	790,45412	-0,01604	791,55481	-0,10113	--	--
790,9845	0,00881	791,0245	-0,0155	792,12512	-0,10116	--	--
791,55481	0,00905	791,59481	-0,015	792,69531	-0,10078	--	--
792,12512	0,00917	792,16512	-0,01516	793,26556	-0,10042	--	--
792,69531	0,00939	792,73531	-0,01534	793,83569	-0,09969	--	--
793,26556	0,0096	793,30556	-0,01574	794,40582	-0,0996	--	--
793,83569	0,01031	793,87569	-0,01515	794,97589	-0,09957	--	--
794,40582	0,01032	794,44582	-0,0151	795,5459	-0,09905	--	--
794,97589	0,01	795,01589	-0,01528	796,11591	-0,09917	--	--
795,5459	0,01008	795,5859	-0,01538	796,68585	-0,09891	--	--
796,11591	0,01049	796,15591	-0,0151	797,25574	-0,09808	--	--
796,68585	0,01047	796,72585	-0,01476	797,82562	-0,09754	--	--
797,25574	0,0109	797,29574	-0,0148	798,39545	-0,09723	--	--
797,82562	0,01178	797,86562	-0,01457	798,96521	-0,09694	--	--
798,39545	0,01203	798,43545	-0,01486	799,53497	-0,09729	--	--
798,96521	0,01193	799,00521	-0,01524	800,10468	-0,09801	--	--
799,53497	0,0116	799,57497	-0,01573	800,67432	-0,09808	--	--
800,10468	0,01125	800,14468	-0,0162	801,2439	-0,09831	--	--
800,67432	0,01113	800,71432	-0,01659	801,81348	-0,09822	--	--
801,2439	0,01055	801,2839	-0,01722	802,383	-0,09825	--	--
801,81348	0,01098	801,85348	-0,01723	802,95251	-0,09831	--	--
802,383	0,01147	802,423	-0,01678	803,52197	-0,09842	--	--
802,95251	0,01157	802,99251	-0,01681	804,09137	-0,09821	--	--
803,52197	0,01131	803,56197	-0,01702	804,66071	-0,09813	--	--
804,09137	0,01136	804,13137	-0,01683	805,23004	-0,09756	--	--
804,66071	0,0114	804,70071	-0,01643	805,79932	-0,09727	--	--
805,23004	0,01154	805,27004	-0,01589	806,36853	-0,09679	--	--
805,79932	0,01171	805,83932	-0,01623	806,93774	-0,09669	--	--
806,36853	0,01226	806,40853	-0,01603	807,5069	-0,09686	--	--
806,93774	0,01275	806,97774	-0,01619	808,07599	-0,096	--	--
807,5069	0,01303	807,5469	-0,01627	808,64508	-0,09606	--	--
808,07599	0,01334	808,11599	-0,01593	809,21411	-0,09662	--	--
808,64508	0,0129	808,68508	-0,01631	809,78308	-0,09663	--	--
809,21411	0,01234	809,25411	-0,0167	810,35199	-0,09624	--	--
809,78308	0,01183	809,82308	-0,01721	810,9209	-0,09515	--	--
810,35199	0,01189	810,39199	-0,01696	811,48975	-0,09454	--	--
810,9209	0,01244	810,9609	-0,01636	812,05859	-0,09447	--	--
811,48975	0,01296	811,52975	-0,01581	812,62738	-0,09475	--	--
812,05859	0,01338	812,09859	-0,01575	813,19611	-0,09471	--	--
812,62738	0,0133	812,66738	-0,01524	813,76477	-0,09406	--	--
813,19611	0,01338	813,23611	-0,01473	814,33344	-0,09312	--	--
813,76477	0,0133	813,80477	-0,01421	814,90204	-0,09266	--	--
814,33344	0,01373	814,37344	-0,01375	815,47058	-0,09182	--	--
814,90204	0,01415	814,94204	-0,01294	816,03906	-0,09143	--	--
815,47058	0,01481	815,51058	-0,01215	816,60754	-0,09092	--	--
816,03906	0,01514	816,07906	-0,01181	817,17603	-0,09149	--	--
816,60754	0,01563	816,64754	-0,01167	817,74438	-0,09174	--	--
817,17603	0,01515	817,21603	-0,01196	818,31274	-0,09143	--	--
817,74438	0,01498	817,78438	-0,01202	818,88104	-0,09114	--	--
818,31274	0,01513	818,35274	-0,01206	819,44928	-0,0911	--	--
818,88104	0,01539	818,92104	-0,01149	820,01752	-0,09162	--	--
819,44928	0,0153	819,48928	-0,01115	820,58569	-0,09159	--	--
820,01752	0,01528	820,05752	-0,01145	821,15387	-0,09137	--	--
820,58569	0,01557	820,62569	-0,01112	821,72192	-0,09146	--	--
821,15387	0,01547	821,19387	-0,01083	822,28998	-0,09167	--	--
821,72192	0,01467	821,76192	-0,01089	822,85797	-0,09217	--	--
822,28998	0,01383	822,32998	-0,01111	823,42596	-0,09167	--	--
822,85797	0,01314	822,89797	-0,01121	823,9939	-0,09111	--	--
823,42596	0,013	823,46596	-0,01101	824,56177	-0,09043	--	--
823,9939	0,01341	824,0339	-0,0106	825,12958	-0,09015	--	--
824,56177	0,01384	824,60177	-0,01056	825,69739	-0,09049	--	--
825,12958	0,01369	825,16958	-0,01115	826,26514	-0,09122	--	--
825,69739	0,01346	825,73739	-0,01208	826,83282	-0,09191	--	--
826,26514	0,01307	826,30514	-0,01269	827,40051	-0,09231	--	--
826,83282	0,01253	826,87282	-0,01369	827,96814	-0,09189	--	--
827,40051	0,01219	827,44051	-0,01407	828,53571	-0,09156	--	--
827,96814	0,0125	828,00814	-0,01401	829,10327	-0,09084	--	--
828,53571	0,01285	828,57571	-0,0135	829,67078	-0,09048	--	--
829,10327	0,01345	829,14327	-0,0129	830,23822	-0,09103	--	--
829,67078	0,01355	829,71078	-0,013	830,8056	-0,09146	--	--
830,23822	0,0128	830,27822	-0,01358	831,37299	-0,09115	--	--
830,8056	0,012	830,8456	-0,01437	831,94031	-0,09079	--	--
831,37299	0,01224	831,41299	-0,01441	832,50757	-0,09021	--	--
831,94031	0,01258	831,98031	-0,014	833,07483	-0,08933	--	--
832,50757	0,01301	832,54757	-0,01389	833,64203	-0,0882	--	--
833,07483	0,01379	833,11483	-0,01328	834,20917	-0,08784	--	--
833,64203	0,01487	833,68203	-0,0123	834,77631	-0,08726	--	--
834,20917	0,01559	834,24917	-0,01181	835,34338	-0,08731	--	--
834,77631	0,01586	834,81631	-0,01172	835,9104	-0,08748	--	--
835,34338	0,01536	835,38338	-0,01171	836,47736	-0,08681	--	--
835,9104	0,01427	835,9504	-0,01213	837,04431	-0,08586	--	--
836,47736	0,01442	836,51736	-0,01194	837,61121	-0,08529	--	--
837,04431	0,01552	837,08431	-0,01082	838,17804	-0,08473	--	--
837,61121	0,01595	837,65121	-0,00987	838,74487	-0,08395	--	--
838,17804	0,01615	838,21804	-0,00932	839,31165	-0,08374	--	--
838,74487	0,01639	838,78487	-0,00873	839,87836	-0,08414	--	--
839,31165	0,01629	839,35165	-0,00873	840,44501	-0,08494	--	--
839,87836	0,01597	839,91836	-0,00879	841,01166	-0,08585	--	--
840,44501	0,01487	840,48501	-0,00966	841,57825	-0,08624	--	--
841,01166	0,01412	841,05166	-0,01045	842,14484	-0,08562	--	--
841,57825	0,01374	841,61825	-0,01072	842,7113	-0,08522	--	--
842,14484	0,01433	842,18484	-0,01038	843,27777	-0,08492	--	--
842,7113	0,01504	842,7513	-0,00975	843,84424	-0,08432	--	--
843,27777	0,01488	843,31777	-0,00936	844,41058	-0,0842	--	--
843,84424	0,01446	843,88424	-0,00919	844,97693	-0,08412	--	--
844,41058	0,01427	844,45058	-0,00908	845,54321	-0,08464	--	--
844,97693	0,01401	845,01693	-0,00915	846,1095	-0,08441	--	--
845,54321	0,01349	845,58321	-0,00991	846,67566	-0,08425	--	--
846,1095	0,01322	846,1495	-0,00987	847,24182	-0,08425	--	--
846,67566	0,01315	846,71566	-0,00921	847,80798	-0,0838	--	--
847,24182	0,01316	847,28182	-0,00898	848,37402	-0,08443	--	--
847,80798	0,01396	847,84798	-0,00811	848,94006	-0,08455	--	--
848,37402	0,01315	848,41402	-0,00825	849,50604	-0,08469	--	--
848,94006	0,01255	848,98006	-0,0089	850,07202	-0,08406	--	--
849,50604	0,0124	849,54604	-0,00908	850,63788	-0,08381	--	--
850,07202	0,01287	850,11202	-0,00873	851,20374	-0,08345	--	--
850,63788	0,01324	850,67788	-0,00881	851,76959	-0,08333	--	--
851,20374	0,01376	851,24374	-0,0089	852,33533	-0,08332	--	--
851,76959	0,01382	851,80959	-0,00909	852,90106	-0,08325	--	--
852,33533	0,01423	852,37533	-0,00934	853,46674	-0,08324	--	--
852,90106	0,01497	852,94106	-0,00927	854,03241	-0,08349	--	--
853,46674	0,01546	853,50674	-0,00915	854,59802	-0,08368	--	--
854,03241	0,01506	854,07241	-0,00927	855,16357	-0,08428	--	--
854,59802	0,01466	854,63802	-0,00994	855,72906	-0,08467	--	--
855,16357	0,01434	855,20357	-0,0107	856,29456	-0,0847	--	--
855,72906	0,01432	855,76906	-0,0109	856,85999	-0,0852	--	--
856,29456	0,01401	856,33456	-0,01103	857,42535	-0,08476	--	--
856,85999	0,0139	856,89999	-0,01094	857,99066	-0,08466	--	--
857,42535	0,01447	857,46535	-0,01022	858,55597	-0,08488	--	--
857,99066	0,01481	858,03066	-0,01001	859,12122	-0,08484	--	--
858,55597	0,01521	858,59597	-0,01046	859,6864	-0,0844	--	--
859,12122	0,01576	859,16122	-0,01018	860,25159	-0,08445	--	--
859,6864	0,0162	859,7264	-0,00973	860,81671	-0,08529	--	--
860,25159	0,0163	860,29159	-0,00964	861,38177	-0,08593	--	--
860,81671	0,01557	860,85671	-0,00961	861,94684	-0,08665	--	--
861,38177	0,01535	861,42177	-0,00979	862,51178	-0,0871	--	--
861,94684	0,01491	861,98684	-0,01004	863,07672	-0,08683	--	--
862,51178	0,01455	862,55178	-0,01012	863,64166	-0,08638	--	--
863,07672	0,01471	863,11672	-0,0094	864,20648	-0,08544	--	--
863,64166	0,01488	863,68166	-0,00885	864,7713	-0,08442	--	--
864,20648	0,01513	864,24648	-0,0081	865,33606	-0,08402	--	--
864,7713	0,01502	864,8113	-0,00774	865,90082	-0,08403	--	--
865,33606	0,01521	865,37606	-0,00736	866,46552	-0,08324	--	--
865,90082	0,01529	865,94082	-0,00731	867,03015	-0,08221	--	--
866,46552	0,01605	866,50552	-0,00678	867,59473	-0,08171	--	--
867,03015	0,0161	867,07015	-0,00652	868,1593	-0,08162	--	--
867,59473	0,01593	867,63473	-0,00676	868,72375	-0,08104	--	--
868,1593	0,01571	868,1993	-0,00692	869,28827	-0,08127	--	--
868,72375	0,01565	868,76375	-0,00672	869,85266	-0,08123	--	--
869,28827	0,01508	869,32827	-0,00701	870,41705	-0,08135	--	--
869,85266	0,01496	869,89266	-0,00724	870,98138	-0,08067	--	--
870,41705	0,01411	870,45705	-0,00742	871,54565	-0,08097	--	--
870,98138	0,0137	871,02138	-0,00786	872,10986	-0,08093	--	--
871,54565	0,01356	871,58565	-0,00866	872,67407	-0,08018	--	--
872,10986	0,01393	872,14986	-0,00858	873,23822	-0,07904	--	--
872,67407	0,01514	872,71407	-0,00791	873,80237	-0,07867	--	--
873,23822	0,01598	873,27822	-0,00698	874,36639	-0,07863	--	--
873,80237	0,01578	873,84237	-0,00646	874,93042	-0,07939	--	--
874,36639	0,01537	874,40639	-0,00658	875,49438	-0,07899	--	--
874,93042	0,01435	874,97042	-0,00733	876,05835	-0,07957	--	--
875,49438	0,01475	875,53438	-0,00719	876,62225	-0,08006	--	--
876,05835	0,0144	876,09835	-0,00719	877,1861	-0,08043	--	--
876,62225	0,01448	876,66225	-0,00742	877,74988	-0,08051	--	--
877,1861	0,01371	877,2261	-0,00762	878,31366	-0,08126	--	--
877,74988	0,01384	877,78988	-0,00774	878,87738	-0,08153	--	--
878,31366	0,01266	878,35366	-0,00801	879,44104	-0,08114	--	--
878,87738	0,01297	878,91738	-0,0081	880,00464	-0,08132	--	--
879,44104	0,01377	879,48104	-0,00747	880,56824	-0,08119	--	--
880,00464	0,01455	880,04464	-0,00756	881,13177	-0,08119	--	--
880,56824	0,01529	880,60824	-0,00793	881,69525	-0,08087	--	--
881,13177	0,01559	881,17177	-0,00776	882,25873	-0,07991	--	--
881,69525	0,01544	881,73525	-0,0073	882,82208	-0,07995	--	--
882,25873	0,01626	882,29873	-0,00703	883,38544	-0,07954	--	--
882,82208	0,01667	882,86208	-0,00682	883,94879	-0,0789	--	--
883,38544	0,01621	883,42544	-0,0064	884,51202	-0,07907	--	--
883,94879	0,01649	883,98879	-0,00636	885,07526	-0,07963	--	--
884,51202	0,01591	884,55202	-0,00681	885,63843	-0,07938	--	--
885,07526	0,01502	885,11526	-0,00788	886,2016	-0,07879	--	--
885,63843	0,0154	885,67843	-0,00829	886,76465	-0,0784	--	--
886,2016	0,01573	886,2416	-0,00819	887,3277	-0,07904	--	--
886,76465	0,01594	886,80465	-0,00798	887,89075	-0,07846	--	--
887,3277	0,01487	887,3677	-0,00886	888,45367	-0,07835	--	--
887,89075	0,01513	887,93075	-0,00865	889,0166	-0,07799	--	--
888,45367	0,01476	888,49367	-0,00838	889,57947	-0,07736	--	--
889,0166	0,01553	889,0566	-0,00802	890,14227	-0,07716	--	--
889,57947	0,01614	889,61947	-0,00759	890,70508	-0,07741	--	--
890,14227	0,01692	890,18227	-0,00723	891,26782	-0,07752	--	--
890,70508	0,0171	890,74508	-0,00633	891,83051	-0,07766	--	--
891,26782	0,01635	891,30782	-0,00612	892,39313	-0,07821	--	--
891,83051	0,01552	891,87051	-0,00582	892,95575	-0,07835	--	--
892,39313	0,01497	892,43313	-0,00612	893,51831	-0,07894	--	--
892,95575	0,01455	892,99575	-0,00652	894,08081	-0,07978	--	--
893,51831	0,01433	893,55831	-0,00742	894,64331	-0,07966	--	--
894,08081	0,01419	894,12081	-0,00789	895,20569	-0,07932	--	--
894,64331	0,01416	894,68331	-0,00815	895,76807	-0,07871	--	--
895,20569	0,01441	895,24569	-0,00793	896,33044	-0,07823	--	--
895,76807	0,01431	895,80807	-0,00759	896,8927	-0,07766	--	--
896,33044	0,01421	896,37044	-0,00768	897,45496	-0,07764	--	--
896,8927	0,01444	896,9327	-0,00727	898,01715	-0,07824	--	--
897,45496	0,01351	897,49496	-0,00709	898,57928	-0,07803	--	--
898,01715	0,01292	898,05715	-0,00684	899,14142	-0,07774	--	--
898,57928	0,01293	898,61928	-0,00656	899,70349	-0,07798	--	--
899,14142	0,01317	899,18142	-0,00636	900,2655	-0,07746	--	--
899,70349	0,01252	899,74349	-0,00683	900,82745	-0,0772	--	--
900,2655	0,01266	900,3055	-0,00676	901,3894	-0,07691	--	--
900,82745	0,01225	900,86745	-0,00645	901,95129	-0,07642	--	--
901,3894	0,01201	901,4294	-0,00632	902,51312	-0,0754	--	--
901,95129	0,0113	901,99129	-0,00641	903,07495	-0,0759	--	--
902,51312	0,01109	902,55312	-0,00679	903,63666	-0,0757	--	--
903,07495	0,01075	903,11495	-0,00774	904,19836	-0,07593	--	--
903,63666	0,01111	903,67666	-0,0079	904,76007	-0,07511	--	--
904,19836	0,0105	904,23836	-0,00826	905,32166	-0,07442	--	--
904,76007	0,01104	904,80007	-0,00828	905,88324	-0,07333	--	--
905,32166	0,01133	905,36166	-0,00755	906,44476	-0,07327	--	--
905,88324	0,01194	905,92324	-0,00682	907,00623	-0,07378	--	--
906,44476	0,01208	906,48476	-0,00678	907,56769	-0,07392	--	--
907,00623	0,01157	907,04623	-0,00748	908,12909	-0,07366	--	--
907,56769	0,01139	907,60769	-0,00743	908,69043	-0,07454	--	--
908,12909	0,0122	908,16909	-0,00645	909,25171	-0,07501	--	--
908,69043	0,01179	908,73043	-0,00694	909,81299	-0,07445	--	--
909,25171	0,01169	909,29171	-0,00817	910,37421	-0,07482	--	--
909,81299	0,01179	909,85299	-0,00876	910,93536	-0,07549	--	--
910,37421	0,01146	910,41421	-0,01	911,49646	-0,0753	--	--
910,93536	0,01085	910,97536	-0,01066	912,05756	-0,07612	--	--
911,49646	0,01139	911,53646	-0,01075	912,61859	-0,07609	--	--
912,05756	0,01093	912,09756	-0,01121	913,17957	-0,07681	--	--
912,61859	0,01093	912,65859	-0,01142	913,74048	-0,07764	--	--
913,17957	0,00993	913,21957	-0,01229	914,30139	-0,07819	--	--
913,74048	0,00943	913,78048	-0,01337	914,86224	-0,0777	--	--
914,30139	0,00907	914,34139	-0,01375	915,42303	-0,07766	--	--
914,86224	0,01004	914,90224	-0,01351	915,98376	-0,07702	--	--
915,42303	0,00958	915,46303	-0,01295	916,54449	-0,07777	--	--
915,98376	0,00968	916,02376	-0,01244	917,10516	-0,07821	--	--
916,54449	0,00891	916,58449	-0,01251	917,66577	-0,079	--	--
917,10516	0,00942	917,14516	-0,01306	918,22638	-0,07885	--	--
917,66577	0,00845	917,70577	-0,0135	918,78693	-0,07908	--	--
918,22638	0,00813	918,26638	-0,01305	919,34741	-0,07941	--	--
918,78693	0,00822	918,82693	-0,01209	919,90784	-0,08014	--	--
919,34741	0,00901	919,38741	-0,01154	920,4682	-0,07957	--	--
919,90784	0,00875	919,94784	-0,01207	921,02856	-0,07876	--	--
920,4682	0,00921	920,5082	-0,01128	921,58887	-0,07837	--	--
921,02856	0,01009	921,06856	-0,01043	922,14911	-0,07823	--	--
921,58887	0,01093	921,62887	-0,00933	922,70935	-0,07731	--	--
922,14911	0,01098	922,18911	-0,00815	923,26953	-0,07701	--	--
922,70935	0,01153	922,74935	-0,00717	923,82965	-0,07643	--	--
923,26953	0,01112	923,30953	-0,00669	924,38971	-0,07642	--	--
923,82965	0,01157	923,86965	-0,00636	924,94971	-0,07567	--	--
924,38971	0,01148	924,42971	-0,00637	925,5097	-0,07507	--	--
924,94971	0,01243	924,98971	-0,00578	926,06964	-0,07443	--	--
925,5097	0,01333	925,5497	-0,00489	926,62958	-0,07455	--	--
926,06964	0,01431	926,10964	-0,00463	927,18939	-0,07513	--	--
926,62958	0,01359	926,66958	-0,0048	927,74921	-0,07536	--	--
927,18939	0,0138	927,22939	-0,00603	928,30896	-0,07633	--	--
927,74921	0,01425	927,78921	-0,00539	928,86865	-0,07773	--	--
928,30896	0,01418	928,34896	-0,00535	929,42834	-0,07776	--	--
928,86865	0,0128	928,90865	-0,00547	929,98798	-0,07783	--	--
929,42834	0,01279	929,46834	-0,00524	930,54755	-0,07793	--	--
929,98798	0,01298	930,02798	-0,00515	931,10706	-0,07747	--	--
930,54755	0,01367	930,58755	-0,00592	931,66656	-0,0772	--	--
931,10706	0,013	931,14706	-0,00604	932,22595	-0,07815	--	--
931,66656	0,01278	931,70656	-0,00614	932,78534	-0,07798	--	--
932,22595	0,01232	932,26595	-0,00706	933,34473	-0,07865	--	--
932,78534	0,01153	932,82534	-0,00683	933,90399	-0,07895	--	--
933,34473	0,01076	933,38473	-0,00818	934,46326	-0,07944	--	--
933,90399	0,01149	933,94399	-0,00857	935,02246	-0,07836	--	--
934,46326	0,01228	934,50326	-0,00899	935,5816	-0,08007	--	--
935,02246	0,01323	935,06246	-0,00827	936,14075	-0,07911	--	--
935,5816	0,01237	935,6216	-0,00922	936,69983	-0,07834	--	--
936,14075	0,01408	936,18075	-0,00929	937,25885	-0,0787	--	--
936,69983	0,01291	936,73983	-0,00945	937,81781	-0,07898	--	--
937,25885	0,01298	937,29885	-0,01008	938,37677	-0,07689	--	--
937,81781	0,01176	937,85781	-0,01017	938,93561	-0,0758	--	--
938,37677	0,01217	938,41677	-0,00927	939,49445	-0,07546	--	--
938,93561	0,01152	938,97561	-0,00724	940,05328	-0,07347	--	--
939,49445	0,01197	939,53445	-0,0075	940,612	-0,07394	--	--
940,05328	0,01392	940,09328	-0,00772	941,17072	-0,07394	--	--
940,612	0,0151	940,652	-0,00841	941,72937	-0,07376	--	--
941,17072	0,01556	941,21072	-0,00903	942,28796	-0,07557	--	--
941,72937	0,01466	941,76937	-0,01069	942,84656	-0,07637	--	--
942,28796	0,01395	942,32796	-0,01111	943,40503	-0,07528	--	--
942,84656	0,01442	942,88656	-0,01261	943,9635	-0,07511	--	--
943,40503	0,01366	943,44503	-0,01469	944,52197	-0,07613	--	--
943,9635	0,01454	944,0035	-0,01436	945,08032	-0,07415	--	--
944,52197	0,01493	944,56197	-0,01404	945,63867	-0,07459	--	--
945,08032	0,0145	945,12032	-0,01422	946,19696	-0,07488	--	--
945,63867	0,01359	945,67867	-0,01383	946,75519	-0,07517	--	--
946,19696	0,0125	946,23696	-0,01369	947,31335	-0,07285	--	--
946,75519	0,01198	946,79519	-0,01422	947,87152	-0,07331	--	--
947,31335	0,01427	947,35335	-0,01234	948,42963	-0,07402	--	--
947,87152	0,01302	947,91152	-0,01141	948,98767	-0,07329	--	--
948,42963	0,01381	948,46963	-0,0108	949,54572	-0,07217	--	--
948,98767	0,01365	949,02767	-0,00974	950,10364	-0,07405	--	--
949,54572	0,0149	949,58572	-0,0082	950,66156	-0,07425	--	--
950,10364	0,01475	950,14364	-0,00889	951,21942	-0,07547	--	--
950,66156	0,01541	950,70156	-0,00994	951,77728	-0,07686	--	--
951,21942	0,01375	951,25942	-0,01083	952,33502	-0,07569	--	--
951,77728	0,01099	951,81728	-0,01177	952,89276	-0,07514	--	--
952,33502	0,01052	952,37502	-0,01116	953,45044	-0,07554	--	--
952,89276	0,01137	952,93276	-0,00964	954,00806	-0,07357	--	--
953,45044	0,01157	953,49044	-0,00835	954,56567	-0,07344	--	--
954,00806	0,01109	954,04806	-0,00806	955,12323	-0,07303	--	--
954,56567	0,00969	954,60567	-0,00708	955,68073	-0,07313	--	--
955,12323	0,00982	955,16323	-0,00519	956,23816	-0,07129	--	--
955,68073	0,00816	955,72073	-0,00506	956,79559	-0,07229	--	--
956,23816	0,00912	956,27816	-0,00469	957,35291	-0,07107	--	--
956,79559	0,00962	956,83559	-0,00306	957,91022	-0,07002	--	--
957,35291	0,00994	957,39291	-0,00307	958,46753	-0,07137	--	--
957,91022	0,01017	957,95022	-0,00248	959,02472	-0,0724	--	--
958,46753	0,00979	958,50753	-0,00278	959,58191	-0,07224	--	--
959,02472	0,00846	959,06472	-0,00324	960,13904	-0,0727	--	--
959,58191	0,0084	959,62191	-0,00545	960,69611	-0,07328	--	--
960,13904	0,0085	960,17904	-0,00616	961,25311	-0,07465	--	--
960,69611	0,00913	960,73611	-0,00511	961,81012	-0,07376	--	--
961,25311	0,00846	961,29311	-0,00646	962,36707	-0,07391	--	--
961,81012	0,00817	961,85012	-0,00581	962,92395	-0,07165	--	--
962,36707	0,00824	962,40707	-0,00506	963,48077	-0,06948	--	--
962,92395	0,01025	962,96395	-0,00334	964,0376	-0,06777	--	--
963,48077	0,01179	963,52077	-0,00138	964,59436	-0,06744	--	--
964,0376	0,01344	964,0776	-9,18841E-5	965,15106	-0,06718	--	--
964,59436	0,0132	964,63436	-0,00142	965,7077	-0,06705	--	--
965,15106	0,01376	965,19106	-5,45748E-4	966,26428	-0,06604	--	--
965,7077	0,01523	965,7477	-1,46153E-5	966,82086	-0,0662	--	--
966,26428	0,01627	966,30428	-2,51408E-4	967,37738	-0,0655	--	--
966,82086	0,01696	966,86086	-2,81249E-4	967,93384	-0,06692	--	--
967,37738	0,01792	967,41738	1,78646E-4	968,4903	-0,06684	--	--
967,93384	0,01649	967,97384	-9,21573E-4	969,04663	-0,06746	--	--
968,4903	0,01656	968,5303	-0,00175	969,60297	-0,06684	--	--
969,04663	0,01651	969,08663	-0,00145	970,15924	-0,06566	--	--
969,60297	0,01764	969,64297	-5,08011E-4	970,71552	-0,06523	--	--
970,15924	0,01773	970,19924	-2,62681E-4	971,27167	-0,06435	--	--
970,71552	0,01704	970,75552	-3,75174E-4	971,82782	-0,06365	--	--
971,27167	0,01821	971,31167	0,002	972,38391	-0,06427	--	--
971,82782	0,01931	971,86782	0,0025	972,93994	-0,06369	--	--
972,38391	0,0187	972,42391	0,00143	973,49597	-0,06438	--	--
972,93994	0,01995	972,97994	0,00159	974,05194	-0,06395	--	--
973,49597	0,01998	973,53597	9,30507E-4	974,60785	-0,06472	--	--
974,05194	0,02137	974,09194	9,03233E-4	975,1637	-0,06454	--	--
974,60785	0,01964	974,64785	0,00108	975,71948	-0,06598	--	--
975,1637	0,01932	975,2037	6,05506E-4	976,27527	-0,06574	--	--
975,71948	0,01703	975,75948	-7,86513E-4	976,83099	-0,06522	--	--
976,27527	0,01674	976,31527	9,6159E-5	977,38666	-0,06548	--	--
976,83099	0,01687	976,87099	-1,27465E-4	977,94226	-0,06569	--	--
977,38666	0,01585	977,42666	-8,92394E-4	978,49786	-0,06573	--	--
977,94226	0,01678	977,98226	-6,92299E-4	979,05341	-0,0657	--	--
978,49786	0,01774	978,53786	-3,20611E-4	979,60889	-0,06513	--	--
979,05341	0,01858	979,09341	1,86767E-6	980,16431	-0,06579	--	--
979,60889	0,02004	979,64889	-1,66923E-4	980,71967	-0,06582	--	--
980,16431	0,02006	980,20431	-0,00119	981,27502	-0,06609	--	--
980,71967	0,02137	980,75967	-0,00108	981,83032	-0,06609	--	--
981,27502	0,02066	981,31502	-0,00119	982,38556	-0,06634	--	--
981,83032	0,01964	981,87032	-0,00121	982,94073	-0,06746	--	--
982,38556	0,02004	982,42556	-0,00107	983,49591	-0,06715	--	--
982,94073	0,0187	982,98073	-0,00147	984,05103	-0,06606	--	--
983,49591	0,01682	983,53591	-0,00166	984,60608	-0,06589	--	--
984,05103	0,01646	984,09103	-0,00238	985,16107	-0,0646	--	--
984,60608	0,01502	984,64608	-0,00217	985,71606	-0,06564	--	--
985,16107	0,01487	985,20107	-0,00201	986,27094	-0,06411	--	--
985,71606	0,01371	985,75606	-0,00308	986,82581	-0,06483	--	--
986,27094	0,01473	986,31094	-0,00319	987,38062	-0,0643	--	--
986,82581	0,01458	986,86581	-0,00327	987,93542	-0,06531	--	--
987,38062	0,01425	987,42062	-0,00301	988,49011	-0,06598	--	--
987,93542	0,01349	987,97542	-0,00259	989,0448	-0,06718	--	--
988,49011	0,01319	988,53011	-0,00359	989,59943	-0,06736	--	--
989,0448	0,01304	989,0848	-0,00404	990,15399	-0,06663	--	--
989,59943	0,01152	989,63943	-0,00488	990,70856	-0,06667	--	--
990,15399	0,01126	990,19399	-0,00452	991,26306	-0,06619	--	--
990,70856	0,00984	990,74856	-0,00523	991,8175	-0,06459	--	--
991,26306	0,00995	991,30306	-0,00315	992,37189	-0,06403	--	--
991,8175	0,01048	991,8575	-0,00154	992,92621	-0,06534	--	--
992,37189	0,00997	992,41189	-0,00136	993,48053	-0,06596	--	--
992,92621	0,01062	992,96621	-0,00292	994,03473	-0,06604	--	--
993,48053	0,01018	993,52053	-0,00329	994,58893	-0,06633	--	--
994,03473	0,01096	994,07473	-0,00304	995,14313	-0,06555	--	--
994,58893	0,01082	994,62893	-0,00341	995,6972	-0,0654	--	--
995,14313	0,01261	995,18313	-0,0033	996,25128	-0,06592	--	--
995,6972	0,01315	995,7372	-0,00239	996,8053	-0,06588	--	--
996,25128	0,01422	996,29128	-0,00195	997,35925	-0,06531	--	--
996,8053	0,0151	996,8453	-0,00123	997,91315	-0,06664	--	--
997,35925	0,01523	997,39925	-9,99203E-4	998,46704	-0,0663	--	--
997,91315	0,0148	997,95315	-0,00165	999,02081	-0,06708	--	--
998,46704	0,01531	998,50704	-7,27684E-4	999,57458	-0,06699	--	--
999,02081	0,01569	999,06081	-1,47646E-4	1000,12836	-0,06688	--	--
999,57458	0,01761	999,61458	-7,93419E-4	1000,68201	-0,06535	--	--
1000,12836	0,01758	1000,16836	-6,94365E-4	1001,23566	-0,06502	--	--
1000,68201	0,01956	1000,72201	1,52044E-4	1001,78918	-0,06636	--	--
1001,23566	0,0202	1001,27566	0,00172	1002,34271	-0,06726	--	--
1001,78918	0,01826	1001,82918	4,70746E-4	1002,89624	-0,06794	--	--
1002,34271	0,01844	1002,38271	-2,49143E-4	1003,44965	-0,06818	--	--
1002,89624	0,01806	1002,93624	-0,00188	1004,00305	-0,06895	--	--
1003,44965	0,01718	1003,48965	-0,00249	1004,5564	-0,06865	--	--
1004,00305	0,01794	1004,04305	-0,00317	1005,10968	-0,06766	--	--
1004,5564	0,01764	1004,5964	-0,00199	1005,6629	-0,06682	--	--
1005,10968	0,01975	1005,14968	-0,0019	1006,21613	-0,06502	--	--
1005,6629	0,01981	1005,7029	-0,0026	1006,76929	-0,06428	--	--
1006,21613	0,0215	1006,25613	-0,00309	1007,32239	-0,06588	--	--
1006,76929	0,02186	1006,80929	-0,00111	1007,87543	-0,06614	--	--
1007,32239	0,02108	1007,36239	-0,00186	1008,42841	-0,06617	--	--
1007,87543	0,01983	1007,91543	-0,00303	1008,98138	-0,0663	--	--
1008,42841	0,01997	1008,46841	-0,0033	1009,5343	-0,06678	--	--
1008,98138	0,01982	1009,02138	-0,00274	1010,08716	-0,06741	--	--
1009,5343	0,02034	1009,5743	-0,0025	1010,63995	-0,06625	--	--
1010,08716	0,02014	1010,12716	-0,00313	1011,19269	-0,06617	--	--
1010,63995	0,02124	1010,67995	-0,00174	1011,74542	-0,06605	--	--
1011,19269	0,02016	1011,23269	-0,00136	1012,2981	-0,06738	--	--
1011,74542	0,01977	1011,78542	-0,00241	1012,85071	-0,06765	--	--
1012,2981	0,01708	1012,3381	-0,00187	1013,40326	-0,06737	--	--
1012,85071	0,01817	1012,89071	-0,00384	1013,95581	-0,06619	--	--
1013,40326	0,01823	1013,44326	-0,00346	1014,50824	-0,06622	--	--
1013,95581	0,01993	1013,99581	-9,90826E-4	1015,06067	-0,06638	--	--
1014,50824	0,02023	1014,54824	8,09879E-4	1015,61304	-0,06699	--	--
1015,06067	0,02233	1015,10067	0,00241	1016,16541	-0,06595	--	--
1015,61304	0,0199	1015,65304	0,00267	1016,71765	-0,06431	--	--
1016,16541	0,01899	1016,20541	0,00246	1017,2699	-0,06495	--	--
1016,71765	0,01706	1016,75765	0,0032	1017,82208	-0,06604	--	--
1017,2699	0,01564	1017,3099	0,0041	1018,37421	-0,06459	--	--
1017,82208	0,01415	1017,86208	0,0056	1018,92633	-0,06518	--	--
1018,37421	0,01611	1018,41421	0,00641	1019,47833	-0,06407	--	--
1018,92633	0,01528	1018,96633	0,00746	1020,03033	-0,06409	--	--
1019,47833	0,01735	1019,51833	0,00845	1020,58228	-0,06291	--	--
1020,03033	0,016	1020,07033	0,00625	1021,13416	-0,062	--	--
1020,58228	0,02048	1020,62228	0,00712	1021,68597	-0,06129	--	--
1021,13416	0,02087	1021,17416	0,0075	1022,23779	-0,06531	--	--
1021,68597	0,02249	1021,72597	0,00694	1022,78955	-0,06517	--	--
1022,23779	0,02202	1022,27779	0,00357	1023,34125	-0,06496	--	--
1022,78955	0,0222	1022,82955	0,00303	1023,89288	-0,06336	--	--
1023,34125	0,024	1023,38125	0,0039	1024,44446	-0,06352	--	--
1023,89288	0,02914	1023,93288	0,00683	1024,99609	-0,06338	--	--
1024,44446	0,03029	1024,48446	0,00857	1025,54761	-0,06566	--	--
1024,99609	0,03206	1025,03609	0,00947	1026,099	-0,06573	--	--
1025,54761	0,02969	1025,58761	0,00613	1026,65039	-0,06758	--	--
1026,099	0,03174	1026,139	0,00565	1027,20178	-0,06535	--	--
1026,65039	0,02831	1026,69039	0,00414	1027,75305	-0,06567	--	--
1027,20178	0,03288	1027,24178	0,00603	1028,30432	-0,06573	--	--
1027,75305	0,03587	1027,79305	0,00644	1028,85559	-0,06782	--	--
1028,30432	0,03857	1028,34432	0,00459	1029,40674	-0,06871	--	--
1028,85559	0,0368	1028,89559	0,00212	1029,95776	-0,07119	--	--
1029,40674	0,03653	1029,44674	7,37852E-4	1030,50891	-0,07069	--	--
1029,95776	0,03278	1029,99776	-0,00197	1031,05994	-0,07068	--	--
1030,50891	0,03473	1030,54891	-0,00193	1031,61084	-0,06756	--	--
1031,05994	0,03311	1031,09994	-0,0022	1032,16174	-0,06974	--	--
1031,61084	0,03632	1031,65084	0,0012	1032,71265	-0,06968	--	--
1032,16174	0,03399	1032,20174	-3,06094E-4	1033,26343	-0,06877	--	--
1032,71265	0,0328	1032,75265	-7,14043E-4	1033,81421	-0,06907	--	--
1033,26343	0,0298	1033,30343	1,6464E-4	1034,36499	-0,06921	--	--
1033,81421	0,02873	1033,85421	0,00213	1034,91565	-0,06998	--	--
1034,36499	0,02707	1034,40499	9,18248E-4	1035,46631	-0,07463	--	--
1034,91565	0,02388	1034,95565	3,16143E-4	1036,01685	-0,07507	--	--
1035,46631	0,01667	1035,50631	-0,0054	1036,56738	-0,07557	--	--
1036,01685	0,01668	1036,05685	-0,007	1037,1178	-0,07578	--	--
1036,56738	0,01274	1036,60738	-0,0101	1037,66833	-0,07329	--	--
1037,1178	0,01236	1037,1578	-0,00917	1038,21863	-0,07019	--	--
1037,66833	0,00825	1037,70833	-0,00749	1038,76904	-0,0734	--	--
1038,21863	0,00963	1038,25863	-0,00719	1039,31934	-0,06945	--	--
1038,76904	0,00671	1038,80904	-0,00783	1039,86951	-0,06831	--	--
1039,31934	0,00691	1039,35934	-0,0051	1040,41968	-0,06901	--	--
1039,86951	0,00544	1039,90951	-0,00638	1040,96985	-0,06809	--	--
1040,41968	0,00909	1040,45968	-0,00693	1041,5199	-0,0643	--	--
1040,96985	0,01118	1041,00985	-0,00597	1042,06995	-0,06266	--	--
1041,5199	0,01171	1041,5599	-0,00522	1042,62	-0,06139	--	--
1042,06995	0,01265	1042,10995	-0,00391	1043,16992	-0,06239	--	--
1042,62	0,01545	1042,66	-0,00311	1043,71973	-0,06249	--	--
1043,16992	0,01074	1043,20992	-0,00802	1044,26965	-0,06653	--	--
1043,71973	0,01427	1043,75973	-0,00651	1044,81946	-0,06116	--	--
1044,26965	0,01082	1044,30965	-0,00673	1045,36914	-0,0609	--	--
1044,81946	0,00967	1044,85946	-0,00799	1045,91882	-0,05927	--	--
1045,36914	0,00717	1045,40914	-0,00791	1046,46851	-0,05454	--	--
1045,91882	0,01042	1045,95882	-0,00591	1047,01807	-0,05145	--	--
1046,46851	0,013	1046,50851	-0,00171	1047,56763	-0,04808	--	--
1047,01807	0,0175	1047,05807	0,0015	1048,11707	-0,04268	--	--
1047,56763	0,01651	1047,60763	0,00743	1048,6665	-0,0497	--	--
1048,11707	0,02312	1048,15707	0,01065	1049,21594	-0,04999	--	--
1048,6665	0,01906	1048,7065	0,00791	1049,76526	-0,04572	--	--
1049,21594	0,02338	1049,25594	0,00887	1050,31458	-0,04721	--	--
1049,76526	0,02484	1049,80526	0,01099	1050,86389	-0,05336	--	--
1050,31458	0,02652	1050,35458	0,00973	1051,41309	-0,05254	--	--
1050,86389	0,02027	1050,90389	0,00512	1051,96216	-0,05151	--	--
1051,41309	0,02091	1051,45309	0,00691	1052,51135	-0,05092	--	--
1051,96216	0,01929	1052,00216	0,00976	1053,0603	-0,04821	--	--
1052,51135	0,01704	1052,55135	0,00953	1053,60938	-0,05011	--	--
1053,0603	0,01717	1053,1003	0,00756	1054,15833	-0,04895	--	--
1053,60938	0,01844	1053,64938	0,00497	1054,70715	-0,04851	--	--
1054,15833	0,0151	1054,19833	0,00408	1055,2561	-0,04971	--	--
1054,70715	0,01555	1054,74715	0,00895	1055,80481	-0,04649	--	--
1055,2561	0,00931	1055,2961	0,00884	1056,35364	-0,04637	--	--
1055,80481	0,01466	1055,84481	0,01338	1056,90234	-0,04632	--	--
1056,35364	0,0122	1056,39364	0,01272	1057,45093	-0,05159	--	--
1056,90234	0,01615	1056,94234	0,01191	1057,99963	-0,05291	--	--
1057,45093	0,01401	1057,49093	0,01161	1058,5481	-0,05484	--	--
1057,99963	0,01511	1058,03963	0,00539	1059,09668	-0,04821	--	--
1058,5481	0,01251	1058,5881	0,006	1059,64514	-0,04786	--	--
1059,09668	0,01554	1059,13668	0,00773	1060,19348	-0,04124	--	--
1059,64514	0,0096	1059,68514	5,17364E-4	1060,74182	-0,04601	--	--
1060,19348	0,01486	1060,23348	0,00381	1061,29016	-0,03756	--	--
1060,74182	0,01733	1060,78182	0,00365	1061,83838	-0,03789	--	--
1061,29016	0,02072	1061,33016	0,00624	1062,3866	-0,0305	--	--
1061,83838	0,02045	1061,87838	0,00341	1062,93481	-0,03144	--	--
1062,3866	0,03508	1062,4266	0,00628	1063,48291	-0,03143	--	--
1062,93481	0,03233	1062,97481	0,00948	1064,03101	-0,02822	--	--
1063,48291	0,03182	1063,52291	0,00954	1064,57898	-0,0307	--	--
1064,03101	0,03309	1064,07101	0,01153	1065,12695	-0,03656	--	--
1064,57898	0,03597	1064,61898	0,00807	1065,6748	-0,03984	--	--
1065,12695	0,03162	1065,16695	0,00397	1066,22266	-0,03692	--	--
1065,6748	0,03582	1065,7148	0,00363	1066,77051	-0,03142	--	--
1066,22266	0,03615	1066,26266	0,00425	1067,31824	-0,02597	--	--
1066,77051	0,04559	1066,81051	0,01029	1067,86597	-0,02311	--	--
1067,31824	0,04366	1067,35824	0,00835	1068,41357	-0,02902	--	--
1067,86597	0,05103	1067,90597	0,01143	1068,96118	-0,02785	--	--
1068,41357	0,04803	1068,45357	0,01045	1069,50879	-0,02234	--	--
1068,96118	0,04792	1069,00118	0,00575	1070,05627	-0,02355	--	--
1069,50879	0,04519	1069,54879	0,01036	1070,60376	-0,03302	--	--
1070,05627	0,05267	1070,09627	0,00943	1071,15112	-0,02407	--	--
1070,60376	0,04714	1070,64376	0,00297	1071,69849	-0,02725	--	--
1071,15112	0,05229	1071,19112	0,01273	1072,24585	-0,02387	--	--
1071,69849	0,04836	1071,73849	0,01445	1072,79309	-0,03199	--	--
1072,24585	0,04916	1072,28585	0,01172	1073,34033	-0,03442	--	--
1072,79309	0,04392	1072,83309	0,00751	1073,88745	-0,04076	--	--
1073,34033	0,042	1073,38033	0,01447	1074,43457	-0,04032	--	--
1073,88745	0,03164	1073,92745	0,01398	1074,98169	-0,04468	--	--
1074,43457	0,03443	1074,47457	0,01391	1075,52869	-0,04183	--	--
1074,98169	0,03664	1075,02169	0,01099	1076,07556	-0,03932	--	--
1075,52869	0,04442	1075,56869	0,01593	1076,62256	-0,03486	--	--
1076,07556	0,03652	1076,11556	0,01697	1077,16931	-0,04216	--	--
1076,62256	0,03983	1076,66256	0,02456	1077,71619	-0,04545	--	--
1077,16931	0,02962	1077,20931	0,02381	1078,26294	-0,05963	--	--
1077,71619	0,02645	1077,75619	0,02249	1078,80969	-0,0677	--	--
1078,26294	0,01268	1078,30294	0,00974	1079,35632	-0,06363	--	--
1078,80969	0,01613	1078,84969	0,00396	1079,90295	-0,05536	--	--
1079,35632	0,02285	1079,39632	0,0157	1080,44946	-0,04833	--	--
1079,90295	0,03289	1079,94295	0,02625	1080,99597	-0,04164	--	--
1080,44946	0,03699	1080,48946	0,03568	1081,54248	-0,0491	--	--
1080,99597	0,03228	1081,03597	0,03499	1082,08887	-0,00484	--	--
1081,54248	0,02193	1081,58248	0,02959	1082,63513	-0,01138	--	--
1082,08887	0,03133	1082,12887	0,06704	1083,18152	-0,01056	--	--
1082,63513	0,02464	1082,67513	0,06537	1083,72778	-0,008	--	--
1083,18152	0,0315	1083,22152	0,06963	1084,27393	-0,0128	--	--
1083,72778	0,02779	1083,76778	0,07375	1084,82007	-0,01502	--	--
1084,27393	0,0183	1084,31393	0,06395	1085,36621	-0,01664	--	--
1084,82007	0,00933	1084,86007	0,0651	1085,91223	-0,01983	--	--
1085,36621	0,00828	1085,40621	0,05657	1086,45825	-0,02471	--	--
1085,91223	-9,56204E-4	1085,95223	0,04653	1087,00415	-0,03179	--	--
1086,45825	-0,00574	1086,49825	0,04549	1087,55017	-0,02771	--	--
1087,00415	-0,01492	1087,04415	0,04397	1088,09595	-0,03405	--	--
1087,55017	-0,01024	1087,59017	0,04625	1088,64172	-0,02253	--	--
1088,09595	-0,00723	1088,13595	0,04228	1089,1875	-0,01574	--	--
1088,64172	0,00481	1088,68172	0,04441	1089,73315	-0,00866	--	--
1089,1875	0,00559	1089,2275	0,04356	1090,27881	-0,01259	--	--
1089,73315	0,01009	1089,77315	0,05985	1090,82446	0,00165	--	--
1090,27881	0,00746	1090,31881	0,06801	1091,37	-0,01077	--	--
1090,82446	-0,00251	1090,86446	0,05118	1091,91553	-0,02051	--	--
1091,37	-0,00832	1091,41	0,04232	1092,46094	-5,88326E-4	--	--
1091,91553	-0,01048	1091,95553	0,03621	1093,00635	0,00798	--	--
1092,46094	-0,00454	1092,50094	0,03957	1093,55164	-0,03577	--	--
1093,00635	0,00122	1093,04635	0,05109	1094,09692	-0,02205	--	--
1093,55164	-0,00119	1093,59164	0,01551	1094,64221	-0,02277	--	--
1094,09692	0,00867	1094,13692	0,017	1095,18738	-0,02398	--	--
1094,64221	0,01353	1094,68221	0,01921	1095,73254	-0,0042	--	--
1095,18738	0,02195	1095,22738	0,02601	1096,27759	0,01962	--	--
1095,73254	0,03431	1095,77254	0,03158	1096,82263	0,01412	--	--
1096,27759	0,05457	1096,31759	0,05214	1097,36768	0,0402	--	--
1096,82263	0,06178	1096,86263	0,05348	1097,9126	0,05072	--	--
1097,36768	0,051	1097,40768	0,06396	1098,45752	0,01807	--	--
1097,9126	0,0696	1097,9526	0,05441	1099,00232	0,13411	--	--
1098,45752	0,08757	1098,49752	0,06586	1099,54712	0,04747	--	--
1099,00232	0,1019	1099,04232	0,09652	1100,0918	-0,20353	--	--
1099,54712	0,14821	1099,58712	0,08812	--	--	--	--
1100,0918	0,16927	1100,1318	0,16214	--	--	--	--