Mean molecule area A2/molecule	Surface pressure, mN/m	Mean molecule area A2/molecule	Cs-1, mN/m
228,8476	1,01747	226,4746	-1,14627
228,8356	1,01955	226,4596	-1,14583
228,8196	1,01905	226,4466	-1,1454
228,8076	1,01728	226,4346	-1,14499
228,7956	1,01792	226,4226	-1,1446
228,7796	1,01168	226,4096	-1,14421
228,7676	1,01648	226,3976	-1,14382
228,7546	1,01429	226,3816	-1,14345
228,7396	1,01368	226,3696	-1,14307
228,7266	1,0177	226,3566	-1,1427
228,7146	1,01383	226,3446	-1,14233
228,7016	1,01337	226,3326	-1,14196
228,6866	1,016	226,3196	-1,14161
228,6736	1,01248	226,3046	-1,14126
228,6616	1,0148	226,2796	-1,14092
228,6496	1,01127	226,2636	-1,14058
228,6366	1,00952	226,2516	-1,14026
228,6246	1,01192	226,2386	-1,13994
228,6086	1,00869	226,2296	-1,13964
228,5966	1,01507	226,2176	-1,13935
228,5836	1,01201	226,2046	-1,13907
228,5716	1,00967	226,1896	-1,13881
228,5556	1,01439	226,1796	-1,13856
228,5436	1,00924	226,1646	-1,13832
228,5316	1,01289	226,1516	-1,13807
228,5186	1,01261	226,1396	-1,13786
228,5066	1,00937	226,1276	-1,13767
228,4936	1,01473	226,1146	-1,1375
228,4816	1,01091	226,1026	-1,13734
228,4656	1,01214	226,0896	-1,13718
228,4536	1,01318	226,0646	-1,13704
228,4406	1,01107	226,0526	-1,13691
228,4286	1,01414	226,0406	-1,1368
228,4006	1,01192	226,0246	-1,13673
228,3886	1,01173	226,0126	-1,13666
228,3756	1,01511	225,9996	-1,13662
228,3636	1,01238	225,9876	-1,1366
228,3506	1,01205	225,9746	-1,1366
228,3386	1,01113	225,9596	-1,13662
228,3226	1,00919	225,9466	-1,13667
228,3106	1,00866	225,9346	-1,13674
228,2956	1,00831	225,9226	-1,13684
228,2826	1,00603	225,9066	-1,13697
228,2706	1,01018	225,8946	-1,13711
228,2576	1,00576	225,8816	-1,13728
228,2426	1,00892	225,8666	-1,13748
228,2296	1,00813	225,8536	-1,1377
228,2176	1,00962	225,8416	-1,13796
228,2016	1,01441	225,8286	-1,13823
228,1926	1,00828	225,8136	-1,13854
228,1766	1,00991	225,8006	-1,13886
228,1646	1,0106	225,7886	-1,13922
228,1526	1,00921	225,7726	-1,13961
228,1396	1,01106	225,7606	-1,14002
228,1276	1,00998	225,7486	-1,14045
228,1116	1,01136	225,7356	-1,14089
228,0996	1,00933	225,7236	-1,14136
228,0866	1,01342	225,7076	-1,14186
228,0746	1,00549	225,6956	-1,14239
228,0626	1,00586	225,6826	-1,14296
228,0466	1,01165	225,6706	-1,14356
228,0346	1,00943	225,6586	-1,1442
228,0216	1,01097	225,6426	-1,14487
228,0096	1,00635	225,6306	-1,14557
227,9966	1,00851	225,6176	-1,14628
227,9846	1,01097	225,6056	-1,14703
227,9686	1,01095	225,5896	-1,14781
227,9566	1,00739	225,5776	-1,14861
227,9446	1,0092	225,5646	-1,14945
227,9286	1,0079	225,5526	-1,15033
227,9166	1,01024	225,5366	-1,15124
227,9036	1,00579	225,5246	-1,15217
227,8786	1,00934	225,5126	-1,15311
227,8666	1,00799	225,4996	-1,1541
227,8536	1,00633	225,4876	-1,15511
227,8416	1,00921	225,4596	-1,15615
227,8266	1,00746	225,4436	-1,15722
227,8136	1,00834	225,4316	-1,15832
227,8016	1,00724	225,4216	-1,15945
227,7856	1,00722	225,4066	-1,16062
227,7736	1,00836	225,3936	-1,16182
227,7606	1,00436	225,3816	-1,16304
227,7486	1,00647	225,3696	-1,1643
227,7356	1,00373	225,3596	-1,16559
227,7206	1,00374	225,3476	-1,16691
227,7076	1,00379	225,3346	-1,16826
227,6956	1,00404	225,3226	-1,16965
227,6806	1,00395	225,3106	-1,17106
227,6676	1,00272	225,2976	-1,17249
227,6556	1,00459	225,2726	-1,17395
227,6396	1,00422	225,2576	-1,17543
227,6276	1,00681	225,2446	-1,17693
227,6146	1,00664	225,2326	-1,17845
227,6026	1,00492	225,2206	-1,18
227,5896	1,00555	225,2076	-1,18156
227,5746	1,00431	225,1926	-1,18314
227,5616	1,00273	225,1796	-1,18472
227,5496	1,00417	225,1676	-1,18631
227,5376	1,00276	225,1516	-1,18791
227,5246	1,00319	225,1396	-1,18951
227,5126	1,00603	225,1266	-1,19112
227,4996	1,00332	225,1116	-1,19272
227,4846	1,00547	225,0986	-1,19431
227,4716	1,00518	225,0866	-1,1959
227,4596	1,00168	225,0746	-1,19748
227,4436	1,00602	225,0586	-1,19905
227,4316	1,00342	225,0466	-1,20061
227,4196	1,00418	225,0306	-1,20215
227,4036	1,0034	225,0186	-1,20368
227,3916	1,00154	225,0026	-1,2052
227,3786	1,00326	224,9906	-1,2067
227,3666	0,99891	224,9776	-1,20817
227,3506	1,00403	224,9656	-1,20963
227,3386	1,00013	224,9526	-1,21106
227,3256	0,99792	224,9376	-1,21246
227,3136	1,00622	224,9256	-1,21382
227,2856	0,99733	224,9126	-1,21516
227,2736	0,99987	224,9006	-1,21645
227,2606	1,00168	224,8876	-1,2177
227,2486	0,99221	224,8726	-1,21892
227,2356	0,99881	224,8596	-1,22008
227,2236	0,99932	224,8446	-1,22121
227,2116	0,99679	224,8316	-1,22228
227,1986	1,00503	224,8196	-1,22331
227,1866	0,99991	224,8066	-1,22429
227,1736	1,00034	224,7916	-1,22521
227,1616	1,00579	224,7796	-1,22608
227,1486	1,00046	224,7666	-1,22688
227,1366	1,00348	224,7516	-1,22762
227,1246	1,00122	224,7386	-1,22829
227,1116	0,9974	224,7266	-1,22889
227,0866	1,00211	224,7136	-1,22942
227,0746	0,99693	224,7016	-1,22988
227,0586	0,99661	224,6886	-1,23027
227,0466	0,99942	224,6736	-1,23058
227,0336	0,99701	224,6606	-1,23081
227,0186	0,99945	224,6486	-1,23096
227,0056	1,00167	224,6366	-1,23102
226,9906	0,99986	224,6236	-1,231
226,9786	1,00075	224,6086	-1,2309
226,9656	1,00276	224,5956	-1,23071
226,9506	1,00098	224,5836	-1,23042
226,9376	1,00176	224,5706	-1,23005
226,9256	1,00241	224,5556	-1,22958
226,9126	1,00002	224,5426	-1,22902
226,8976	1,00386	224,5306	-1,22836
226,8846	1,00043	224,5186	-1,2276
226,8726	1,00276	224,4906	-1,22675
226,8606	1,00276	224,4776	-1,22579
226,8476	1,00243	224,4656	-1,22472
226,8326	1,00449	224,4526	-1,22355
226,8196	1,00274	224,4406	-1,22226
226,8076	1,00208	224,4286	-1,22086
226,7916	1,00587	224,4156	-1,21935
226,7796	1,00158	224,4036	-1,21772
226,7666	1,00315	224,3906	-1,21598
226,7516	1,00783	224,3786	-1,21412
226,7386	1,00035	224,3656	-1,21214
226,7266	1,01072	224,3536	-1,21002
226,7146	1,00225	224,3416	-1,20778
226,7016	1,00289	224,3286	-1,2054
226,6866	1,00891	224,3166	-1,20289
226,6736	0,9976	224,2916	-1,20024
226,6616	1,00635	224,2786	-1,19745
226,6486	1,0017	224,2666	-1,19454
226,6336	0,9983	224,2506	-1,19148
226,6206	1,0081	224,2386	-1,18829
226,6086	0,99813	224,2266	-1,18495
226,5926	1,00072	224,2136	-1,18148
226,5806	1,00579	224,2016	-1,17786
226,5686	0,99439	224,1856	-1,17411
226,5556	1,00607	224,1736	-1,17023
226,5406	1,00185	224,1606	-1,16623
226,5276	0,99757	224,1456	-1,16207
226,5126	1,008	224,1326	-1,15779
226,4996	0,9976	224,1206	-1,15335
226,4876	1,00163	224,1086	-1,14878
226,4746	1,0093	224,0926	-1,14406
226,4596	0,99515	224,0806	-1,13919
226,4466	1,00957	224,0676	-1,13417
226,4346	0,99974	224,0526	-1,129
226,4226	1,00391	224,0396	-1,1237
226,4096	1,01028	224,0276	-1,11824
226,3976	0,99974	224,0116	-1,11263
226,3816	1,00958	223,9996	-1,10687
226,3696	1,0076	223,9866	-1,10099
226,3566	1,0024	223,9746	-1,09496
226,3446	1,01296	223,9626	-1,08878
226,3326	1,00023	223,9466	-1,08246
226,3196	1,00808	223,9346	-1,076
226,3046	1,00723	223,9216	-1,06939
226,2796	0,99767	223,9096	-1,06264
226,2636	1,00808	223,8966	-1,05574
226,2516	0,99795	223,8816	-1,0487
226,2386	0,99897	223,8686	-1,04152
226,2296	1,00377	223,8536	-1,03419
226,2176	0,99509	223,8416	-1,02672
226,2046	1,00518	223,8286	-1,01912
226,1896	1,00191	223,8166	-1,01139
226,1796	0,99805	223,8006	-1,00352
226,1646	1,00595	223,7886	-0,99551
226,1516	0,99546	223,7756	-0,98737
226,1396	1,00594	223,7636	-0,97911
226,1276	0,99934	223,7506	-0,97072
226,1146	0,9967	223,7386	-0,9622
226,1026	1,00509	223,7226	-0,95356
226,0896	0,99421	223,7106	-0,94478
226,0646	0,99917	223,6986	-0,93589
226,0526	0,99911	223,6826	-0,92686
226,0406	0,99429	223,6706	-0,91772
226,0246	1,00361	223,6576	-0,90844
226,0126	0,99483	223,6426	-0,89905
225,9996	0,99801	223,6296	-0,88955
225,9876	1,00125	223,6046	-0,87995
225,9746	0,99398	223,5926	-0,87022
225,9596	1,00306	223,5806	-0,86038
225,9466	0,99572	223,5676	-0,85041
225,9346	0,99657	223,5526	-0,84033
225,9226	1,0039	223,5396	-0,83014
225,9066	0,99474	223,5276	-0,81984
225,8946	1,00342	223,5116	-0,80941
225,8816	1,00115	223,4996	-0,79887
225,8666	0,99722	223,4866	-0,78822
225,8536	1,00465	223,4746	-0,77745
225,8416	0,9985	223,4586	-0,76657
225,8286	1,00508	223,4466	-0,75559
225,8136	1,00865	223,4316	-0,7445
225,8006	0,99686	223,4186	-0,7333
225,7886	1,00853	223,4066	-0,722
225,7726	1,00176	223,3936	-0,71058
225,7606	1,00331	223,3816	-0,69907
225,7486	1,00743	223,3656	-0,68746
225,7356	0,99358	223,3536	-0,67575
225,7236	1,00469	223,3376	-0,66394
225,7076	0,99947	223,3256	-0,65203
225,6956	1,00217	223,3126	-0,64002
225,6826	1,00489	223,3006	-0,62791
225,6706	0,99885	223,2886	-0,61572
225,6586	1,00386	223,2756	-0,60343
225,6426	1,00265	223,2606	-0,59106
225,6306	1,00194	223,2476	-0,57858
225,6176	1,00612	223,2356	-0,56602
225,6056	1,00112	223,2226	-0,55337
225,5896	0,99977	223,2076	-0,54064
225,5776	1,00268	223,1946	-0,52782
225,5646	0,99749	223,1826	-0,51492
225,5526	1,00159	223,1666	-0,50194
225,5366	0,99974	223,1546	-0,48887
225,5246	0,99602	223,1426	-0,47572
225,5126	0,99963	223,1296	-0,46249
225,4996	0,99699	223,1146	-0,44919
225,4876	0,99696	223,1016	-0,43583
225,4596	0,99857	223,0896	-0,42238
225,4436	0,99656	223,0766	-0,40885
225,4316	1,00031	223,0646	-0,39524
225,4216	0,99617	223,0526	-0,38157
225,4066	0,9962	223,0366	-0,36783
225,3936	0,99801	223,0246	-0,35402
225,3816	0,99461	223,0116	-0,34015
225,3696	0,99768	222,9996	-0,32623
225,3596	0,99827	222,9836	-0,31224
225,3476	0,99593	222,9716	-0,29821
225,3346	1,00151	222,9586	-0,28411
225,3226	1,00201	222,9466	-0,26997
225,3106	1,00374	222,9306	-0,25578
225,2976	0,99893	222,9186	-0,24154
225,2726	0,99861	222,9066	-0,22723
225,2576	1,0014	222,8936	-0,21288
225,2446	1,00038	222,8786	-0,19849
225,2326	1,00328	222,8656	-0,18405
225,2206	0,99963	222,8506	-0,16957
225,2076	1,00111	222,8376	-0,15503
225,1926	0,99778	222,8256	-0,14046
225,1796	0,99063	222,7976	-0,12583
225,1676	0,99623	222,7846	-0,11116
225,1516	0,99473	222,7726	-0,09645
225,1396	0,9968	222,7606	-0,08171
225,1266	0,99303	222,7446	-0,06692
225,1116	0,99138	222,7326	-0,0521
225,0986	0,99558	222,7196	-0,03724
225,0866	0,99417	222,7076	-0,02234
225,0746	0,99567	222,6916	-0,00742
225,0586	0,99416	222,6796	0,00755
225,0466	0,99699	222,6666	0,02253
225,0306	0,99619	222,6516	0,03755
225,0186	0,9971	222,6386	0,05262
225,0026	0,99123	222,6266	0,06768
224,9906	0,99173	222,6146	0,08276
224,9776	0,99416	222,5986	0,09789
224,9656	0,98976	222,5866	0,11304
224,9526	0,99483	222,5736	0,12824
224,9376	0,993	222,5586	0,14346
224,9256	0,9924	222,5456	0,1587
224,9126	0,99603	222,5336	0,17396
224,9006	0,99176	222,5206	0,18924
224,8876	0,99001	222,5086	0,20455
224,8726	0,9946	222,4936	0,21989
224,8596	0,9865	222,4806	0,23523
224,8446	0,99195	222,4686	0,25061
224,8316	0,99419	222,4556	0,26599
224,8196	0,99083	222,4436	0,2814
224,8066	0,99042	222,4276	0,29678
224,7916	0,99197	222,4156	0,31217
224,7796	0,99169	222,4026	0,32757
224,7666	0,99124	222,3906	0,34299
224,7516	0,99604	222,3746	0,35841
224,7386	0,9892	222,3626	0,37385
224,7266	0,99374	222,3506	0,3893
224,7136	0,99187	222,3376	0,40474
224,7016	0,99061	222,3256	0,4202
224,6886	0,99752	222,3096	0,43564
224,6736	0,99008	222,2976	0,4511
224,6606	0,99509	222,2816	0,46656
224,6486	0,99635	222,2696	0,48204
224,6366	0,99114	222,2566	0,49753
224,6236	0,99618	222,2446	0,51303
224,6086	0,99166	222,2326	0,52852
224,5956	0,99388	222,2166	0,544
224,5836	0,99355	222,2046	0,55949
224,5706	0,99457	222,1916	0,57497
224,5556	0,99352	222,1796	0,59044
224,5426	0,99494	222,1666	0,60588
224,5306	0,99383	222,1516	0,62134
224,5186	0,99752	222,1386	0,63677
224,4906	0,99669	222,1266	0,65214
224,4776	0,99456	222,1106	0,66749
224,4656	0,99955	222,0986	0,68285
224,4526	0,99463	222,0866	0,6982
224,4406	0,99395	222,0736	0,71354
224,4286	0,99651	222,0586	0,72887
224,4156	0,9908	222,0456	0,7442
224,4036	0,99348	222,0336	0,75952
224,3906	0,99512	222,0206	0,77478
224,3786	0,98964	222,0056	0,79002
224,3656	0,99708	221,9926	0,80522
224,3536	0,99289	221,9646	0,82039
224,3416	0,99346	221,9526	0,83554
224,3286	0,99524	221,9406	0,85069
224,3166	0,99337	221,9276	0,86582
224,2916	0,99227	221,9156	0,88093
224,2786	0,98963	221,8996	0,89604
224,2666	0,99127	221,8876	0,91112
224,2506	0,99285	221,8746	0,92619
224,2386	0,98975	221,8626	0,9412
224,2266	0,99123	221,8506	0,95619
224,2136	0,99142	221,8376	0,97116
224,2016	0,98851	221,8256	0,98612
224,1856	0,99055	221,8126	1,00105
224,1736	0,9865	221,8006	1,01597
224,1606	0,98751	221,7876	1,03085
224,1456	0,98831	221,7756	1,04569
224,1326	0,98453	221,7636	1,0605
224,1206	0,98996	221,7506	1,07528
224,1086	0,98394	221,7226	1,09002
224,0926	0,98397	221,7106	1,10472
224,0806	0,98375	221,7006	1,11939
224,0676	0,98026	221,6886	1,13403
224,0526	0,98429	221,6736	1,14864
224,0396	0,98115	221,6606	1,16322
224,0276	0,97944	221,6486	1,17778
224,0116	0,98488	221,6356	1,1923
223,9996	0,98066	221,6236	1,2068
223,9866	0,98188	221,6106	1,22126
223,9746	0,98634	221,5986	1,2357
223,9626	0,98055	221,5866	1,2501
223,9466	0,98409	221,5736	1,26448
223,9346	0,98147	221,5616	1,27882
223,9216	0,98131	221,5366	1,29314
223,9096	0,9833	221,5236	1,30742
223,8966	0,97938	221,5086	1,32168
223,8816	0,98138	221,4956	1,3359
223,8686	0,97962	221,4836	1,3501
223,8536	0,97998	221,4716	1,36428
223,8416	0,98149	221,4556	1,37843
223,8286	0,98192	221,4436	1,39254
223,8166	0,97758	221,4306	1,4035
223,8006	0,97908	221,4156	1,41443
223,7886	0,97845	221,4026	1,42454
223,7756	0,9783	221,3906	1,43464
223,7636	0,97951	221,3776	1,44475
223,7506	0,97673	221,3626	1,45485
223,7386	0,98034	221,3506	1,46494
223,7226	0,97923	221,3376	1,47503
223,7106	0,98037	221,3256	1,48512
223,6986	0,98303	221,3096	1,4952
223,6826	0,97979	221,2976	1,50526
223,6706	0,98273	221,2846	1,51532
223,6576	0,98118	221,2696	1,52538
223,6426	0,98072	221,2566	1,53545
223,6296	0,98365	221,2446	1,54551
223,6046	0,98269	221,2286	1,55558
223,5926	0,98174	221,2166	1,56564
223,5806	0,98428	221,2036	1,5757
223,5676	0,98176	221,1916	1,58576
223,5526	0,98326	221,1796	1,59584
223,5396	0,98619	221,1636	1,60592
223,5276	0,98193	221,1516	1,616
223,5116	0,9839	221,1386	1,62609
223,4996	0,98254	221,1266	1,63618
223,4866	0,98268	221,1106	1,64628
223,4746	0,98448	221,0986	1,65638
223,4586	0,98301	221,0856	1,66647
223,4466	0,98502	221,0706	1,67655
223,4316	0,9837	221,0586	1,68661
223,4186	0,98387	221,0456	1,69667
223,4066	0,98626	221,0336	1,70675
223,3936	0,98626	221,0206	1,71684
223,3816	0,98782	221,0056	1,72692
223,3656	0,98681	220,9926	1,73701
223,3536	0,98718	220,9806	1,7471
223,3376	0,99033	220,9676	1,7572
223,3256	0,98889	220,9556	1,7673
223,3126	0,98834	220,9436	1,7774
223,3006	0,98883	220,9276	1,78751
223,2886	0,98792	220,9156	1,79761
223,2756	0,9886	220,9026	1,80771
223,2606	0,98813	220,8906	1,8178
223,2476	0,98612	220,8746	1,82788
223,2356	0,98746	220,8626	1,83798
223,2226	0,98569	220,8466	1,84807
223,2076	0,98674	220,8346	1,85817
223,1946	0,98531	220,8216	1,86827
223,1826	0,98442	220,8096	1,87837
223,1666	0,98729	220,7976	1,88847
223,1546	0,98199	220,7816	1,89858
223,1426	0,98544	220,7696	1,90876
223,1296	0,98494	220,7566	1,91896
223,1146	0,98472	220,7416	1,92914
223,1016	0,98634	220,7286	1,9393
223,0896	0,98591	220,7166	1,94947
223,0766	0,98586	220,7006	1,95962
223,0646	0,98655	220,6886	1,96975
223,0526	0,98487	220,6756	1,97988
223,0366	0,98571	220,6636	1,99001
223,0246	0,9846	220,6486	2,00014
223,0116	0,98359	220,6356	2,01025
222,9996	0,98575	220,6206	2,02037
222,9836	0,97999	220,6076	2,0305
222,9716	0,98289	220,5926	2,04063
222,9586	0,9849	220,5796	2,05074
222,9466	0,98046	220,5676	2,06087
222,9306	0,9843	220,5516	2,071
222,9186	0,98312	220,5396	2,08113
222,9066	0,98576	220,5266	2,09127
222,8936	0,9863	220,5116	2,10143
222,8786	0,9884	220,4986	2,11158
222,8656	0,98936	220,4866	2,12174
222,8506	0,99007	220,4706	2,13191
222,8376	0,99151	220,4586	2,14208
222,8256	0,98963	220,4466	2,15226
222,7976	0,99041	220,4306	2,16244
222,7846	0,99131	220,4186	2,17263
222,7726	0,99031	220,4056	2,18283
222,7606	0,98964	220,3936	2,19303
222,7446	0,992	220,3776	2,20324
222,7326	0,98838	220,3656	2,21345
222,7196	0,99271	220,3526	2,22367
222,7076	0,98742	220,3376	2,23389
222,6916	0,98869	220,3256	2,24413
222,6796	0,99216	220,3126	2,25437
222,6666	0,985	220,3006	2,26462
222,6516	0,99112	220,2726	2,27488
222,6386	0,9852	220,2596	2,28514
222,6266	0,98521	220,2476	2,2954
222,6146	0,99053	220,2316	2,30568
222,5986	0,98487	220,2226	2,31597
222,5866	0,98839	220,2106	2,32626
222,5736	0,98689	220,1976	2,33657
222,5586	0,98284	220,1856	2,34689
222,5456	0,98765	220,1726	2,35722
222,5336	0,98421	220,1606	2,36755
222,5206	0,98349	220,1476	2,37789
222,5086	0,98733	220,1356	2,38824
222,4936	0,98552	220,1236	2,39862
222,4806	0,98893	220,1106	2,40901
222,4686	0,99027	220,0986	2,41942
222,4556	0,98613	220,0736	2,42984
222,4436	0,98828	220,0616	2,44028
222,4276	0,99029	220,0456	2,45073
222,4156	0,98236	220,0336	2,46119
222,4026	0,98964	220,0206	2,47166
222,3906	0,98362	220,0086	2,48213
222,3746	0,9817	219,9926	2,4926
222,3626	0,98562	219,9806	2,50308
222,3506	0,97977	219,9676	2,51356
222,3376	0,98194	219,9556	2,52405
222,3256	0,98086	219,9426	2,53455
222,3096	0,978	219,9276	2,54507
222,2976	0,98066	219,9156	2,5556
222,2816	0,97988	219,9026	2,56614
222,2696	0,97744	219,8906	2,5767
222,2566	0,97894	219,8746	2,58729
222,2446	0,97698	219,8626	2,5979
222,2326	0,97979	219,8496	2,60853
222,2166	0,98016	219,8376	2,61916
222,2046	0,97963	219,8246	2,62981
222,1916	0,98131	219,8096	2,64048
222,1796	0,97823	219,7966	2,65116
222,1666	0,9818	219,7846	2,66185
222,1516	0,97674	219,7726	2,67256
222,1386	0,97835	219,7596	2,68327
222,1266	0,97708	219,7446	2,694
222,1106	0,97711	219,7316	2,70474
222,0986	0,97738	219,7196	2,71549
222,0866	0,98022	219,7066	2,72626
222,0736	0,97714	219,6916	2,73705
222,0586	0,98122	219,6786	2,74785
222,0456	0,97805	219,6666	2,75866
222,0336	0,97905	219,6546	2,76949
222,0206	0,98187	219,6386	2,78033
222,0056	0,9779	219,6266	2,79118
221,9926	0,98024	219,6136	2,80205
221,9646	0,97798	219,6016	2,81294
221,9526	0,97828	219,5856	2,82387
221,9406	0,98127	219,5736	2,8348
221,9276	0,9812	219,5606	2,84575
221,9156	0,97959	219,5486	2,85672
221,8996	0,98194	219,5206	2,8677
221,8876	0,9777	219,5086	2,8787
221,8746	0,98066	219,4956	2,88971
221,8626	0,98232	219,4806	2,90074
221,8506	0,98423	219,4676	2,91178
221,8376	0,98713	219,4556	2,92284
221,8256	0,9827	219,4426	2,9339
221,8126	0,98706	219,4276	2,94499
221,8006	0,98199	219,4146	2,95611
221,7876	0,98342	219,4026	2,96725
221,7756	0,9833	219,3906	2,97841
221,7636	0,98536	219,3746	2,98959
221,7506	0,98137	219,3626	3,00079
221,7226	0,98471	219,3466	3,012
221,7106	0,98432	219,3346	3,02324
221,7006	0,98481	219,3216	3,03449
221,6886	0,9849	219,3096	3,04576
221,6736	0,98459	219,2936	3,05703
221,6606	0,98521	219,2816	3,06833
221,6486	0,98568	219,2686	3,07964
221,6356	0,98496	219,2566	3,09098
221,6236	0,9828	219,2416	3,10234
221,6106	0,98192	219,2286	3,11371
221,5986	0,98178	219,2166	3,12511
221,5866	0,97831	219,2036	3,13652
221,5736	0,98088	219,1916	3,14794
221,5616	0,97791	219,1786	3,15939
221,5366	0,97608	219,1636	3,17086
221,5236	0,97515	219,1506	3,18234
221,5086	0,97626	219,1386	3,19384
221,4956	0,97285	219,1266	3,20536
221,4836	0,97344	219,1106	3,2169
221,4716	0,97333	219,0986	3,22846
221,4556	0,97179	219,0856	3,24004
221,4436	0,97089	219,0736	3,25164
221,4306	0,96909	219,0606	3,26326
221,4156	0,97091	219,0486	3,27491
221,4026	0,96978	219,0326	3,28657
221,3906	0,96927	219,0206	3,29825
221,3776	0,96819	219,0086	3,30995
221,3626	0,96717	218,9926	3,32168
221,3506	0,96822	218,9806	3,33343
221,3376	0,96845	218,9676	3,34519
221,3256	0,96805	218,9556	3,35698
221,3096	0,96861	218,9426	3,36878
221,2976	0,96451	218,9276	3,38061
221,2846	0,96951	218,9146	3,39245
221,2696	0,96729	218,9026	3,40431
221,2566	0,96613	218,8906	3,41619
221,2446	0,96675	218,8626	3,42809
221,2286	0,96373	218,8496	3,44001
221,2166	0,96681	218,8376	3,45195
221,2036	0,966	218,8216	3,4639
221,1916	0,96412	218,8096	3,47588
221,1796	0,96815	218,7966	3,48787
221,1636	0,96041	218,7846	3,49988
221,1516	0,96366	218,7686	3,5119
221,1386	0,96415	218,7536	3,52395
221,1266	0,96083	218,7406	3,53601
221,1106	0,96342	218,7286	3,54809
221,0986	0,95862	218,7166	3,5602
221,0856	0,95778	218,7036	3,57232
221,0706	0,96112	218,6886	3,58444
221,0586	0,96021	218,6756	3,59656
221,0456	0,96278	218,6636	3,6087
221,0336	0,96364	218,6506	3,62088
221,0206	0,96481	218,6386	3,63307
221,0056	0,96681	218,6266	3,64528
220,9926	0,96387	218,6136	3,65753
220,9806	0,96684	218,6016	3,66981
220,9676	0,96637	218,5886	3,68211
220,9556	0,96458	218,5736	3,69443
220,9436	0,9679	218,5606	3,70677
220,9276	0,96426	218,5486	3,71913
220,9156	0,96438	218,5356	3,73151
220,9026	0,96434	218,5236	3,74391
220,8906	0,96133	218,5116	3,75634
220,8746	0,96465	218,4986	3,76876
220,8626	0,96201	218,4736	3,78118
220,8466	0,96224	218,4586	3,79362
220,8346	0,95986	218,4486	3,80607
220,8216	0,96037	218,4336	3,81855
220,8096	0,95886	218,4216	3,83105
220,7976	0,95884	218,4086	3,84357
220,7816	0,95822	218,3936	3,85612
220,7696	0,95752	218,3806	3,8687
220,7566	0,95509	218,3686	3,88131
220,7416	0,95784	218,3556	3,89394
220,7286	0,95587	218,3406	3,90658
220,7166	0,95642	218,3276	3,91924
220,7006	0,95973	218,3156	3,93191
220,6886	0,9557	218,3026	3,9446
220,6756	0,95923	218,2906	3,9573
220,6636	0,95653	218,2756	3,97002
220,6486	0,95494	218,2626	3,98275
220,6356	0,96136	218,2506	3,9955
220,6206	0,95523	218,2376	4,00827
220,6076	0,96093	218,2256	4,02104
220,5926	0,95914	218,2096	4,03383
220,5796	0,954	218,1976	4,04664
220,5676	0,95962	218,1846	4,05948
220,5516	0,95557	218,1726	4,07233
220,5396	0,95537	218,1606	4,0852
220,5266	0,957	218,1446	4,09808
220,5116	0,95583	218,1326	4,11098
220,4986	0,959	218,1196	4,12391
220,4866	0,96048	218,1046	4,13685
220,4706	0,95712	218,0916	4,1498
220,4586	0,96059	218,0796	4,16278
220,4466	0,95656	218,0666	4,17578
220,4306	0,95673	218,0516	4,1888
220,4186	0,9598	218,0396	4,20183
220,4056	0,953	218,0266	4,21488
220,3936	0,95821	218,0116	4,22794
220,3776	0,95701	217,9986	4,24101
220,3656	0,95506	217,9866	4,2541
220,3526	0,96218	217,9706	4,2672
220,3376	0,95585	217,9586	4,28032
220,3256	0,95836	217,9456	4,29346
220,3126	0,96157	217,9306	4,30662
220,3006	0,95854	217,9176	4,31979
220,2726	0,96348	217,9056	4,33297
220,2596	0,96213	217,8936	4,34618
220,2476	0,96002	217,8776	4,35939
220,2316	0,96248	217,8656	4,37262
220,2226	0,96262	217,8526	4,38588
220,2106	0,9623	217,8376	4,39914
220,1976	0,96077	217,8246	4,41242
220,1856	0,96155	217,8126	4,42571
220,1726	0,96096	217,7996	4,43901
220,1606	0,96044	217,7846	4,45233
220,1476	0,96118	217,7716	4,46567
220,1356	0,95754	217,7596	4,47902
220,1236	0,9608	217,7346	4,4924
220,1106	0,95725	217,7226	4,50579
220,0986	0,95937	217,7066	4,51918
220,0736	0,9615	217,6946	4,5326
220,0616	0,96148	217,6816	4,54603
220,0456	0,96138	217,6666	4,55947
220,0336	0,96437	217,6536	4,57292
220,0206	0,95962	217,6416	4,58639
220,0086	0,9604	217,6286	4,59988
219,9926	0,95993	217,6136	4,61338
219,9806	0,9599	217,6016	4,6269
219,9676	0,96049	217,5856	4,64043
219,9556	0,95797	217,5736	4,65397
219,9426	0,95915	217,5576	4,66752
219,9276	0,95834	217,5456	4,6811
219,9156	0,95638	217,5326	4,6947
219,9026	0,95946	217,5206	4,70831
219,8906	0,95639	217,5076	4,72193
219,8746	0,95703	217,4926	4,73557
219,8626	0,95848	217,4796	4,74922
219,8496	0,95267	217,4676	4,76289
219,8376	0,95644	217,4516	4,77656
219,8246	0,95458	217,4396	4,79026
219,8096	0,9526	217,4276	4,80396
219,7966	0,95483	217,4116	4,81768
219,7846	0,94861	217,3996	4,83141
219,7726	0,95403	217,3866	4,84516
219,7596	0,95027	217,3716	4,85891
219,7446	0,95495	217,3586	4,87267
219,7316	0,95636	217,3466	4,88645
219,7196	0,95373	217,3336	4,90024
219,7066	0,95859	217,3186	4,91405
219,6916	0,95972	217,3056	4,92786
219,6786	0,95741	217,2936	4,94171
219,6666	0,9625	217,2816	4,95558
219,6546	0,95607	217,2656	4,96946
219,6386	0,9557	217,2536	4,98336
219,6266	0,95463	217,2376	4,99727
219,6136	0,94945	217,2256	5,0112
219,6016	0,95338	217,2126	5,02513
219,5856	0,95073	217,1976	5,03906
219,5736	0,95164	217,1846	5,053
219,5606	0,95259	217,1726	5,06694
219,5486	0,95238	217,1606	5,08089
219,5206	0,95272	217,1446	5,09486
219,5086	0,95485	217,1326	5,10885
219,4956	0,95252	217,1196	5,12286
219,4806	0,9548	217,1076	5,13687
219,4676	0,95469	217,0916	5,15091
219,4556	0,95426	217,0796	5,16497
219,4426	0,96022	217,0636	5,17904
219,4276	0,95677	217,0516	5,19311
219,4146	0,95977	217,0386	5,20721
219,4026	0,95524	217,0236	5,22131
219,3906	0,95578	217,0106	5,23542
219,3746	0,95928	216,9986	5,24956
219,3626	0,95406	216,9866	5,2637
219,3466	0,95627	216,9736	5,27785
219,3346	0,95875	216,9586	5,29201
219,3216	0,95768	216,9456	5,30619
219,3096	0,9595	216,9336	5,32038
219,2936	0,96101	216,9176	5,3346
219,2816	0,95733	216,9056	5,34883
219,2686	0,96123	216,8926	5,36307
219,2566	0,96123	216,8776	5,37731
219,2416	0,95976	216,8646	5,39157
219,2286	0,96659	216,8526	5,40584
219,2166	0,95863	216,8366	5,42012
219,2036	0,95912	216,8246	5,43442
219,1916	0,96053	216,8126	5,44872
219,1786	0,95614	216,7966	5,46304
219,1636	0,96207	216,7846	5,47739
219,1506	0,95921	216,7716	5,49174
219,1386	0,96276	216,7596	5,50609
219,1266	0,96731	216,7436	5,52047
219,1106	0,96178	216,7316	5,53485
219,0986	0,96844	216,7156	5,54924
219,0856	0,96599	216,7036	5,56365
219,0736	0,96833	216,6876	5,57806
219,0606	0,96829	216,6756	5,59248
219,0486	0,96495	216,6636	5,60691
219,0326	0,96536	216,6506	5,62137
219,0206	0,96871	216,6386	5,63583
219,0086	0,96454	216,6256	5,6503
218,9926	0,967	216,6136	5,66478
218,9806	0,9645	216,6006	5,67929
218,9676	0,96499	216,5856	5,6938
218,9556	0,96643	216,5726	5,70832
218,9426	0,96637	216,5606	5,72286
218,9276	0,96635	216,5456	5,7374
218,9146	0,96772	216,5326	5,75196
218,9026	0,96867	216,5206	5,76653
218,8906	0,96825	216,5076	5,78111
218,8626	0,96775	216,4926	5,7957
218,8496	0,96823	216,4796	5,8103
218,8376	0,97168	216,4676	5,82492
218,8216	0,97059	216,4516	5,83954
218,8096	0,9693	216,4396	5,85418
218,7966	0,97148	216,4266	5,86883
218,7846	0,96558	216,4116	5,88349
218,7686	0,96909	216,3996	5,89815
218,7536	0,96957	216,3836	5,91284
218,7406	0,96844	216,3716	5,92754
218,7286	0,96785	216,3586	5,94224
218,7166	0,96807	216,3436	5,95695
218,7036	0,96954	216,3306	5,97167
218,6886	0,97091	216,3186	5,98642
218,6756	0,9746	216,3056	6,00117
218,6636	0,96879	216,2936	6,01592
218,6506	0,97097	216,2776	6,03069
218,6386	0,97169	216,2656	6,04547
218,6266	0,97546	216,2496	6,06026
218,6136	0,97153	216,2376	6,07507
218,6016	0,97498	216,2256	6,08988
218,5886	0,97208	216,2096	6,10469
218,5736	0,9752	216,1976	6,11949
218,5606	0,97757	216,1816	6,13431
218,5486	0,97344	216,1696	6,14915
218,5356	0,97852	216,1566	6,164
218,5236	0,97636	216,1416	6,17885
218,5116	0,97811	216,1286	6,19372
218,4986	0,9788	216,1166	6,20861
218,4736	0,97948	216,1036	6,2235
218,4586	0,97866	216,0886	6,23842
218,4486	0,98025	216,0766	6,25334
218,4336	0,98084	216,0636	6,26829
218,4216	0,97948	216,0486	6,28325
218,4086	0,9832	216,0356	6,29823
218,3936	0,97791	216,0236	6,31324
218,3806	0,9817	216,0076	6,32826
218,3686	0,98065	215,9956	6,34332
218,3556	0,97898	215,9826	6,3584
218,3406	0,98103	215,9706	6,37347
218,3276	0,97893	215,9546	6,38856
218,3156	0,98076	215,9426	6,40365
218,3026	0,98262	215,9306	6,41875
218,2906	0,9811	215,9176	6,43385
218,2756	0,98283	215,9026	6,44897
218,2626	0,98156	215,8896	6,46411
218,2506	0,98271	215,8776	6,47926
218,2376	0,98313	215,8646	6,4944
218,2256	0,98135	215,8496	6,50956
218,2096	0,98238	215,8366	6,52474
218,1976	0,97669	215,8246	6,53992
218,1846	0,98442	215,8116	6,55512
218,1726	0,98126	215,7966	6,57034
218,1606	0,98282	215,7846	6,58561
218,1446	0,98397	215,7716	6,6009
218,1326	0,98014	215,7436	6,6162
218,1196	0,98279	215,7316	6,63149
218,1046	0,98417	215,7186	6,64678
218,0916	0,98328	215,7036	6,66207
218,0796	0,9851	215,6936	6,67737
218,0666	0,98517	215,6816	6,69267
218,0516	0,9809	215,6666	6,70798
218,0396	0,98371	215,6536	6,72331
218,0266	0,98362	215,6416	6,73865
218,0116	0,98113	215,6286	6,754
217,9986	0,98204	215,6166	6,76935
217,9866	0,98255	215,6036	6,78471
217,9706	0,98198	215,5886	6,80008
217,9586	0,98127	215,5756	6,81546
217,9456	0,98262	215,5636	6,83085
217,9306	0,98398	215,5476	6,84625
217,9176	0,98769	215,5356	6,86165
217,9056	0,98323	215,5236	6,87707
217,8936	0,98919	215,5106	6,89252
217,8776	0,98573	215,4986	6,90798
217,8656	0,98718	215,4856	6,92345
217,8526	0,98549	215,4736	6,93893
217,8376	0,98786	215,4576	6,95441
217,8246	0,98353	215,4456	6,96991
217,8126	0,98583	215,4336	6,98541
217,7996	0,98362	215,4206	7,00091
217,7846	0,98696	215,4056	7,01642
217,7716	0,98794	215,3926	7,03194
217,7596	0,98743	215,3806	7,04747
217,7346	0,98891	215,3676	7,063
217,7226	0,9891	215,3436	7,07855
217,7066	0,98862	215,3306	7,09411
217,6946	0,99147	215,3156	7,10966
217,6816	0,9885	215,3026	7,12522
217,6666	0,99291	215,2906	7,1408
217,6536	0,99078	215,2776	7,1564
217,6416	0,99418	215,2656	7,172
217,6286	0,98989	215,2526	7,1876
217,6136	0,99027	215,2376	7,2032
217,6016	0,99331	215,2246	7,2188
217,5856	0,9921	215,2126	7,23442
217,5736	0,99272	215,2006	7,25004
217,5576	0,9925	215,1846	7,26567
217,5456	0,99182	215,1726	7,2813
217,5326	0,99283	215,1596	7,29693
217,5206	0,99599	215,1446	7,31256
217,5076	0,99549	215,1316	7,3282
217,4926	0,99469	215,1196	7,34385
217,4796	0,99846	215,1036	7,35951
217,4676	0,99743	215,0916	7,37516
217,4516	0,99588	215,0786	7,39083
217,4396	1,0002	215,0666	7,40649
217,4276	0,99675	215,0516	7,42215
217,4116	0,99888	215,0386	7,43781
217,3996	0,99688	215,0266	7,45349
217,3866	0,99587	215,0136	7,46917
217,3716	0,9986	215,0016	7,48484
217,3586	0,99749	214,9886	7,50053
217,3466	1,00057	214,9766	7,51622
217,3336	0,99875	214,9606	7,5319
217,3186	0,99891	214,9486	7,54758
217,3056	0,99941	214,9366	7,56328
217,2936	1,00423	214,9206	7,57898
217,2816	1,00116	214,9086	7,59468
217,2656	1,00477	214,8956	7,61039
217,2536	1,00532	214,8836	7,6261
217,2376	1,0036	214,8676	7,6418
217,2256	1,00523	214,8556	7,6575
217,2126	1,0058	214,8426	7,67321
217,1976	1,00758	214,8276	7,68891
217,1846	1,00557	214,8146	7,70463
217,1726	1,00622	214,8026	7,72033
217,1606	1,00629	214,7906	7,73603
217,1446	1,00817	214,7776	7,75175
217,1326	1,00724	214,7626	7,76744
217,1196	1,00701	214,7376	7,78312
217,1076	1,00913	214,7246	7,7988
217,0916	1,00972	214,7096	7,81448
217,0796	1,00919	214,6966	7,83017
217,0636	1,00957	214,6846	7,84587
217,0516	1,01241	214,6726	7,86156
217,0386	1,0103	214,6596	7,87727
217,0236	1,01231	214,6476	7,89296
217,0106	1,01099	214,6346	7,90866
216,9986	1,01198	214,6226	7,92436
216,9866	1,01441	214,6096	7,94006
216,9736	1,0122	214,5976	7,95576
216,9586	1,01429	214,5856	7,97147
216,9456	1,01491	214,5726	7,98718
216,9336	1,01385	214,5606	8,00287
216,9176	1,01581	214,5476	8,01853
216,9056	1,01849	214,5356	8,03418
216,8926	1,0161	214,5106	8,04984
216,8776	1,02081	214,4956	8,06551
216,8646	1,01788	214,4826	8,08119
216,8526	1,0202	214,4706	8,09687
216,8366	1,02319	214,4546	8,11253
216,8246	1,01972	214,4426	8,12819
216,8126	1,02252	214,4266	8,14384
216,7966	1,02096	214,4146	8,15949
216,7846	1,02	214,4016	8,17514
216,7716	1,02399	214,3896	8,19076
216,7596	1,02186	214,3776	8,20638
216,7436	1,02062	214,3646	8,22201
216,7316	1,02317	214,3526	8,23763
216,7156	1,02282	214,3396	8,25324
216,7036	1,02509	214,3276	8,26884
216,6876	1,02664	214,3116	8,28445
216,6756	1,02481	214,3026	8,30004
216,6636	1,02844	214,2906	8,31561
216,6506	1,02721	214,2746	8,33119
216,6386	1,02808	214,2626	8,34676
216,6256	1,03203	214,2496	8,36231
216,6136	1,02365	214,2376	8,37785
216,6006	1,02969	214,2126	8,39338
216,5856	1,02911	214,1996	8,40891
216,5726	1,028	214,1876	8,42443
216,5606	1,03061	214,1756	8,43994
216,5456	1,02987	214,1626	8,45544
216,5326	1,03013	214,1506	8,47094
216,5206	1,03603	214,1376	8,48643
216,5076	1,03245	214,1256	8,50191
216,4926	1,03421	214,1136	8,51737
216,4796	1,03529	214,1006	8,53282
216,4676	1,03279	214,0886	8,54825
216,4516	1,0312	214,0786	8,56368
216,4396	1,03758	214,0536	8,57911
216,4266	1,03312	214,0386	8,59451
216,4116	1,03162	214,0266	8,60991
216,3996	1,03359	214,0136	8,62529
216,3836	1,03728	213,9986	8,64067
216,3716	1,03493	213,9856	8,65603
216,3586	1,03481	213,9736	8,67138
216,3436	1,03623	213,9576	8,68672
216,3306	1,03764	213,9456	8,70201
216,3186	1,03989	213,9326	8,71729
216,3056	1,03868	213,9206	8,73256
216,2936	1,04227	213,9046	8,74783
216,2776	1,04106	213,8926	8,76309
216,2656	1,04144	213,8806	8,77834
216,2496	1,04298	213,8676	8,79358
216,2376	1,04098	213,8526	8,80881
216,2256	1,04407	213,8396	8,82403
216,2096	1,0379	213,8276	8,83923
216,1976	1,04073	213,8146	8,85442
216,1816	1,04035	213,8026	8,8696
216,1696	1,04174	213,7866	8,88479
216,1566	1,04202	213,7746	8,89995
216,1416	1,04282	213,7626	8,91508
216,1286	1,04103	213,7496	8,93017
216,1166	1,04347	213,7346	8,94525
216,1036	1,0467	213,7216	8,96032
216,0886	1,04679	213,7096	8,97538
216,0766	1,04727	213,6936	8,99042
216,0636	1,04828	213,6816	9,00543
216,0486	1,04765	213,6686	9,02042
216,0356	1,04796	213,6566	9,03539
216,0236	1,04994	213,6406	9,05035
216,0076	1,04424	213,6286	9,06531
215,9956	1,0487	213,6166	9,08024
215,9826	1,0476	213,6006	9,09516
215,9706	1,04744	213,5886	9,11006
215,9546	1,05217	213,5756	9,12495
215,9426	1,0487	213,5636	9,13982
215,9306	1,05185	213,5476	9,15465
215,9176	1,05495	213,5356	9,16943
215,9026	1,0525	213,5226	9,18421
215,8896	1,05789	213,5076	9,19898
215,8776	1,05323	213,4946	9,21374
215,8646	1,05801	213,4826	9,2285
215,8496	1,05894	213,4706	9,24323
215,8366	1,05532	213,4576	9,25794
215,8246	1,05646	213,4426	9,27263
215,8116	1,05516	213,4296	9,28729
215,7966	1,0574	213,4176	9,30194
215,7846	1,05903	213,4046	9,3166
215,7716	1,05875	213,3896	9,33122
215,7436	1,05899	213,3766	9,34583
215,7316	1,05958	213,3646	9,36041
215,7186	1,06279	213,3526	9,37497
215,7036	1,06563	213,3366	9,38949
215,6936	1,06466	213,3246	9,40399
215,6816	1,06701	213,3116	9,41847
215,6666	1,06572	213,2966	9,43291
215,6536	1,06418	213,2836	9,44731
215,6416	1,07093	213,2716	9,46169
215,6286	1,06753	213,2586	9,47605
215,6166	1,07002	213,2306	9,49038
215,6036	1,06689	213,2186	9,5047
215,5886	1,06756	213,2066	9,51901
215,5756	1,07088	213,1936	9,53328
215,5636	1,06962	213,1816	9,54752
215,5476	1,07092	213,1686	9,56173
215,5356	1,07198	213,1566	9,57592
215,5236	1,07265	213,1406	9,5901
215,5106	1,0713	213,1286	9,60423
215,4986	1,07389	213,1196	9,61833
215,4856	1,07501	213,1066	9,63242
215,4736	1,07637	213,0946	9,64647
215,4576	1,07694	213,0816	9,66048
215,4456	1,07495	213,0696	9,67445
215,4336	1,07595	213,0566	9,6884
215,4206	1,07625	213,0416	9,70234
215,4056	1,07709	213,0296	9,71626
215,3926	1,07819	213,0046	9,73016
215,3806	1,08138	212,9916	9,74403
215,3676	1,07754	212,9766	9,75787
215,3436	1,08308	212,9636	9,7717
215,3306	1,08029	212,9546	9,78549
215,3156	1,0858	212,9426	9,79925
215,3026	1,08669	212,9296	9,813
215,2906	1,08675	212,9176	9,82672
215,2776	1,08694	212,9046	9,84042
215,2656	1,08875	212,8926	9,8541
215,2526	1,08795	212,8796	9,86775
215,2376	1,09071	212,8676	9,88138
215,2246	1,08869	212,8556	9,89497
215,2126	1,08982	212,8306	9,90853
215,2006	1,08973	212,8176	9,92208
215,1846	1,08809	212,8026	9,9356
215,1726	1,09072	212,7896	9,94909
215,1596	1,08932	212,7776	9,96256
215,1446	1,09243	212,7656	9,97601
215,1316	1,09192	212,7496	9,98943
215,1196	1,09394	212,7376	10,00283
215,1036	1,09453	212,7216	10,0162
215,0916	1,0949	212,7096	10,02956
215,0786	1,09604	212,6966	10,04288
215,0666	1,09527	212,6816	10,05618
215,0516	1,09699	212,6686	10,06945
215,0386	1,09768	212,6566	10,0827
215,0266	1,09515	212,6436	10,09593
215,0136	1,09902	212,6316	10,10913
215,0016	1,09632	212,6156	10,12231
214,9886	1,09646	212,6036	10,13547
214,9766	1,09775	212,5916	10,14859
214,9606	1,09922	212,5786	10,16168
214,9486	1,10027	212,5636	10,17475
214,9366	1,10185	212,5506	10,1878
214,9206	1,10102	212,5386	10,20083
214,9086	1,10345	212,5256	10,21383
214,8956	1,10321	212,5106	10,22681
214,8836	1,10575	212,4976	10,23977
214,8676	1,10445	212,4856	10,25271
214,8556	1,10674	212,4696	10,26561
214,8426	1,10575	212,4576	10,27851
214,8276	1,10362	212,4456	10,29139
214,8146	1,10472	212,4326	10,30421
214,8026	1,10467	212,4176	10,31699
214,7906	1,1047	212,4046	10,32974
214,7776	1,10559	212,3926	10,34247
214,7626	1,10822	212,3766	10,3552
214,7376	1,10617	212,3646	10,36792
214,7246	1,10989	212,3516	10,38064
214,7096	1,11011	212,3396	10,39333
214,6966	1,10952	212,3236	10,40602
214,6846	1,11222	212,3116	10,4187
214,6726	1,11482	212,2996	10,43136
214,6596	1,1077	212,2866	10,44401
214,6476	1,11455	212,2716	10,45664
214,6346	1,1109	212,2586	10,46925
214,6226	1,11167	212,2466	10,48181
214,6096	1,11762	212,2306	10,49433
214,5976	1,10949	212,2186	10,50681
214,5856	1,11458	212,2056	10,51928
214,5726	1,11569	212,1906	10,53172
214,5606	1,11072	212,1776	10,54414
214,5476	1,11758	212,1656	10,55654
214,5356	1,11604	212,1506	10,56892
214,5106	1,11543	212,1376	10,58128
214,4956	1,12152	212,1256	10,5936
214,4826	1,11602	212,1126	10,6059
214,4706	1,12207	212,0976	10,61818
214,4546	1,11847	212,0846	10,63044
214,4426	1,1182	212,0726	10,64266
214,4266	1,11984	212,0596	10,65489
214,4146	1,1182	212,0446	10,6671
214,4016	1,12128	212,0316	10,67929
214,3896	1,12023	212,0196	10,69146
214,3776	1,12286	212,0076	10,70359
214,3646	1,1214	211,9946	10,71569
214,3526	1,12227	211,9826	10,72777
214,3396	1,1214	211,9696	10,73983
214,3276	1,12308	211,9546	10,75185
214,3116	1,12374	211,9416	10,76385
214,3026	1,1249	211,9176	10,77583
214,2906	1,12658	211,9046	10,78778
214,2746	1,12453	211,8896	10,7997
214,2626	1,12696	211,8766	10,81159
214,2496	1,12493	211,8646	10,82345
214,2376	1,12559	211,8516	10,83531
214,2126	1,12417	211,8366	10,84716
214,1996	1,12665	211,8236	10,85899
214,1876	1,12392	211,8116	10,8708
214,1756	1,12413	211,7996	10,88259
214,1626	1,12664	211,7866	10,89436
214,1506	1,12405	211,7716	10,9061
214,1376	1,12851	211,7586	10,91782
214,1256	1,12654	211,7436	10,92952
214,1136	1,12886	211,7306	10,9412
214,1006	1,12948	211,7156	10,95286
214,0886	1,13047	211,7026	10,96449
214,0786	1,13069	211,6906	10,97611
214,0536	1,1321	211,6746	10,9877
214,0386	1,13066	211,6626	10,99926
214,0266	1,1321	211,6496	11,01081
214,0136	1,13181	211,6346	11,02235
213,9986	1,13404	211,6216	11,03386
213,9856	1,13405	211,6096	11,04534
213,9736	1,13305	211,5976	11,0568
213,9576	1,13437	211,5846	11,06825
213,9456	1,13774	211,5696	11,07966
213,9326	1,13768	211,5566	11,09106
213,9206	1,13862	211,5416	11,10243
213,9046	1,1416	211,5286	11,11379
213,8926	1,13777	211,5166	11,12512
213,8806	1,14194	211,5036	11,13644
213,8676	1,14238	211,4886	11,14775
213,8526	1,13874	211,4766	11,15903
213,8396	1,14114	211,4636	11,17029
213,8276	1,13992	211,4486	11,18154
213,8146	1,14023	211,4356	11,19275
213,8026	1,14104	211,4236	11,20395
213,7866	1,13928	211,4076	11,21513
213,7746	1,1412	211,3956	11,2263
213,7626	1,14083	211,3826	11,23744
213,7496	1,14368	211,3676	11,24856
213,7346	1,14662	211,3546	11,25966
213,7216	1,14566	211,3426	11,27075
213,7096	1,14963	211,3306	11,28182
213,6936	1,1505	211,3176	11,29288
213,6816	1,14893	211,3056	11,30391
213,6686	1,15037	211,2896	11,31492
213,6566	1,14863	211,2776	11,32591
213,6406	1,14969	211,2646	11,3369
213,6286	1,1487	211,2496	11,34787
213,6166	1,15004	211,2366	11,3588
213,6006	1,14958	211,2216	11,36971
213,5886	1,14656	211,2086	11,3806
213,5756	1,15068	211,1966	11,39147
213,5636	1,14798	211,1846	11,40231
213,5476	1,15196	211,1686	11,41313
213,5356	1,15272	211,1566	11,42392
213,5226	1,15099	211,1436	11,4347
213,5076	1,15505	211,1286	11,44544
213,4946	1,15515	211,1156	11,45618
213,4826	1,15799	211,1036	11,4669
213,4706	1,15561	211,0906	11,47759
213,4576	1,15783	211,0756	11,48826
213,4426	1,15593	211,0626	11,49894
213,4296	1,15508	211,0506	11,50961
213,4176	1,1562	211,0386	11,52026
213,4046	1,1544	211,0226	11,53089
213,3896	1,1561	211,0106	11,5415
213,3766	1,15935	210,9976	11,55209
213,3646	1,1577	210,9856	11,56267
213,3526	1,16261	210,9726	11,57324
213,3366	1,1609	210,9576	11,58379
213,3246	1,16517	210,9446	11,59431
213,3116	1,16481	210,9326	11,60481
213,2966	1,16436	210,9206	11,61528
213,2836	1,16546	210,9046	11,62573
213,2716	1,16444	210,8926	11,63617
213,2586	1,16771	210,8796	11,64659
213,2306	1,16732	210,8676	11,65698
213,2186	1,16563	210,8516	11,66738
213,2066	1,16821	210,8396	11,67778
213,1936	1,16454	210,8266	11,68816
213,1816	1,16932	210,8116	11,69853
213,1686	1,16717	210,7986	11,70888
213,1566	1,16807	210,7866	11,7192
213,1406	1,16955	210,7746	11,72951
213,1286	1,17212	210,7586	11,73981
213,1196	1,17515	210,7466	11,75009
213,1066	1,17258	210,7306	11,76035
213,0946	1,17757	210,7186	11,77058
213,0816	1,17587	210,7056	11,78077
213,0696	1,17675	210,6906	11,79095
213,0566	1,17657	210,6776	11,80113
213,0416	1,17416	210,6656	11,81129
213,0296	1,17881	210,6526	11,82143
213,0046	1,17659	210,6376	11,83154
212,9916	1,17918	210,6096	11,84165
212,9766	1,17981	210,5976	11,85173
212,9636	1,18376	210,5846	11,86181
212,9546	1,18304	210,5726	11,87189
212,9426	1,18419	210,5596	11,88197
212,9296	1,18323	210,5476	11,89203
212,9176	1,18579	210,5346	11,90209
212,9046	1,18441	210,5226	11,91213
212,8926	1,1887	210,5106	11,92216
212,8796	1,19062	210,4976	11,93217
212,8676	1,19019	210,4856	11,94216
212,8556	1,18956	210,4726	11,95214
212,8306	1,19012	210,4606	11,96212
212,8176	1,18837	210,4476	11,97207
212,8026	1,19358	210,4356	11,982
212,7896	1,18706	210,4106	11,99194
212,7776	1,19218	210,3986	12,00185
212,7656	1,1891	210,3856	12,01174
212,7496	1,19287	210,3736	12,0216
212,7376	1,19407	210,3606	12,03145
212,7216	1,19908	210,3486	12,04129
212,7096	1,19889	210,3366	12,05111
212,6966	1,19905	210,3236	12,06091
212,6816	1,19911	210,3116	12,07069
212,6686	1,19851	210,2986	12,08048
212,6566	1,2057	210,2836	12,09026
212,6436	1,20397	210,2706	12,10002
212,6316	1,20117	210,2586	12,10978
212,6156	1,20306	210,2466	12,11953
212,6036	1,20492	210,2336	12,12924
212,5916	1,20709	210,2186	12,13895
212,5786	1,20353	210,2056	12,14864
212,5636	1,2065	210,1936	12,15832
212,5506	1,20391	210,1806	12,16799
212,5386	1,20591	210,1686	12,17765
212,5256	1,21069	210,1436	12,1873
212,5106	1,20526	210,1316	12,19694
212,4976	1,20976	210,1156	12,20657
212,4856	1,20714	210,1036	12,21617
212,4696	1,20604	210,0906	12,22576
212,4576	1,21163	210,0756	12,23534
212,4456	1,20258	210,0626	12,24491
212,4326	1,21273	210,0506	12,25446
212,4176	1,2066	210,0376	12,264
212,4046	1,2104	210,0226	12,27353
212,3926	1,21288	210,0096	12,28304
212,3766	1,2076	209,9976	12,29255
212,3646	1,2156	209,9856	12,30206
212,3516	1,21008	209,9696	12,31155
212,3396	1,20801	209,9576	12,32103
212,3236	1,21247	209,9446	12,33051
212,3116	1,20687	209,9296	12,33998
212,2996	1,21322	209,9166	12,34943
212,2866	1,20827	209,9016	12,35887
212,2716	1,20978	209,8886	12,36829
212,2586	1,20625	209,8766	12,37771
212,2466	1,20956	209,8646	12,38711
212,2306	1,21166	209,8486	12,39651
212,2186	1,20683	209,8366	12,40589
212,2056	1,21389	209,8236	12,41526
212,1906	1,20893	209,8086	12,42463
212,1776	1,21536	209,7956	12,43397
212,1656	1,21514	209,7836	12,4433
212,1506	1,21747	209,7706	12,45262
212,1376	1,2203	209,7556	12,46193
212,1256	1,2202	209,7426	12,47122
212,1126	1,2257	209,7306	12,48053
212,0976	1,22209	209,7146	12,48985
212,0846	1,22968	209,7026	12,49917
212,0726	1,22691	209,6906	12,50847
212,0596	1,22541	209,6776	12,51776
212,0446	1,22907	209,6656	12,52702
212,0316	1,22623	209,6496	12,53625
212,0196	1,23038	209,6376	12,54545
212,0076	1,22886	209,6246	12,55464
211,9946	1,22889	209,6096	12,5638
211,9826	1,22911	209,5966	12,57293
211,9696	1,2292	209,5846	12,58205
211,9546	1,23301	209,5726	12,59117
211,9416	1,23221	209,5566	12,60027
211,9176	1,23414	209,5446	12,60937
211,9046	1,23609	209,5316	12,61849
211,8896	1,23566	209,5166	12,6276
211,8766	1,23728	209,5036	12,63669
211,8646	1,23554	209,4916	12,64578
211,8516	1,23542	209,4786	12,65485
211,8366	1,23497	209,4666	12,66392
211,8236	1,23776	209,4506	12,67298
211,8116	1,23943	209,4386	12,68203
211,7996	1,23466	209,4266	12,69107
211,7866	1,2409	209,4136	12,7001
211,7716	1,23847	209,3986	12,70914
211,7586	1,24189	209,3856	12,71817
211,7436	1,24251	209,3736	12,72721
211,7306	1,24524	209,3606	12,73625
211,7156	1,24813	209,3456	12,74527
211,7026	1,25316	209,3326	12,75431
211,6906	1,25323	209,3206	12,76333
211,6746	1,25013	209,3046	12,77234
211,6626	1,25095	209,2926	12,78135
211,6496	1,25045	209,2806	12,79034
211,6346	1,25053	209,2676	12,79933
211,6216	1,25192	209,2526	12,80833
211,6096	1,25308	209,2396	12,81732
211,5976	1,24999	209,2276	12,82629
211,5846	1,25483	209,2116	12,83525
211,5696	1,25633	209,1996	12,8442
211,5566	1,25694	209,1866	12,85312
211,5416	1,26113	209,1746	12,86202
211,5286	1,25706	209,1626	12,87092
211,5166	1,25849	209,1346	12,87981
211,5036	1,26187	209,1216	12,88872
211,4886	1,26486	209,1066	12,89762
211,4766	1,26327	209,0936	12,90653
211,4636	1,26256	209,0816	12,91543
211,4486	1,25995	209,0686	12,92432
211,4356	1,26084	209,0566	12,93321
211,4236	1,26316	209,0406	12,9421
211,4076	1,26399	209,0286	12,95099
211,3956	1,26383	209,0166	12,95986
211,3826	1,26313	209,0036	12,96873
211,3676	1,26316	208,9886	12,9776
211,3546	1,26767	208,9756	12,98645
211,3426	1,27438	208,9636	12,9953
211,3306	1,27509	208,9476	13,00414
211,3176	1,27914	208,9356	13,01298
211,3056	1,27615	208,9226	13,0218
211,2896	1,28081	208,9106	13,03061
211,2776	1,27579	208,8946	13,03943
211,2646	1,28341	208,8826	13,04825
211,2496	1,27894	208,8706	13,05706
211,2366	1,28177	208,8576	13,06587
211,2216	1,27963	208,8456	13,07468
211,2086	1,28275	208,8296	13,0835
211,1966	1,28224	208,8176	13,09231
211,1846	1,28116	208,8046	13,10111
211,1686	1,28132	208,7896	13,1099
211,1566	1,28368	208,7766	13,11869
211,1436	1,28662	208,7646	13,12749
211,1286	1,28878	208,7486	13,13628
211,1156	1,28596	208,7366	13,14506
211,1036	1,28665	208,7246	13,15384
211,0906	1,28533	208,7116	13,16261
211,0756	1,2892	208,6966	13,17137
211,0626	1,29072	208,6836	13,18013
211,0506	1,29008	208,6716	13,18891
211,0386	1,29029	208,6556	13,19769
211,0226	1,29203	208,6436	13,20646
211,0106	1,28964	208,6306	13,21524
210,9976	1,28989	208,6186	13,22401
210,9856	1,29025	208,6026	13,23278
210,9726	1,29049	208,5906	13,24155
210,9576	1,29286	208,5786	13,25031
210,9446	1,29514	208,5626	13,25906
210,9326	1,29331	208,5506	13,26783
210,9206	1,30046	208,5376	13,27662
210,9046	1,29834	208,5256	13,2854
210,8926	1,29959	208,5096	13,29418
210,8796	1,30078	208,4976	13,30294
210,8676	1,30097	208,4846	13,3117
210,8516	1,30062	208,4726	13,32048
210,8396	1,30097	208,4566	13,32925
210,8266	1,30219	208,4446	13,33801
210,8116	1,30331	208,4296	13,34678
210,7986	1,3008	208,4166	13,35554
210,7866	1,30636	208,4046	13,36428
210,7746	1,30067	208,3916	13,37303
210,7586	1,30782	208,3766	13,38177
210,7466	1,30637	208,3636	13,39052
210,7306	1,30878	208,3516	13,39924
210,7186	1,3094	208,3356	13,40794
210,7056	1,31188	208,3236	13,41665
210,6906	1,31003	208,3116	13,42535
210,6776	1,31187	208,2986	13,43405
210,6656	1,31131	208,2866	13,44274
210,6526	1,31016	208,2706	13,45142
210,6376	1,31424	208,2586	13,4601
210,6096	1,31435	208,2456	13,46879
210,5976	1,3149	208,2336	13,4775
210,5846	1,31733	208,2176	13,48624
210,5726	1,31493	208,2056	13,49497
210,5596	1,31899	208,1926	13,50371
210,5476	1,32088	208,1806	13,51247
210,5346	1,32254	208,1686	13,52125
210,5226	1,3239	208,1406	13,53002
210,5106	1,32261	208,1276	13,5388
210,4976	1,32565	208,1126	13,54757
210,4856	1,32701	208,0996	13,55631
210,4726	1,32839	208,0876	13,56506
210,4606	1,32855	208,0746	13,5738
210,4476	1,32688	208,0626	13,58255
210,4356	1,32741	208,0506	13,59131
210,4106	1,3308	208,0346	13,60008
210,3986	1,33075	208,0226	13,60885
210,3856	1,33363	208,0096	13,61763
210,3736	1,33519	207,9976	13,62641
210,3606	1,33745	207,9846	13,63519
210,3486	1,33902	207,9726	13,64397
210,3366	1,34117	207,9636	13,65276
210,3236	1,34221	207,9476	13,66156
210,3116	1,34432	207,9356	13,67037
210,2986	1,34269	207,9256	13,67918
210,2836	1,34374	207,8976	13,68797
210,2706	1,34341	207,8856	13,69674
210,2586	1,34251	207,8736	13,70552
210,2466	1,34475	207,8576	13,71431
210,2336	1,34423	207,8456	13,72312
210,2186	1,34554	207,8296	13,73193
210,2056	1,3485	207,8206	13,74072
210,1936	1,34971	207,8076	13,74951
210,1806	1,35302	207,7926	13,75831
210,1686	1,3528	207,7796	13,76713
210,1436	1,35423	207,7676	13,77596
210,1316	1,35793	207,7556	13,78478
210,1156	1,35592	207,7426	13,79358
210,1036	1,35901	207,7306	13,80236
210,0906	1,35712	207,7176	13,81112
210,0756	1,3584	207,7086	13,81986
210,0626	1,35902	207,6966	13,82862
210,0506	1,36067	207,6836	13,83739
210,0376	1,36009	207,6556	13,84616
210,0226	1,36004	207,6436	13,85492
210,0096	1,36165	207,6306	13,86369
209,9976	1,36147	207,6186	13,87249
209,9856	1,36239	207,6026	13,88128
209,9696	1,3616	207,5906	13,89006
209,9576	1,36624	207,5776	13,89883
209,9446	1,36578	207,5656	13,90757
209,9296	1,36718	207,5506	13,91631
209,9166	1,36974	207,5376	13,92506
209,9016	1,36885	207,5256	13,93381
209,8886	1,37176	207,5096	13,94255
209,8766	1,37	207,4976	13,95128
209,8646	1,3731	207,4846	13,96002
209,8486	1,37168	207,4726	13,96875
209,8366	1,37168	207,4566	13,97748
209,8236	1,37281	207,4446	13,98622
209,8086	1,37076	207,4326	13,99496
209,7956	1,37487	207,4196	14,0037
209,7836	1,37624	207,4046	14,01244
209,7706	1,37468	207,3916	14,02118
209,7556	1,37713	207,3796	14,02992
209,7426	1,38011	207,3636	14,03865
209,7306	1,37669	207,3516	14,0474
209,7146	1,38228	207,3386	14,05614
209,7026	1,38215	207,3236	14,06488
209,6906	1,38151	207,3106	14,07362
209,6776	1,37967	207,2986	14,08235
209,6656	1,38319	207,2866	14,09108
209,6496	1,38183	207,2736	14,09978
209,6376	1,38499	207,2586	14,10849
209,6246	1,38539	207,2456	14,11718
209,6096	1,38342	207,2336	14,12586
209,5966	1,39447	207,2206	14,13455
209,5846	1,38324	207,2086	14,14324
209,5726	1,39981	207,1926	14,15194
209,5566	1,38675	207,1806	14,16064
209,5446	1,39324	207,1646	14,16932
209,5316	1,39612	207,1526	14,178
209,5166	1,39965	207,1406	14,18668
209,5036	1,40004	207,1276	14,19535
209,4916	1,3957	207,1126	14,20402
209,4786	1,39779	207,0996	14,21268
209,4666	1,39678	207,0846	14,22134
209,4506	1,40085	207,0716	14,23
209,4386	1,40274	207,0596	14,23866
209,4266	1,39968	207,0466	14,24731
209,4136	1,40405	207,0316	14,25596
209,3986	1,40151	207,0186	14,2646
209,3856	1,40683	207,0066	14,27323
209,3736	1,40829	206,9906	14,28186
209,3606	1,40674	206,9786	14,29047
209,3456	1,40868	206,9666	14,29907
209,3326	1,41072	206,9536	14,30768
209,3206	1,41174	206,9386	14,3163
209,3046	1,41212	206,9256	14,32489
209,2926	1,41345	206,9136	14,33348
209,2806	1,41403	206,8976	14,34208
209,2676	1,41516	206,8856	14,35067
209,2526	1,41663	206,8726	14,35924
209,2396	1,41382	206,8606	14,36782
209,2276	1,41604	206,8486	14,37639
209,2116	1,41455	206,8326	14,38494
209,1996	1,41778	206,8206	14,3935
209,1866	1,41842	206,8076	14,40207
209,1746	1,4177	206,7926	14,41062
209,1626	1,41912	206,7796	14,41917
209,1346	1,42295	206,7676	14,42771
209,1216	1,4206	206,7546	14,43625
209,1066	1,4214	206,7426	14,44479
209,0936	1,42506	206,7266	14,45332
209,0816	1,42434	206,7146	14,46184
209,0686	1,42545	206,7026	14,47034
209,0566	1,42416	206,6746	14,47883
209,0406	1,42701	206,6616	14,4873
209,0286	1,42822	206,6496	14,49576
209,0166	1,42805	206,6366	14,50421
209,0036	1,42894	206,6246	14,51263
208,9886	1,42984	206,6126	14,52101
208,9756	1,42979	206,5996	14,52937
208,9636	1,43213	206,5876	14,53772
208,9476	1,43143	206,5746	14,54607
208,9356	1,43694	206,5626	14,55443
208,9226	1,43567	206,5496	14,56281
208,9106	1,43636	206,5376	14,5712
208,8946	1,43727	206,5256	14,57958
208,8826	1,43822	206,5126	14,58796
208,8706	1,43988	206,5006	14,59635
208,8576	1,43978	206,4756	14,60479
208,8456	1,43964	206,4626	14,61324
208,8296	1,43886	206,4476	14,62168
208,8176	1,44289	206,4346	14,63008
208,8046	1,44217	206,4226	14,63844
208,7896	1,44299	206,4106	14,64678
208,7766	1,44554	206,3946	14,65512
208,7646	1,44703	206,3826	14,66345
208,7486	1,44835	206,3696	14,67178
208,7366	1,45146	206,3576	14,68011
208,7246	1,44901	206,3446	14,68843
208,7116	1,45112	206,3296	14,69674
208,6966	1,45143	206,3166	14,70505
208,6836	1,45063	206,3046	14,71336
208,6716	1,4512	206,2926	14,72166
208,6556	1,45107	206,2766	14,72993
208,6436	1,45191	206,2646	14,73819
208,6306	1,45487	206,2516	14,74644
208,6186	1,45389	206,2396	14,75466
208,6026	1,45535	206,2236	14,76288
208,5906	1,4577	206,2116	14,77109
208,5786	1,45798	206,1986	14,77929
208,5626	1,46071	206,1866	14,78746
208,5506	1,46252	206,1706	14,79563
208,5376	1,46451	206,1586	14,80381
208,5256	1,46333	206,1466	14,81194
208,5096	1,46463	206,1336	14,82006
208,4976	1,46458	206,1186	14,82817
208,4846	1,46541	206,1056	14,83626
208,4726	1,46645	206,0936	14,84433
208,4566	1,46671	206,0806	14,8524
208,4446	1,4655	206,0686	14,86045
208,4296	1,46686	206,0526	14,86848
208,4166	1,4689	206,0406	14,8765
208,4046	1,47121	206,0246	14,88452
208,3916	1,47128	206,0126	14,89252
208,3766	1,47417	206,0006	14,90053
208,3636	1,47355	205,9876	14,90852
208,3516	1,47769	205,9726	14,91648
208,3356	1,47931	205,9596	14,92441
208,3236	1,48034	205,9476	14,93233
208,3116	1,48004	205,9346	14,94022
208,2986	1,48398	205,9226	14,94809
208,2866	1,48138	205,9106	14,95596
208,2706	1,48245	205,8826	14,96381
208,2586	1,48327	205,8696	14,97165
208,2456	1,48441	205,8546	14,97948
208,2336	1,4828	205,8446	14,98729
208,2176	1,4874	205,8326	14,9951
208,2056	1,48704	205,8196	15,0029
208,1926	1,48831	205,8076	15,01067
208,1806	1,49051	205,7956	15,01842
208,1686	1,49067	205,7826	15,02616
208,1406	1,49288	205,7706	15,03387
208,1276	1,49363	205,7576	15,04157
208,1126	1,49555	205,7426	15,04927
208,0996	1,49308	205,7336	15,05693
208,0876	1,49633	205,7206	15,06459
208,0746	1,49632	205,7056	15,07224
208,0626	1,49579	205,6836	15,07987
208,0506	1,49919	205,6706	15,08748
208,0346	1,49867	205,6586	15,09506
208,0226	1,50038	205,6466	15,10265
208,0096	1,50065	205,6336	15,11025
207,9976	1,50261	205,6186	15,11783
207,9846	1,50477	205,6056	15,12538
207,9726	1,50701	205,5936	15,13292
207,9636	1,50729	205,5806	15,14045
207,9476	1,50891	205,5686	15,14797
207,9356	1,51077	205,5566	15,15546
207,9256	1,51182	205,5436	15,16293
207,8976	1,51181	205,5316	15,17037
207,8856	1,50812	205,5186	15,17778
207,8736	1,5111	205,5066	15,18518
207,8576	1,50936	205,4936	15,19253
207,8456	1,50927	205,4656	15,19986
207,8296	1,50936	205,4536	15,20716
207,8206	1,51606	205,4376	15,21444
207,8076	1,51084	205,4256	15,22169
207,7926	1,51597	205,4136	15,22895
207,7796	1,5167	205,4006	15,23622
207,7676	1,51749	205,3886	15,24346
207,7556	1,52046	205,3726	15,25067
207,7426	1,51963	205,3606	15,25785
207,7306	1,52291	205,3476	15,26498
207,7176	1,52193	205,3386	15,27209
207,7086	1,52578	205,3236	15,27917
207,6966	1,52312	205,3106	15,28624
207,6836	1,52705	205,2986	15,29329
207,6556	1,52531	205,2856	15,30034
207,6436	1,52793	205,2736	15,30737
207,6306	1,52827	205,2606	15,31435
207,6186	1,52934	205,2486	15,32133
207,6026	1,53166	205,2366	15,3283
207,5906	1,53321	205,2116	15,33525
207,5776	1,53604	205,1986	15,3422
207,5656	1,53324	205,1836	15,34916
207,5506	1,53435	205,1706	15,3561
207,5376	1,53708	205,1586	15,363
207,5256	1,53983	205,1466	15,36987
207,5096	1,53894	205,1336	15,3767
207,4976	1,54066	205,1216	15,38349
207,4846	1,54215	205,1056	15,39027
207,4726	1,54095	205,0936	15,39701
207,4566	1,54174	205,0806	15,40371
207,4446	1,54067	205,0686	15,41039
207,4326	1,54314	205,0526	15,41704
207,4196	1,54382	205,0406	15,42372
207,4046	1,54386	205,0276	15,43042
207,3916	1,54882	205,0126	15,4371
207,3796	1,54843	205,0006	15,44378
207,3636	1,55091	204,9876	15,45045
207,3516	1,55104	204,9756	15,45711
207,3386	1,55314	204,9596	15,46374
207,3236	1,55352	204,9476	15,47036
207,3106	1,55704	204,9346	15,47696
207,2986	1,55387	204,9196	15,48353
207,2866	1,55549	204,9066	15,49008
207,2736	1,55469	204,8946	15,49662
207,2586	1,55593	204,8786	15,50314
207,2456	1,55864	204,8666	15,50968
207,2336	1,55622	204,8546	15,51621
207,2206	1,56274	204,8416	15,52269
207,2086	1,56182	204,8296	15,52916
207,1926	1,56407	204,8136	15,53561
207,1806	1,56763	204,8016	15,54205
207,1646	1,566	204,7886	15,54847
207,1526	1,56945	204,7736	15,55489
207,1406	1,56948	204,7606	15,5613
207,1276	1,57198	204,7486	15,56768
207,1126	1,56972	204,7366	15,57405
207,0996	1,57347	204,7206	15,5804
207,0846	1,57199	204,7086	15,58673
207,0716	1,57198	204,6956	15,59305
207,0596	1,57289	204,6836	15,59935
207,0466	1,57497	204,6676	15,60563
207,0316	1,57621	204,6556	15,61188
207,0186	1,57814	204,6426	15,61813
207,0066	1,57911	204,6276	15,62435
206,9906	1,57857	204,6146	15,63055
206,9786	1,5831	204,6026	15,63674
206,9666	1,58235	204,5906	15,64291
206,9536	1,58305	204,5776	15,64907
206,9386	1,5874	204,5626	15,65521
206,9256	1,58699	204,5496	15,66134
206,9136	1,58769	204,5376	15,66746
206,8976	1,58856	204,5216	15,67357
206,8856	1,58754	204,5096	15,67966
206,8726	1,58768	204,4966	15,68571
206,8606	1,58939	204,4816	15,69175
206,8486	1,58812	204,4686	15,6978
206,8326	1,59444	204,4566	15,70382
206,8206	1,58957	204,4446	15,70984
206,8076	1,58874	204,4316	15,71584
206,7926	1,59866	204,4166	15,72182
206,7796	1,59446	204,4036	15,72778
206,7676	1,59812	204,3916	15,73373
206,7546	1,59735	204,3786	15,73967
206,7426	1,59622	204,3506	15,74559
206,7266	1,6019	204,3356	15,75149
206,7146	1,60321	204,3226	15,75739
206,7026	1,60311	204,3106	15,76327
206,6746	1,60187	204,3016	15,76914
206,6616	1,59953	204,2856	15,77498
206,6496	1,60601	204,2766	15,78081
206,6366	1,60518	204,2606	15,78662
206,6246	1,60731	204,2516	15,79241
206,6126	1,6051	204,2396	15,7982
206,5996	1,6094	204,2266	15,80398
206,5876	1,60652	204,2146	15,80974
206,5746	1,6107	204,2016	15,81547
206,5626	1,61475	204,1896	15,82121
206,5496	1,61282	204,1646	15,82693
206,5376	1,61779	204,1486	15,83263
206,5256	1,61258	204,1366	15,83833
206,5126	1,61708	204,1246	15,84403
206,5006	1,61658	204,1086	15,84971
206,4756	1,61538	204,0966	15,85535
206,4626	1,61699	204,0836	15,86099
206,4476	1,61551	204,0716	15,86662
206,4346	1,61869	204,0556	15,87224
206,4226	1,61815	204,0436	15,87784
206,4106	1,62075	204,0306	15,88342
206,3946	1,61913	204,0186	15,88899
206,3826	1,62263	204,0026	15,89455
206,3696	1,62662	203,9906	15,9001
206,3576	1,62949	203,9786	15,90563
206,3446	1,63256	203,9626	15,91116
206,3296	1,63002	203,9506	15,91668
206,3166	1,63172	203,9376	15,92218
206,3046	1,63387	203,9226	15,92768
206,2926	1,63146	203,9096	15,93322
206,2766	1,63614	203,8976	15,93876
206,2646	1,63484	203,8846	15,94428
206,2516	1,63588	203,8696	15,94979
206,2396	1,63758	203,8576	15,95527
206,2236	1,63857	203,8446	15,9607
206,2116	1,63869	203,8326	15,9661
206,1986	1,64003	203,8166	15,9715
206,1866	1,64435	203,8046	15,97689
206,1706	1,64283	203,7886	15,98225
206,1586	1,64372	203,7766	15,98756
206,1466	1,64674	203,7636	15,99284
206,1336	1,64668	203,7486	15,99812
206,1186	1,64642	203,7356	16,00343
206,1056	1,64676	203,7236	16,00876
206,0936	1,64698	203,7116	16,01408
206,0806	1,64607	203,6956	16,01938
206,0686	1,64594	203,6836	16,02465
206,0526	1,6489	203,6706	16,02991
206,0406	1,64677	203,6586	16,03516
206,0246	1,64743	203,6426	16,0404
206,0126	1,65109	203,6306	16,04561
206,0006	1,65226	203,6176	16,05083
205,9876	1,65278	203,6026	16,05604
205,9726	1,65461	203,5896	16,06123
205,9596	1,65636	203,5776	16,06642
205,9476	1,65826	203,5656	16,07161
205,9346	1,65904	203,5496	16,07677
205,9226	1,66025	203,5376	16,08194
205,9106	1,66091	203,5246	16,08711
205,8826	1,66165	203,5096	16,09229
205,8696	1,66255	203,4966	16,09745
205,8546	1,6627	203,4846	16,10259
205,8446	1,66469	203,4686	16,10771
205,8326	1,66601	203,4566	16,11281
205,8196	1,66676	203,4436	16,11792
205,8076	1,66752	203,4316	16,12304
205,7956	1,67137	203,4196	16,12814
205,7826	1,66954	203,4036	16,13325
205,7706	1,67271	203,3916	16,13835
205,7576	1,67511	203,3786	16,14343
205,7426	1,67657	203,3666	16,14851
205,7336	1,67359	203,3506	16,15357
205,7206	1,67701	203,3386	16,15863
205,7056	1,681	203,3256	16,16367
205,6836	1,67907	203,3106	16,16871
205,6706	1,67829	203,2976	16,17373
205,6586	1,68158	203,2856	16,17874
205,6466	1,68292	203,2736	16,18375
205,6336	1,68165	203,2576	16,18875
205,6186	1,68489	203,2456	16,19372
205,6056	1,68344	203,2326	16,19871
205,5936	1,68885	203,2206	16,2037
205,5806	1,69043	203,2076	16,20868
205,5686	1,68988	203,1956	16,21367
205,5566	1,69348	203,1676	16,21864
205,5436	1,69391	203,1556	16,22361
205,5316	1,69341	203,1426	16,22856
205,5186	1,6938	203,1306	16,23349
205,5066	1,69498	203,1176	16,23841
205,4936	1,69546	203,1026	16,24334
205,4656	1,69402	203,0896	16,24828
205,4536	1,69607	203,0776	16,25323
205,4376	1,69939	203,0616	16,25817
205,4256	1,69822	203,0496	16,26309
205,4136	1,69944	203,0376	16,26802
205,4006	1,6991	203,0246	16,27295
205,3886	1,70417	203,0126	16,27786
205,3726	1,70478	202,9966	16,28277
205,3606	1,70628	202,9846	16,28767
205,3476	1,70726	202,9716	16,29259
205,3386	1,70833	202,9566	16,2975
205,3236	1,70985	202,9436	16,30241
205,3106	1,70926	202,9316	16,30731
205,2986	1,70848	202,9156	16,3122
205,2856	1,70951	202,9036	16,31709
205,2736	1,71012	202,8916	16,32199
205,2606	1,71116	202,8756	16,32688
205,2486	1,71213	202,8636	16,33176
205,2366	1,71587	202,8506	16,33664
205,2116	1,71392	202,8356	16,34152
205,1986	1,7173	202,8226	16,3464
205,1836	1,71729	202,8106	16,35126
205,1706	1,71818	202,7946	16,35612
205,1586	1,72365	202,7826	16,36098
205,1466	1,72067	202,7696	16,36584
205,1336	1,726	202,7546	16,3707
205,1216	1,72293	202,7416	16,37558
205,1056	1,72975	202,7296	16,38046
205,0936	1,72694	202,7146	16,38532
205,0806	1,72651	202,7016	16,39017
205,0686	1,72962	202,6896	16,39503
205,0526	1,7271	202,6736	16,39986
205,0406	1,72945	202,6616	16,40467
205,0276	1,72964	202,6486	16,4095
205,0126	1,73222	202,6336	16,41433
205,0006	1,731	202,6206	16,41916
204,9876	1,73563	202,6086	16,42398
204,9756	1,73678	202,5956	16,42881
204,9596	1,73822	202,5836	16,43363
204,9476	1,73718	202,5686	16,43843
204,9346	1,73873	202,5556	16,44325
204,9196	1,73967	202,5436	16,44804
204,9066	1,7385	202,5306	16,45284
204,8946	1,74045	202,5156	16,45767
204,8786	1,73853	202,5026	16,46249
204,8666	1,73952	202,4906	16,46732
204,8546	1,74032	202,4776	16,47215
204,8416	1,74593	202,4656	16,47695
204,8296	1,74312	202,4536	16,48172
204,8136	1,74401	202,4406	16,48649
204,8016	1,74658	202,4256	16,49128
204,7886	1,74686	202,4126	16,49606
204,7736	1,75018	202,4006	16,50085
204,7606	1,75162	202,3876	16,50563
204,7486	1,7505	202,3726	16,5104
204,7366	1,75183	202,3596	16,51516
204,7206	1,75298	202,3476	16,51991
204,7086	1,75094	202,3356	16,52464
204,6956	1,75088	202,3106	16,52934
204,6836	1,75285	202,2946	16,53403
204,6676	1,75157	202,2826	16,53873
204,6556	1,75196	202,2696	16,54344
204,6426	1,75492	202,2546	16,54814
204,6276	1,7541	202,2416	16,55283
204,6146	1,75732	202,2296	16,55753
204,6026	1,7564	202,2176	16,56222
204,5906	1,75835	202,2046	16,56691
204,5776	1,76049	202,1926	16,5716
204,5626	1,76247	202,1796	16,57628
204,5496	1,76322	202,1646	16,58095
204,5376	1,76251	202,1516	16,58561
204,5216	1,76365	202,1396	16,5903
204,5096	1,76421	202,1236	16,59498
204,4966	1,76477	202,1116	16,59967
204,4816	1,76477	202,0996	16,60436
204,4686	1,76794	202,0836	16,60904
204,4566	1,76771	202,0716	16,6137
204,4446	1,7707	202,0586	16,61835
204,4316	1,76946	202,0466	16,62299
204,4166	1,77252	202,0306	16,62762
204,4036	1,77279	202,0186	16,63226
204,3916	1,7755	202,0056	16,63689
204,3786	1,77515	201,9906	16,64152
204,3506	1,77766	201,9776	16,64615
204,3356	1,78153	201,9656	16,65078
204,3226	1,77856	201,9496	16,65543
204,3106	1,78167	201,9376	16,66006
204,3016	1,7803	201,9256	16,66468
204,2856	1,78233	201,9126	16,66932
204,2766	1,78323	201,8976	16,67394
204,2606	1,78392	201,8846	16,67857
204,2516	1,78428	201,8726	16,68321
204,2396	1,78307	201,8566	16,68783
204,2266	1,78902	201,8446	16,69245
204,2146	1,78808	201,8316	16,69706
204,2016	1,79095	201,8166	16,70165
204,1896	1,79315	201,8036	16,70625
204,1646	1,79608	201,7916	16,71086
204,1486	1,79665	201,7766	16,71548
204,1366	1,79707	201,7636	16,72007
204,1246	1,79755	201,7516	16,72466
204,1086	1,79864	201,7386	16,72924
204,0966	1,80003	201,7236	16,73383
204,0836	1,80139	201,7106	16,73841
204,0716	1,80146	201,6956	16,74299
204,0556	1,80242	201,6826	16,74755
204,0436	1,80462	201,6706	16,75209
204,0306	1,80419	201,6546	16,75664
204,0186	1,80822	201,6426	16,76119
204,0026	1,81013	201,6306	16,76573
203,9906	1,81347	201,6176	16,77026
203,9786	1,81458	201,6056	16,7748
203,9626	1,81388	201,5926	16,77933
203,9506	1,8194	201,5776	16,78385
203,9376	1,81846	201,5646	16,78837
203,9226	1,81717	201,5526	16,79291
203,9096	1,82157	201,5396	16,79743
203,8976	1,81913	201,5246	16,80196
203,8846	1,82282	201,5116	16,80648
203,8696	1,82272	201,4996	16,81101
203,8576	1,82166	201,4846	16,81553
203,8446	1,82502	201,4716	16,82003
203,8326	1,82739	201,4596	16,82454
203,8166	1,82916	201,4436	16,82904
203,8046	1,83102	201,4316	16,83352
203,7886	1,83175	201,4156	16,83801
203,7766	1,83398	201,4036	16,84252
203,7636	1,83808	201,3906	16,84702
203,7486	1,83776	201,3756	16,85152
203,7356	1,8377	201,3626	16,856
203,7236	1,84108	201,3476	16,86048
203,7116	1,83863	201,3386	16,86498
203,6956	1,83952	201,3226	16,86946
203,6836	1,84149	201,3106	16,87397
203,6706	1,84338	201,2976	16,87849
203,6586	1,84263	201,2826	16,883
203,6426	1,84411	201,2696	16,88751
203,6306	1,84371	201,2576	16,89201
203,6176	1,84675	201,2446	16,89652
203,6026	1,85076	201,2296	16,90101
203,5896	1,85191	201,2166	16,90549
203,5776	1,852	201,2046	16,90997
203,5656	1,85466	201,1926	16,91445
203,5496	1,85398	201,1796	16,91893
203,5376	1,85696	201,1676	16,92339
203,5246	1,85792	201,1516	16,92785
203,5096	1,85764	201,1396	16,93231
203,4966	1,85827	201,1236	16,93676
203,4846	1,86129	201,0986	16,94122
203,4686	1,85753	201,0866	16,94568
203,4566	1,85939	201,0746	16,95018
203,4436	1,86407	201,0586	16,95467
203,4316	1,86521	201,0466	16,9591
203,4196	1,86355	201,0336	16,96353
203,4036	1,86996	201,0216	16,96796
203,3916	1,87115	201,0086	16,97239
203,3786	1,87101	200,9936	16,97682
203,3666	1,87514	200,9806	16,98127
203,3506	1,87566	200,9686	16,9857
203,3386	1,87491	200,9566	16,99013
203,3256	1,87601	200,9406	16,99458
203,3106	1,87617	200,9286	16,99902
203,2976	1,8774	200,9156	17,00346
203,2856	1,87948	200,9006	17,00789
203,2736	1,87988	200,8876	17,01232
203,2576	1,88006	200,8756	17,01677
203,2456	1,88236	200,8626	17,02121
203,2326	1,88306	200,8476	17,02562
203,2206	1,88551	200,8346	17,03003
203,2076	1,88774	200,8226	17,03443
203,1956	1,8885	200,8106	17,03882
203,1676	1,89029	200,7946	17,04322
203,1556	1,89197	200,7826	17,04763
203,1426	1,89361	200,7696	17,05204
203,1306	1,8928	200,7546	17,05645
203,1176	1,89385	200,7416	17,06086
203,1026	1,89389	200,7296	17,06528
203,0896	1,89506	200,7166	17,06969
203,0776	1,89673	200,7046	17,07407
203,0616	1,89625	200,6926	17,07846
203,0496	1,89755	200,6796	17,08286
203,0376	1,89963	200,6646	17,08724
203,0246	1,90094	200,6516	17,09164
203,0126	1,90322	200,6396	17,09606
202,9966	1,90352	200,6236	17,10045
202,9846	1,90665	200,6116	17,10484
202,9716	1,90634	200,5986	17,10925
202,9566	1,91104	200,5866	17,11367
202,9436	1,90891	200,5736	17,11808
202,9316	1,91094	200,5616	17,12248
202,9156	1,91009	200,5466	17,1269
202,9036	1,9119	200,5336	17,13129
202,8916	1,91163	200,5216	17,13569
202,8756	1,91193	200,5056	17,14012
202,8636	1,90976	200,4936	17,14453
202,8506	1,91461	200,4806	17,14892
202,8356	1,91786	200,4656	17,15331
202,8226	1,91508	200,4526	17,1577
202,8106	1,91858	200,4406	17,16209
202,7946	1,9205	200,4246	17,16646
202,7826	1,92084	200,4126	17,17082
202,7696	1,92448	200,4006	17,17517
202,7546	1,92224	200,3846	17,1795
202,7416	1,92553	200,3726	17,18384
202,7296	1,92532	200,3596	17,18817
202,7146	1,92679	200,3446	17,19247
202,7016	1,9243	200,3316	17,19677
202,6896	1,92755	200,3196	17,2011
202,6736	1,92658	200,3066	17,20546
202,6616	1,9272	200,2916	17,20979
202,6486	1,92979	200,2666	17,21412
202,6336	1,92816	200,2546	17,21844
202,6206	1,9329	200,2416	17,22277
202,6086	1,933	200,2266	17,22709
202,5956	1,93646	200,2136	17,23142
202,5836	1,93657	200,1986	17,23575
202,5686	1,93879	200,1856	17,24006
202,5556	1,93716	200,1736	17,24436
202,5436	1,94082	200,1606	17,24866
202,5306	1,93943	200,1516	17,25296
202,5156	1,94112	200,1366	17,25725
202,5026	1,9424	200,1236	17,26154
202,4906	1,94225	200,1146	17,26583
202,4776	1,94209	200,1016	17,27016
202,4656	1,9436	200,0896	17,2745
202,4536	1,94836	200,0766	17,27882
202,4406	1,9462	200,0646	17,28314
202,4256	1,95011	200,0366	17,28745
202,4126	1,95116	200,0246	17,29175
202,4006	1,95383	200,0116	17,29606
202,3876	1,95593	199,9996	17,30039
202,3726	1,95548	199,9866	17,30471
202,3596	1,95649	199,9746	17,30905
202,3476	1,95704	199,9626	17,31341
202,3356	1,95925	199,9496	17,31775
202,3106	1,95814	199,9376	17,32207
202,2946	1,96035	199,9246	17,32635
202,2826	1,96139	199,9096	17,33063
202,2696	1,96049	199,8996	17,33491
202,2546	1,96156	199,8876	17,33922
202,2416	1,96565	199,8756	17,34353
202,2296	1,96691	199,8626	17,34782
202,2176	1,96785	199,8506	17,35215
202,2046	1,97002	199,8256	17,35647
202,1926	1,97016	199,8126	17,36077
202,1796	1,9731	199,8006	17,36511
202,1646	1,97445	199,7886	17,36944
202,1516	1,97624	199,7756	17,37375
202,1396	1,977	199,7636	17,37809
202,1236	1,97679	199,7506	17,38246
202,1116	1,97713	199,7356	17,38682
202,0996	1,97833	199,7266	17,39116
202,0836	1,9796	199,7136	17,39549
202,0716	1,97869	199,7016	17,39982
202,0586	1,98153	199,6886	17,40416
202,0466	1,98066	199,6636	17,40852
202,0306	1,98513	199,6516	17,41289
202,0186	1,98474	199,6356	17,41726
202,0056	1,98887	199,6236	17,42164
201,9906	1,99113	199,6086	17,42604
201,9776	1,99071	199,5956	17,43045
201,9656	1,99238	199,5836	17,43485
201,9496	1,99447	199,5676	17,43923
201,9376	1,9952	199,5556	17,44361
201,9256	1,99421	199,5426	17,448
201,9126	1,99664	199,5276	17,45239
201,8976	1,99536	199,5146	17,45678
201,8846	1,99532	199,5026	17,46118
201,8726	1,99543	199,4866	17,46558
201,8566	2,00113	199,4746	17,46997
201,8446	2,00215	199,4626	17,47435
201,8316	2,00104	199,4496	17,47874
201,8166	2,00255	199,4346	17,48312
201,8036	2,00968	199,4216	17,48751
201,7916	2,00846	199,4096	17,4919
201,7766	2,00882	199,3966	17,49631
201,7636	2,0131	199,3816	17,50071
201,7516	2,01055	199,3686	17,50509
201,7386	2,01248	199,3566	17,50948
201,7236	2,01296	199,3406	17,51388
201,7106	2,01048	199,3286	17,51828
201,6956	2,01379	199,3166	17,52266
201,6826	2,01731	199,3006	17,52705
201,6706	2,01559	199,2886	17,53146
201,6546	2,01898	199,2756	17,53586
201,6426	2,02114	199,2636	17,54025
201,6306	2,02116	199,2476	17,54465
201,6176	2,02312	199,2356	17,54904
201,6056	2,02632	199,2226	17,55343
201,5926	2,02851	199,2076	17,55783
201,5776	2,02624	199,1946	17,56221
201,5646	2,03042	199,1826	17,56659
201,5526	2,03117	199,1666	17,57098
201,5396	2,03076	199,1546	17,57538
201,5246	2,03194	199,1426	17,57979
201,5116	2,033	199,1296	17,58422
201,4996	2,03133	199,1176	17,58866
201,4846	2,03557	199,1016	17,59309
201,4716	2,03502	199,0896	17,5975
201,4596	2,03527	199,0766	17,60192
201,4436	2,03856	199,0616	17,60635
201,4316	2,04105	199,0486	17,61078
201,4156	2,04298	199,0366	17,61521
201,4036	2,04422	199,0206	17,61965
201,3906	2,04791	199,0086	17,62408
201,3756	2,04852	198,9966	17,62852
201,3626	2,04891	198,9836	17,63301
201,3476	2,05024	198,9686	17,63751
201,3386	2,04863	198,9556	17,64202
201,3226	2,0511	198,9436	17,64654
201,3106	2,05219	198,9276	17,65104
201,2976	2,05399	198,9156	17,65553
201,2826	2,05363	198,9026	17,66
201,2696	2,05611	198,8906	17,66445
201,2576	2,05743	198,8786	17,66888
201,2446	2,05811	198,8626	17,67328
201,2296	2,06042	198,8506	17,67768
201,2166	2,06114	198,8376	17,68206
201,2046	2,06485	198,8256	17,68643
201,1926	2,06446	198,8096	17,69081
201,1796	2,0675	198,7976	17,6952
201,1676	2,06895	198,7846	17,69961
201,1516	2,07024	198,7696	17,70402
201,1396	2,07027	198,7566	17,70845
201,1236	2,07092	198,7446	17,71289
201,0986	2,07256	198,7326	17,71733
201,0866	2,0717	198,7166	17,72178
201,0746	2,07437	198,7046	17,72621
201,0586	2,07479	198,6916	17,73065
201,0466	2,07577	198,6796	17,7351
201,0336	2,07799	198,6666	17,73956
201,0216	2,07951	198,6516	17,74402
201,0086	2,08282	198,6386	17,74848
200,9936	2,08404	198,6266	17,75297
200,9806	2,08098	198,6146	17,75744
200,9686	2,08617	198,5986	17,76191
200,9566	2,08488	198,5866	17,76639
200,9406	2,08968	198,5736	17,77083
200,9286	2,08604	198,5586	17,77528
200,9156	2,09008	198,5306	17,77974
200,9006	2,08495	198,5176	17,78418
200,8876	2,08612	198,5056	17,78863
200,8756	2,08924	198,4926	17,79309
200,8626	2,08967	198,4836	17,79755
200,8476	2,09039	198,4716	17,80202
200,8346	2,09284	198,4586	17,80648
200,8226	2,09737	198,4436	17,81097
200,8106	2,09746	198,4306	17,81545
200,7946	2,10103	198,4216	17,81992
200,7826	2,10138	198,4096	17,82439
200,7696	2,10257	198,3966	17,82885
200,7546	2,10387	198,3846	17,83329
200,7416	2,10531	198,3596	17,83775
200,7296	2,10528	198,3466	17,84223
200,7166	2,10496	198,3346	17,84669
200,7046	2,10619	198,3226	17,85115
200,6926	2,10898	198,3096	17,8556
200,6796	2,10564	198,2976	17,86005
200,6646	2,10745	198,2846	17,86449
200,6516	2,10896	198,2726	17,86892
200,6396	2,11045	198,2606	17,87335
200,6236	2,11183	198,2476	17,87775
200,6116	2,11506	198,2356	17,88215
200,5986	2,11272	198,2226	17,88656
200,5866	2,11884	198,1976	17,89095
200,5736	2,11744	198,1856	17,89532
200,5616	2,12079	198,1736	17,89969
200,5466	2,11663	198,1576	17,90409
200,5336	2,12187	198,1456	17,90852
200,5216	2,11987	198,1326	17,91294
200,5056	2,12357	198,1176	17,91736
200,4936	2,12176	198,1046	17,92176
200,4806	2,12444	198,0926	17,92614
200,4656	2,12603	198,0796	17,93054
200,4526	2,12613	198,0646	17,93493
200,4406	2,12956	198,0516	17,93931
200,4246	2,13367	198,0396	17,94367
200,4126	2,13455	198,0236	17,94803
200,4006	2,13714	198,0116	17,95239
200,3846	2,13926	197,9996	17,95675
200,3726	2,14079	197,9866	17,9611
200,3596	2,13967	197,9716	17,96545
200,3446	2,13715	197,9586	17,96981
200,3316	2,13941	197,9466	17,97415
200,3196	2,14254	197,9336	17,97848
200,3066	2,13764	197,9216	17,98281
200,2916	2,14124	197,9056	17,98714
200,2666	2,14446	197,8936	17,99144
200,2546	2,14444	197,8816	17,99572
200,2416	2,14553	197,8686	18,00002
200,2266	2,1471	197,8536	18,00432
200,2136	2,15063	197,8406	18,00861
200,1986	2,14978	197,8286	18,0129
200,1856	2,15606	197,8156	18,01717
200,1736	2,15633	197,8036	18,02143
200,1606	2,15888	197,7876	18,02571
200,1516	2,15947	197,7756	18,02998
200,1366	2,16043	197,7636	18,03425
200,1236	2,16151	197,7506	18,03852
200,1146	2,16404	197,7356	18,04279
200,1016	2,1622	197,7196	18,04707
200,0896	2,16629	197,7076	18,05135
200,0766	2,16743	197,6946	18,05563
200,0646	2,16896	197,6826	18,05992
200,0366	2,17065	197,6666	18,06419
200,0246	2,17388	197,6546	18,06846
200,0116	2,17613	197,6416	18,07274
199,9996	2,18033	197,6296	18,07701
199,9866	2,17866	197,6136	18,08126
199,9746	2,18202	197,6016	18,08547
199,9626	2,18208	197,5866	18,08969
199,9496	2,1834	197,5736	18,09389
199,9376	2,18373	197,5616	18,09806
199,9246	2,18387	197,5486	18,10222
199,9096	2,1867	197,5336	18,10638
199,8996	2,18534	197,5206	18,11052
199,8876	2,18747	197,5086	18,11466
199,8756	2,18915	197,4926	18,11881
199,8626	2,1887	197,4806	18,12296
199,8506	2,1934	197,4676	18,12712
199,8256	2,19477	197,4556	18,13131
199,8126	2,19627	197,4436	18,1355
199,8006	2,19802	197,4276	18,13967
199,7886	2,19975	197,4156	18,14386
199,7756	2,19926	197,4026	18,14803
199,7636	2,2015	197,3906	18,15218
199,7506	2,20064	197,3746	18,15634
199,7356	2,20571	197,3626	18,16047
199,7266	2,20234	197,3496	18,16461
199,7136	2,20205	197,3376	18,16873
199,7016	2,20546	197,3216	18,17281
199,6886	2,20669	197,3096	18,17687
199,6636	2,20614	197,2846	18,18092
199,6516	2,20788	197,2696	18,18498
199,6356	2,21005	197,2566	18,18905
199,6236	2,21056	197,2446	18,19314
199,6086	2,21537	197,2316	18,19726
199,5956	2,21402	197,2196	18,20138
199,5836	2,21752	197,2076	18,20549
199,5676	2,21857	197,1946	18,20957
199,5556	2,21981	197,1796	18,21364
199,5426	2,21937	197,1666	18,21771
199,5276	2,21909	197,1546	18,22177
199,5146	2,22051	197,1416	18,22578
199,5026	2,2214	197,1296	18,22977
199,4866	2,22307	197,1176	18,23374
199,4746	2,22456	197,1046	18,23767
199,4626	2,22347	197,0926	18,24158
199,4496	2,22546	197,0796	18,24547
199,4346	2,22813	197,0546	18,24935
199,4216	2,22961	197,0426	18,25323
199,4096	2,23692	197,0306	18,25713
199,3966	2,23234	197,0146	18,26103
199,3816	2,23565	197,0026	18,26492
199,3686	2,23616	196,9896	18,26882
199,3566	2,24114	196,9776	18,2727
199,3406	2,23849	196,9616	18,27657
199,3286	2,24167	196,9496	18,28041
199,3166	2,2398	196,9366	18,28426
199,3006	2,24261	196,9246	18,28814
199,2886	2,2438	196,9126	18,29202
199,2756	2,24492	196,8996	18,29587
199,2636	2,24679	196,8876	18,29971
199,2476	2,24775	196,8746	18,30355
199,2356	2,25044	196,8626	18,30738
199,2226	2,25253	196,8496	18,31119
199,2076	2,25507	196,8346	18,31498
199,1946	2,25736	196,8216	18,31875
199,1826	2,25571	196,8096	18,32251
199,1666	2,2591	196,8006	18,32626
199,1546	2,25822	196,7726	18,33002
199,1426	2,25986	196,7596	18,33377
199,1296	2,26131	196,7476	18,33753
199,1176	2,26034	196,7316	18,34127
199,1016	2,26077	196,7196	18,34498
199,0896	2,26374	196,7076	18,34868
199,0766	2,26612	196,6946	18,35238
199,0616	2,26547	196,6796	18,35607
199,0486	2,26845	196,6666	18,35974
199,0366	2,26977	196,6546	18,3634
199,0206	2,27313	196,6416	18,36703
199,0086	2,27389	196,6266	18,37063
198,9966	2,27801	196,6136	18,37424
198,9836	2,27643	196,6016	18,37784
198,9686	2,27587	196,5856	18,38141
198,9556	2,27819	196,5736	18,38496
198,9436	2,27926	196,5616	18,38852
198,9276	2,27821	196,5456	18,39204
198,9156	2,27742	196,5336	18,39555
198,9026	2,27974	196,5206	18,39905
198,8906	2,28084	196,5056	18,40255
198,8786	2,28296	196,4926	18,40605
198,8626	2,28317	196,4806	18,40954
198,8506	2,28486	196,4646	18,41301
198,8376	2,28658	196,4526	18,41645
198,8256	2,28975	196,4396	18,41988
198,8096	2,29295	196,4276	18,42329
198,7976	2,29333	196,4116	18,4267
198,7846	2,29304	196,3996	18,43009
198,7696	2,29425	196,3876	18,43349
198,7566	2,29414	196,3746	18,43688
198,7446	2,29577	196,3596	18,44026
198,7326	2,29548	196,3466	18,44364
198,7166	2,29682	196,3346	18,44701
198,7046	2,29652	196,3186	18,45039
198,6916	2,29931	196,3066	18,45376
198,6796	2,30064	196,2936	18,45712
198,6666	2,30379	196,2786	18,46046
198,6516	2,30455	196,2656	18,46378
198,6386	2,3055	196,2536	18,46708
198,6266	2,30847	196,2416	18,47035
198,6146	2,3107	196,2256	18,47358
198,5986	2,31293	196,2136	18,47681
198,5866	2,31462	196,1976	18,48005
198,5736	2,31519	196,1856	18,48332
198,5586	2,31569	196,1726	18,48661
198,5306	2,31551	196,1606	18,4899
198,5176	2,31945	196,1446	18,49318
198,5056	2,31497	196,1326	18,49646
198,4926	2,31912	196,1196	18,49973
198,4836	2,319	196,1076	18,50299
198,4716	2,32118	196,0926	18,50625
198,4586	2,32269	196,0796	18,50947
198,4436	2,3262	196,0676	18,51269
198,4306	2,32777	196,0546	18,5159
198,4216	2,33013	196,0396	18,51909
198,4096	2,33238	196,0266	18,52227
198,3966	2,33463	196,0146	18,52543
198,3846	2,33486	196,0016	18,52858
198,3596	2,33524	195,9896	18,53173
198,3466	2,33605	195,9736	18,53487
198,3346	2,33689	195,9616	18,53797
198,3226	2,33693	195,9466	18,54104
198,3096	2,33985	195,9336	18,54411
198,2976	2,33917	195,9216	18,54714
198,2846	2,34153	195,9086	18,55015
198,2726	2,3425	195,8966	18,55314
198,2606	2,34397	195,8806	18,55612
198,2476	2,34724	195,8686	18,55913
198,2356	2,34934	195,8556	18,56212
198,2226	2,3514	195,8436	18,56509
198,1976	2,35369	195,8286	18,56803
198,1856	2,35431	195,8156	18,57094
198,1736	2,35482	195,8036	18,57383
198,1576	2,35594	195,7906	18,57669
198,1456	2,35677	195,7756	18,57955
198,1326	2,35758	195,7626	18,58239
198,1176	2,35863	195,7506	18,58522
198,1046	2,35913	195,7376	18,58808
198,0926	2,36087	195,7256	18,59095
198,0796	2,36334	195,6976	18,59378
198,0646	2,36289	195,6856	18,59661
198,0516	2,36849	195,6726	18,59944
198,0396	2,36852	195,6606	18,60226
198,0236	2,37014	195,6476	18,60508
198,0116	2,37115	195,6356	18,6079
197,9996	2,37612	195,6196	18,61071
197,9866	2,37447	195,6076	18,61352
197,9716	2,3761	195,5956	18,61632
197,9586	2,3787	195,5826	18,6191
197,9466	2,3781	195,5706	18,62187
197,9336	2,37967	195,5576	18,62464
197,9216	2,38056	195,5456	18,6274
197,9056	2,37882	195,5326	18,63016
197,8936	2,38237	195,5206	18,63289
197,8816	2,38383	195,4956	18,6356
197,8686	2,38521	195,4836	18,63834
197,8536	2,38732	195,4706	18,64106
197,8406	2,39102	195,4586	18,64378
197,8286	2,38958	195,4456	18,64648
197,8156	2,3946	195,4336	18,64918
197,8036	2,3955	195,4186	18,65188
197,7876	2,39532	195,4056	18,65459
197,7756	2,39892	195,3906	18,65729
197,7636	2,39705	195,3776	18,65997
197,7506	2,39759	195,3656	18,66267
197,7356	2,39847	195,3526	18,66536
197,7196	2,40103	195,3406	18,66804
197,7076	2,3998	195,3276	18,6707
197,6946	2,40156	195,3126	18,67332
197,6826	2,40506	195,2996	18,67592
197,6666	2,40496	195,2876	18,6785
197,6546	2,40876	195,2726	18,68107
197,6416	2,40966	195,2596	18,68362
197,6296	2,41168	195,2476	18,68619
197,6136	2,41258	195,2316	18,68875
197,6016	2,41519	195,2196	18,69131
197,5866	2,41581	195,2036	18,69385
197,5736	2,41564	195,1916	18,69639
197,5616	2,41753	195,1756	18,69891
197,5486	2,41545	195,1636	18,70143
197,5336	2,41914	195,1506	18,70394
197,5206	2,41714	195,1386	18,70644
197,5086	2,41984	195,1266	18,70893
197,4926	2,41988	195,1136	18,71143
197,4806	2,42181	195,1016	18,71388
197,4676	2,42174	195,0856	18,71631
197,4556	2,42499	195,0736	18,71876
197,4436	2,42757	195,0576	18,7212
197,4276	2,42856	195,0456	18,72364
197,4156	2,42963	195,0326	18,72607
197,4026	2,43084	195,0206	18,72848
197,3906	2,43289	195,0086	18,73088
197,3746	2,43297	194,9926	18,73328
197,3626	2,43449	194,9806	18,73566
197,3496	2,43482	194,9676	18,73803
197,3376	2,4361	194,9556	18,7404
197,3216	2,43655	194,9396	18,74278
197,3096	2,43837	194,9276	18,74513
197,2846	2,44045	194,9146	18,74748
197,2696	2,44188	194,9026	18,74985
197,2566	2,4454	194,8866	18,75223
197,2446	2,44742	194,8746	18,75461
197,2316	2,45001	194,8626	18,75701
197,2196	2,45123	194,8466	18,75942
197,2076	2,45181	194,8346	18,76182
197,1946	2,45615	194,8216	18,76424
197,1796	2,45761	194,8096	18,76666
197,1666	2,45749	194,7936	18,76904
197,1546	2,45668	194,7816	18,77138
197,1416	2,45859	194,7686	18,7737
197,1296	2,45671	194,7566	18,77598
197,1176	2,46028	194,7406	18,77823
197,1046	2,46007	194,7286	18,78045
197,0926	2,46047	194,7166	18,78264
197,0796	2,46169	194,7006	18,78481
197,0546	2,46544	194,6886	18,78695
197,0426	2,46748	194,6756	18,78911
197,0306	2,4696	194,6636	18,79127
197,0146	2,47145	194,6476	18,79341
197,0026	2,47149	194,6356	18,79555
196,9896	2,47501	194,6226	18,79771
196,9776	2,47268	194,5986	18,79986
196,9616	2,47584	194,5826	18,80198
196,9496	2,47501	194,5706	18,8041
196,9366	2,47527	194,5546	18,80617
196,9246	2,47502	194,5456	18,80819
196,9126	2,47545	194,5296	18,81021
196,8996	2,47712	194,5206	18,81221
196,8876	2,47741	194,5076	18,81419
196,8746	2,4786	194,4926	18,81615
196,8626	2,47873	194,4836	18,81809
196,8496	2,48005	194,4676	18,82004
196,8346	2,48153	194,4586	18,82202
196,8216	2,48198	194,4456	18,82402
196,8096	2,48427	194,4336	18,82603
196,8006	2,48554	194,4216	18,82804
196,7726	2,48525	194,4086	18,83004
196,7596	2,48637	194,3836	18,83204
196,7476	2,48603	194,3686	18,83406
196,7316	2,48762	194,3556	18,83611
196,7196	2,48873	194,3436	18,83813
196,7076	2,48894	194,3276	18,84011
196,6946	2,49119	194,3156	18,84205
196,6796	2,49437	194,3026	18,844
196,6666	2,49449	194,2876	18,84596
196,6546	2,49639	194,2756	18,84793
196,6416	2,50041	194,2626	18,8499
196,6266	2,50161	194,2506	18,85189
196,6136	2,50583	194,2346	18,85387
196,6016	2,50466	194,2226	18,85581
196,5856	2,50658	194,2096	18,85774
196,5736	2,50709	194,1946	18,85968
196,5616	2,50951	194,1816	18,86163
196,5456	2,50904	194,1696	18,86355
196,5336	2,51078	194,1566	18,86548
196,5206	2,51189	194,1416	18,86742
196,5056	2,5123	194,1296	18,86936
196,4926	2,51507	194,1166	18,8713
196,4806	2,51682	194,1046	18,87324
196,4646	2,52058	194,0886	18,87516
196,4526	2,51879	194,0766	18,87704
196,4396	2,52263	194,0636	18,8789
196,4276	2,52559	194,0516	18,88076
196,4116	2,52801	194,0386	18,8826
196,3996	2,52789	194,0236	18,88444
196,3876	2,53015	194,0116	18,88628
196,3746	2,53099	193,9986	18,88811
196,3596	2,53179	193,9836	18,88993
196,3466	2,53134	193,9706	18,89176
196,3346	2,53212	193,9586	18,89359
196,3186	2,53447	193,9456	18,89543
196,3066	2,53481	193,9306	18,89727
196,2936	2,53402	193,9176	18,89912
196,2786	2,538	193,9056	18,90094
196,2656	2,54019	193,8926	18,90277
196,2536	2,53964	193,8806	18,9046
196,2416	2,54225	193,8656	18,90642
196,2256	2,54332	193,8526	18,90824
196,2136	2,5459	193,8406	18,91007
196,1976	2,54811	193,8276	18,9119
196,1856	2,5488	193,8156	18,91372
196,1726	2,55011	193,7996	18,91553
196,1606	2,5493	193,7876	18,91734
196,1446	2,5527	193,7746	18,91914
196,1326	2,55562	193,7596	18,92093
196,1196	2,55627	193,7466	18,92272
196,1076	2,55594	193,7346	18,9245
196,0926	2,55773	193,7226	18,92627
196,0796	2,55932	193,7066	18,92803
196,0676	2,56161	193,6946	18,92978
196,0546	2,56343	193,6816	18,93152
196,0396	2,56507	193,6666	18,93325
196,0266	2,56873	193,6536	18,93498
196,0146	2,56496	193,6416	18,9367
196,0016	2,56954	193,6166	18,9384
195,9896	2,57009	193,6046	18,94007
195,9736	2,5707	193,5916	18,94175
195,9616	2,57055	193,5766	18,94342
195,9466	2,57303	193,5636	18,94508
195,9336	2,57084	193,5516	18,94674
195,9216	2,57147	193,5356	18,94841
195,9086	2,57347	193,5236	18,95012
195,8966	2,57482	193,5076	18,95182
195,8806	2,57422	193,4956	18,9535
195,8686	2,57846	193,4826	18,95517
195,8556	2,57798	193,4706	18,95686
195,8436	2,58073	193,4586	18,95855
195,8286	2,58086	193,4426	18,96022
195,8156	2,58361	193,4306	18,96188
195,8036	2,58614	193,4176	18,96356
195,7906	2,58878	193,4056	18,96521
195,7756	2,5898	193,3896	18,96686
195,7626	2,59123	193,3776	18,96851
195,7506	2,59233	193,3646	18,97014
195,7376	2,59153	193,3496	18,97177
195,7256	2,59547	193,3366	18,97338
195,6976	2,59528	193,3246	18,97498
195,6856	2,5979	193,3126	18,97659
195,6726	2,59637	193,2996	18,97817
195,6606	2,60098	193,2846	18,97974
195,6476	2,60359	193,2716	18,9813
195,6356	2,60555	193,2596	18,98287
195,6196	2,60428	193,2466	18,98445
195,6076	2,60965	193,2346	18,98602
195,5956	2,61104	193,2186	18,98759
195,5826	2,6134	193,2066	18,98916
195,5706	2,61479	193,1946	18,99071
195,5576	2,61307	193,1816	18,99226
195,5456	2,61343	193,1696	18,99383
195,5326	2,61243	193,1566	18,99542
195,5206	2,61265	193,1416	18,99699
195,4956	2,61318	193,1286	18,99859
195,4836	2,61738	193,1166	19,00019
195,4706	2,61851	193,1046	19,00177
195,4586	2,62183	193,0886	19,00335
195,4456	2,62378	193,0766	19,00493
195,4336	2,62492	193,0636	19,00651
195,4186	2,62533	193,0516	19,00807
195,4056	2,63126	193,0356	19,00956
195,3906	2,63165	193,0236	19,01101
195,3776	2,63341	193,0106	19,01244
195,3656	2,63297	192,9826	19,01387
195,3526	2,63334	192,9706	19,0153
195,3406	2,63625	192,9586	19,01673
195,3276	2,63601	192,9456	19,01816
195,3126	2,63868	192,9336	19,01958
195,2996	2,63779	192,9206	19,02098
195,2876	2,64293	192,9086	19,02236
195,2726	2,64217	192,8956	19,02373
195,2596	2,64733	192,8836	19,0251
195,2476	2,64686	192,8716	19,02648
195,2316	2,64963	192,8586	19,02784
195,2196	2,65261	192,8466	19,02921
195,2036	2,6543	192,8336	19,03057
195,1916	2,65414	192,8216	19,03198
195,1756	2,6556	192,8086	19,0334
195,1636	2,65604	192,7846	19,0348
195,1506	2,65512	192,7686	19,03621
195,1386	2,65781	192,7566	19,03759
195,1266	2,6582	192,7436	19,03898
195,1136	2,6597	192,7316	19,04038
195,1016	2,65965	192,7186	19,04175
195,0856	2,66303	192,7036	19,04308
195,0736	2,66362	192,6906	19,04442
195,0576	2,66692	192,6786	19,04576
195,0456	2,66915	192,6666	19,04707
195,0326	2,66825	192,6536	19,04839
195,0206	2,67165	192,6386	19,04972
195,0086	2,67208	192,6256	19,05105
194,9926	2,67502	192,6136	19,05239
194,9806	2,67511	192,5976	19,05377
194,9676	2,67473	192,5856	19,05516
194,9556	2,67814	192,5726	19,05653
194,9396	2,67482	192,5606	19,05788
194,9276	2,6784	192,5446	19,05923
194,9146	2,67773	192,5326	19,06056
194,9026	2,67985	192,5206	19,0619
194,8866	2,68255	192,5076	19,06323
194,8746	2,68263	192,4926	19,06457
194,8626	2,6856	192,4796	19,06591
194,8466	2,68728	192,4676	19,06724
194,8346	2,68939	192,4516	19,06857
194,8216	2,68984	192,4396	19,0699
194,8096	2,6928	192,4266	19,07122
194,7936	2,69013	192,4116	19,07254
194,7816	2,69412	192,3986	19,07387
194,7686	2,6935	192,3866	19,07518
194,7566	2,69573	192,3716	19,07647
194,7406	2,69434	192,3586	19,07776
194,7286	2,69675	192,3436	19,07905
194,7166	2,69507	192,3306	19,08035
194,7006	2,69712	192,3156	19,08164
194,6886	2,69928	192,3026	19,08294
194,6756	2,7001	192,2906	19,08424
194,6636	2,70496	192,2776	19,08555
194,6476	2,70554	192,2626	19,08684
194,6356	2,70781	192,2496	19,08813
194,6226	2,70738	192,2376	19,08941
194,5986	2,71131	192,2256	19,09071
194,5826	2,71145	192,2096	19,09201
194,5706	2,71077	192,1976	19,09328
194,5546	2,71472	192,1846	19,09454
194,5456	2,71548	192,1696	19,0958
194,5296	2,71694	192,1566	19,09706
194,5206	2,71987	192,1446	19,09831
194,5076	2,71966	192,1286	19,09956
194,4926	2,7228	192,1166	19,10079
194,4836	2,72637	192,1036	19,10202
194,4676	2,72539	192,0886	19,10326
194,4586	2,73214	192,0756	19,10452
194,4456	2,73093	192,0636	19,10577
194,4336	2,73487	192,0516	19,10703
194,4216	2,7344	192,0386	19,10833
194,4086	2,73404	192,0266	19,10964
194,3836	2,73752	192,0106	19,11095
194,3686	2,73614	191,9986	19,11226
194,3556	2,73952	191,9856	19,11358
194,3436	2,73715	191,9736	19,11488
194,3276	2,73838	191,9616	19,11617
194,3156	2,73876	191,9486	19,11747
194,3026	2,74017	191,9366	19,11877
194,2876	2,74315	191,9206	19,12009
194,2756	2,74054	191,9086	19,12145
194,2626	2,74437	191,8956	19,12283
194,2506	2,74644	191,8806	19,1242
194,2346	2,7493	191,8526	19,12559
194,2226	2,75294	191,8396	19,12701
194,2096	2,75368	191,8276	19,12842
194,1946	2,75684	191,8186	19,12983
194,1816	2,75669	191,8056	19,13127
194,1696	2,75911	191,7906	19,1327
194,1566	2,75759	191,7806	19,13414
194,1416	2,75925	191,7686	19,13556
194,1296	2,7604	191,7526	19,13694
194,1166	2,76052	191,7436	19,13827
194,1046	2,76459	191,7316	19,1396
194,0886	2,76425	191,7186	19,14089
194,0766	2,76803	191,7066	19,14214
194,0636	2,76691	191,6936	19,14343
194,0516	2,77285	191,6786	19,14472
194,0386	2,77181	191,6536	19,14597
194,0236	2,77483	191,6416	19,14723
194,0116	2,77624	191,6256	19,14855
193,9986	2,77766	191,6136	19,14989
193,9836	2,77801	191,6006	19,15123
193,9706	2,77752	191,5886	19,15256
193,9586	2,77923	191,5756	19,15388
193,9456	2,78003	191,5606	19,1552
193,9306	2,77801	191,5476	19,15652
193,9176	2,78175	191,5356	19,15782
193,9056	2,78226	191,5236	19,15912
193,8926	2,78575	191,5076	19,16041
193,8806	2,78851	191,4956	19,16169
193,8656	2,79001	191,4796	19,16294
193,8526	2,79178	191,4676	19,16417
193,8406	2,78947	191,4546	19,1654
193,8276	2,79376	191,4426	19,16663
193,8156	2,79411	191,4266	19,16785
193,7996	2,79526	191,4146	19,16905
193,7876	2,79616	191,4016	19,17026
193,7746	2,79559	191,3866	19,17153
193,7596	2,79662	191,3736	19,17284
193,7466	2,79778	191,3616	19,17417
193,7346	2,80187	191,3496	19,1755
193,7226	2,80043	191,3366	19,17682
193,7066	2,80319	191,3216	19,17812
193,6946	2,8053	191,3086	19,1794
193,6816	2,80553	191,2936	19,18067
193,6666	2,80797	191,2806	19,18194
193,6536	2,8104	191,2686	19,18322
193,6416	2,81298	191,2526	19,18453
193,6166	2,8158	191,2406	19,18587
193,6046	2,81688	191,2286	19,18719
193,5916	2,81847	191,2156	19,18852
193,5766	2,81955	191,2006	19,18986
193,5636	2,82093	191,1876	19,19121
193,5516	2,82133	191,1756	19,19255
193,5356	2,82256	191,1596	19,19391
193,5236	2,82265	191,1476	19,19528
193,5076	2,82235	191,1346	19,19661
193,4956	2,82616	191,1196	19,19792
193,4826	2,82745	191,1066	19,19925
193,4706	2,8298	191,0946	19,20061
193,4586	2,83138	191,0826	19,20198
193,4426	2,83395	191,0696	19,20335
193,4306	2,83709	191,0576	19,20473
193,4176	2,83727	191,0446	19,20613
193,4056	2,8386	191,0296	19,20752
193,3896	2,83912	191,0166	19,2089
193,3776	2,84224	191,0046	19,21029
193,3646	2,83943	190,9916	19,21167
193,3496	2,84312	190,9796	19,21306
193,3366	2,84337	190,9646	19,21445
193,3246	2,84469	190,9516	19,21582
193,3126	2,84361	190,9396	19,21715
193,2996	2,84542	190,9266	19,21848
193,2846	2,8483	190,9116	19,21985
193,2716	2,84758	190,8986	19,22123
193,2596	2,85133	190,8866	19,22259
193,2466	2,85349	190,8736	19,22394
193,2346	2,85591	190,8616	19,22531
193,2186	2,85512	190,8456	19,22668
193,2066	2,85586	190,8336	19,22806
193,1946	2,85683	190,8056	19,22947
193,1816	2,85704	190,7936	19,23091
193,1696	2,85583	190,7806	19,23232
193,1566	2,85777	190,7686	19,23374
193,1416	2,85971	190,7526	19,23516
193,1286	2,86139	190,7406	19,23659
193,1166	2,86086	190,7276	19,238
193,1046	2,86178	190,7126	19,23938
193,0886	2,86525	190,7006	19,24078
193,0766	2,86441	190,6846	19,24218
193,0636	2,86804	190,6756	19,24355
193,0516	2,86943	190,6596	19,24493
193,0356	2,87454	190,6476	19,24631
193,0236	2,87364	190,6346	19,24769
193,0106	2,87803	190,6226	19,24905
192,9826	2,87745	190,6096	19,25042
192,9706	2,87991	190,5976	19,25181
192,9586	2,87931	190,5856	19,2532
192,9456	2,88136	190,5726	19,25458
192,9336	2,88256	190,5606	19,25597
192,9206	2,88313	190,5506	19,25736
192,9086	2,88689	190,5356	19,25875
192,8956	2,88708	190,5266	19,26013
192,8836	2,89108	190,4986	19,26151
192,8716	2,89105	190,4856	19,26288
192,8586	2,89433	190,4736	19,26425
192,8466	2,89801	190,4606	19,26559
192,8336	2,89862	190,4456	19,26689
192,8216	2,90182	190,4326	19,26821
192,8086	2,89907	190,4206	19,26952
192,7846	2,90499	190,4086	19,27084
192,7686	2,90425	190,3956	19,2722
192,7566	2,90686	190,3836	19,27355
192,7436	2,90891	190,3706	19,2749
192,7316	2,9077	190,3556	19,27623
192,7186	2,91095	190,3426	19,27758
192,7036	2,91238	190,3306	19,27896
192,6906	2,91507	190,3176	19,28039
192,6786	2,91825	190,3026	19,28184
192,6666	2,9201	190,2906	19,28327
192,6536	2,92092	190,2746	19,28467
192,6386	2,9248	190,2626	19,28607
192,6256	2,92549	190,2496	19,28747
192,6136	2,92751	190,2376	19,28887
192,5976	2,92748	190,2246	19,29027
192,5856	2,92864	190,2096	19,29169
192,5726	2,92707	190,1966	19,29309
192,5606	2,92952	190,1846	19,29449
192,5446	2,92884	190,1686	19,29588
192,5326	2,93159	190,1566	19,29726
192,5206	2,9316	190,1446	19,29864
192,5076	2,93051	190,1286	19,30001
192,4926	2,93371	190,1166	19,30138
192,4796	2,93708	190,1036	19,30274
192,4676	2,93731	190,0916	19,30407
192,4516	2,93999	190,0786	19,30539
192,4396	2,94173	190,0636	19,30672
192,4266	2,94325	190,0506	19,30802
192,4116	2,94271	190,0356	19,30932
192,3986	2,94338	190,0226	19,31066
192,3866	2,94444	190,0106	19,31202
192,3716	2,94394	189,9946	19,31338
192,3586	2,94466	189,9826	19,31472
192,3436	2,94487	189,9706	19,31606
192,3306	2,94674	189,9576	19,3174
192,3156	2,94737	189,9426	19,31873
192,3026	2,94909	189,9296	19,32007
192,2906	2,95073	189,9176	19,3214
192,2776	2,95162	189,9046	19,32273
192,2626	2,95565	189,8926	19,32405
192,2496	2,95611	189,8766	19,32536
192,2376	2,95944	189,8646	19,3267
192,2256	2,96118	189,8486	19,32802
192,2096	2,96276	189,8366	19,32934
192,1976	2,96137	189,8216	19,33066
192,1846	2,96157	189,8086	19,33199
192,1696	2,96237	189,7966	19,33331
192,1566	2,96284	189,7836	19,33464
192,1446	2,96408	189,7716	19,33596
192,1286	2,96452	189,7556	19,33726
192,1166	2,96554	189,7436	19,33855
192,1036	2,96803	189,7306	19,33984
192,0886	2,97033	189,7186	19,34114
192,0756	2,97253	189,7026	19,34243
192,0636	2,97663	189,6906	19,34372
192,0516	2,97639	189,6756	19,34502
192,0386	2,98044	189,6626	19,3463
192,0266	2,98065	189,6506	19,34757
192,0106	2,98154	189,6346	19,34884
191,9986	2,98182	189,6226	19,3501
191,9856	2,9823	189,6096	19,35136
191,9736	2,98171	189,5976	19,35261
191,9616	2,98036	189,5816	19,35385
191,9486	2,98504	189,5696	19,3551
191,9366	2,98448	189,5566	19,35634
191,9206	2,98902	189,5416	19,35757
191,9086	2,99185	189,5296	19,35879
191,8956	2,99235	189,5166	19,36001
191,8806	2,99518	189,4916	19,36122
191,8526	2,99476	189,4766	19,36242
191,8396	2,99722	189,4636	19,36361
191,8276	3,00337	189,4516	19,36477
191,8186	3,00454	189,4356	19,36591
191,8056	3,00559	189,4236	19,36705
191,7906	3,00584	189,4116	19,3682
191,7806	3,00673	189,3986	19,36935
191,7686	3,00727	189,3866	19,3705
191,7526	3,0079	189,3766	19,37165
191,7436	3,01015	189,3616	19,37282
191,7316	3,01125	189,3486	19,37399
191,7186	3,01337	189,3396	19,37513
191,7066	3,01456	189,3246	19,37628
191,6936	3,01715	189,3116	19,37744
191,6786	3,01988	189,2996	19,37861
191,6536	3,02123	189,2866	19,37975
191,6416	3,0237	189,2746	19,38088
191,6256	3,02382	189,2496	19,38198
191,6136	3,02635	189,2376	19,38306
191,6006	3,02678	189,2216	19,38417
191,5886	3,02935	189,2096	19,38528
191,5756	3,02861	189,1966	19,38636
191,5606	3,03031	189,1846	19,38743
191,5476	3,03153	189,1716	19,3885
191,5356	3,03398	189,1596	19,38956
191,5236	3,03603	189,1436	19,3906
191,5076	3,03578	189,1316	19,39163
191,4956	3,03978	189,1196	19,39267
191,4796	3,04099	189,1066	19,3937
191,4676	3,04389	189,0946	19,3947
191,4546	3,04731	189,0816	19,39568
191,4426	3,04999	189,0666	19,39663
191,4266	3,05122	189,0536	19,39759
191,4146	3,05169	189,0416	19,39856
191,4016	3,05373	189,0286	19,3995
191,3866	3,05346	189,0136	19,40049
191,3736	3,05604	189,0016	19,40153
191,3616	3,0519	188,9886	19,40256
191,3496	3,05588	188,9736	19,40355
191,3366	3,05668	188,9606	19,40454
191,3216	3,0598	188,9486	19,40555
191,3086	3,0623	188,9326	19,40652
191,2936	3,06296	188,9206	19,40749
191,2806	3,06615	188,9076	19,40846
191,2686	3,06698	188,8956	19,40941
191,2526	3,0696	188,8796	19,41034
191,2406	3,07002	188,8676	19,41124
191,2286	3,07384	188,8556	19,41212
191,2156	3,07142	188,8426	19,41302
191,2006	3,07209	188,8276	19,41392
191,1876	3,07205	188,8146	19,41483
191,1756	3,07393	188,8026	19,41573
191,1596	3,06991	188,7866	19,41664
191,1476	3,07819	188,7746	19,41757
191,1346	3,08184	188,7616	19,4185
191,1196	3,07747	188,7496	19,41941
191,1066	3,08347	188,7336	19,42032
191,0946	3,08504	188,7216	19,42126
191,0826	3,09292	188,7096	19,42217
191,0696	3,09126	188,6966	19,42303
191,0576	3,09214	188,6846	19,42385
191,0446	3,09677	188,6686	19,42465
191,0296	3,09794	188,6566	19,42545
191,0166	3,09908	188,6436	19,42627
191,0046	3,10169	188,6316	19,42711
190,9916	3,10246	188,6156	19,42795
190,9796	3,10117	188,6036	19,42881
190,9646	3,10521	188,5786	19,42965
190,9516	3,10207	188,5666	19,43047
190,9396	3,10712	188,5506	19,43127
190,9266	3,10714	188,5386	19,43207
190,9116	3,11057	188,5256	19,43285
190,8986	3,11118	188,5106	19,43361
190,8866	3,11541	188,4976	19,43434
190,8736	3,11714	188,4826	19,43507
190,8616	3,11905	188,4696	19,4358
190,8456	3,12231	188,4576	19,43652
190,8336	3,12147	188,4416	19,43722
190,8056	3,12553	188,4296	19,43793
190,7936	3,12531	188,4176	19,43866
190,7806	3,12573	188,4016	19,43937
190,7686	3,12553	188,3896	19,44004
190,7526	3,13179	188,3736	19,44071
190,7406	3,12455	188,3616	19,44138
190,7276	3,12854	188,3486	19,44204
190,7126	3,13211	188,3366	19,44267
190,7006	3,13224	188,3236	19,4433
190,6846	3,13527	188,3116	19,44392
190,6756	3,13594	188,2996	19,44454
190,6596	3,14034	188,2866	19,44517
190,6476	3,14123	188,2746	19,44578
190,6346	3,13994	188,2616	19,44638
190,6226	3,142	188,2496	19,44701
190,6096	3,14525	188,2366	19,44768
190,5976	3,14683	188,2246	19,44834
190,5856	3,14766	188,2126	19,44898
190,5726	3,14668	188,1996	19,44961
190,5606	3,14849	188,1876	19,45025
190,5506	3,14952	188,1626	19,45088
190,5356	3,15066	188,1466	19,4515
190,5266	3,15298	188,1346	19,45211
190,4986	3,15489	188,1216	19,45272
190,4856	3,15838	188,1096	19,45329
190,4736	3,16048	188,0946	19,45384
190,4606	3,164	188,0816	19,45437
190,4456	3,16496	188,0696	19,45489
190,4326	3,16564	188,0536	19,45541
190,4206	3,16686	188,0416	19,45592
190,4086	3,16705	188,0286	19,45645
190,3956	3,17173	188,0166	19,45699
190,3836	3,17009	188,0046	19,45753
190,3706	3,1703	187,9916	19,45805
190,3556	3,16847	187,9796	19,45857
190,3426	3,17256	187,9666	19,4591
190,3306	3,17324	187,9516	19,45959
190,3176	3,17523	187,9386	19,46005
190,3026	3,17716	187,9266	19,46052
190,2906	3,17986	187,9136	19,46099
190,2746	3,18189	187,9016	19,46145
190,2626	3,18315	187,8856	19,4619
190,2496	3,18545	187,8736	19,46236
190,2376	3,18703	187,8616	19,4628
190,2246	3,18907	187,8456	19,46324
190,2096	3,18913	187,8336	19,46369
190,1966	3,19044	187,8206	19,46414
190,1846	3,19141	187,8086	19,46461
190,1686	3,19232	187,7956	19,46508
190,1566	3,19274	187,7836	19,46556
190,1446	3,19452	187,7676	19,46605
190,1286	3,19579	187,7436	19,46654
190,1166	3,19722	187,7306	19,467
190,1036	3,19901	187,7186	19,46744
190,0916	3,20216	187,7056	19,4679
190,0786	3,20366	187,6906	19,46835
190,0636	3,20795	187,6776	19,46879
190,0506	3,20787	187,6656	19,46923
190,0356	3,21027	187,6536	19,46969
190,0226	3,2104	187,6376	19,47015
190,0106	3,21193	187,6256	19,4706
189,9946	3,21351	187,6126	19,47106
189,9826	3,21406	187,6006	19,47153
189,9706	3,21384	187,5876	19,47202
189,9576	3,21532	187,5756	19,4725
189,9426	3,21536	187,5626	19,47296
189,9296	3,21946	187,5506	19,47339
189,9176	3,21985	187,5386	19,47381
189,9046	3,2224	187,5256	19,47422
189,8926	3,2248	187,5106	19,47462
189,8766	3,22692	187,4976	19,47502
189,8646	3,22872	187,4856	19,47542
189,8486	3,23146	187,4726	19,4758
189,8366	3,23282	187,4606	19,47618
189,8216	3,23246	187,4326	19,47656
189,8086	3,23437	187,4236	19,47691
189,7966	3,23611	187,4106	19,47726
189,7836	3,23535	187,3986	19,47765
189,7716	3,23675	187,3856	19,47805
189,7556	3,23831	187,3736	19,47844
189,7436	3,23881	187,3616	19,47882
189,7306	3,23884	187,3486	19,4792
189,7186	3,24327	187,3366	19,47958
189,7026	3,24495	187,3236	19,47995
189,6906	3,24625	187,3086	19,48029
189,6756	3,24804	187,2986	19,48063
189,6626	3,25323	187,2836	19,48097
189,6506	3,25283	187,2706	19,48132
189,6346	3,25576	187,2586	19,48166
189,6226	3,25505	187,2336	19,48199
189,6096	3,25653	187,2186	19,48229
189,5976	3,25824	187,2056	19,48262
189,5816	3,25865	187,1936	19,48294
189,5696	3,25927	187,1806	19,48326
189,5566	3,25956	187,1686	19,48358
189,5416	3,26011	187,1566	19,48389
189,5296	3,26425	187,1436	19,4842
189,5166	3,26699	187,1286	19,4845
189,4916	3,26707	187,1156	19,48479
189,4766	3,27241	187,1036	19,48508
189,4636	3,27393	187,0906	19,48537
189,4516	3,276	187,0786	19,48564
189,4356	3,27707	187,0626	19,48592
189,4236	3,27601	187,0506	19,48622
189,4116	3,27992	187,0346	19,48652
189,3986	3,27909	187,0226	19,48682
189,3866	3,28291	187,0106	19,48711
189,3766	3,28074	186,9976	19,4874
189,3616	3,28397	186,9856	19,4877
189,3486	3,28455	186,9696	19,48799
189,3396	3,28787	186,9576	19,4883
189,3246	3,28959	186,9446	19,48862
189,3116	3,29379	186,9296	19,48894
189,2996	3,29429	186,9166	19,48925
189,2866	3,29576	186,9046	19,48955
189,2746	3,29905	186,8886	19,48984
189,2496	3,30148	186,8766	19,49015
189,2376	3,30431	186,8646	19,49046
189,2216	3,30522	186,8486	19,49076
189,2096	3,30623	186,8366	19,49108
189,1966	3,30743	186,8236	19,49141
189,1846	3,30694	186,8116	19,49173
189,1716	3,30824	186,7956	19,49204
189,1596	3,30689	186,7836	19,49233
189,1436	3,31077	186,7706	19,49259
189,1316	3,31195	186,7586	19,49289
189,1196	3,3134	186,7466	19,49322
189,1066	3,31543	186,7336	19,49355
189,0946	3,31789	186,7186	19,49387
189,0816	3,32033	186,7056	19,4942
189,0666	3,32326	186,6936	19,49452
189,0536	3,32424	186,6776	19,49484
189,0416	3,32525	186,6656	19,49514
189,0286	3,32806	186,6526	19,49542
189,0136	3,32796	186,6406	19,49571
189,0016	3,32952	186,6246	19,496
188,9886	3,33036	186,6126	19,49627
188,9736	3,33191	186,6006	19,49654
188,9606	3,33105	186,5846	19,49681
188,9486	3,33583	186,5726	19,49709
188,9326	3,33596	186,5596	19,49736
188,9206	3,33802	186,5476	19,49761
188,9076	3,34158	186,5316	19,49786
188,8956	3,34404	186,5196	19,49809
188,8796	3,34589	186,5066	19,49833
188,8676	3,34814	186,4826	19,4986
188,8556	3,35118	186,4666	19,49891
188,8426	3,35043	186,4546	19,49923
188,8276	3,35338	186,4386	19,49952
188,8146	3,353	186,4266	19,49983
188,8026	3,35417	186,4136	19,50014
188,7866	3,35286	186,4016	19,50045
188,7746	3,35529	186,3926	19,50074
188,7616	3,35424	186,3766	19,50102
188,7496	3,35624	186,3676	19,5013
188,7336	3,35895	186,3516	19,50155
188,7216	3,35971	186,3426	19,5018
188,7096	3,36223	186,3266	19,50207
188,6966	3,36301	186,3146	19,50231
188,6846	3,36642	186,3056	19,50251
188,6686	3,36982	186,2926	19,50273
188,6566	3,37043	186,2806	19,50298
188,6436	3,3709	186,2526	19,50323
188,6316	3,37075	186,2396	19,50347
188,6156	3,3733	186,2276	19,50371
188,6036	3,37077	186,2146	19,50394
188,5786	3,37245	186,2026	19,50415
188,5666	3,36981	186,1906	19,50438
188,5506	3,37134	186,1776	19,50463
188,5386	3,37434	186,1656	19,50487
188,5256	3,37665	186,1526	19,50509
188,5106	3,3796	186,1406	19,50532
188,4976	3,37907	186,1276	19,50553
188,4826	3,38307	186,1156	19,50572
188,4696	3,3854	186,1006	19,50593
188,4576	3,38767	186,0876	19,50613
188,4416	3,3908	186,0756	19,50632
188,4296	3,38811	186,0626	19,50652
188,4176	3,39122	186,0506	19,50672
188,4016	3,39082	186,0346	19,5069
188,3896	3,3926	186,0226	19,50708
188,3736	3,39457	185,9976	19,50726
188,3616	3,39243	185,9856	19,50743
188,3486	3,39503	185,9726	19,50761
188,3366	3,3963	185,9576	19,5078
188,3236	3,39655	185,9446	19,50797
188,3116	3,39843	185,9326	19,50813
188,2996	3,40105	185,9196	19,5083
188,2866	3,40255	185,9046	19,50849
188,2746	3,40419	185,8916	19,50865
188,2616	3,40632	185,8766	19,50883
188,2496	3,40575	185,8636	19,50901
188,2366	3,4102	185,8516	19,50918
188,2246	3,40931	185,8396	19,50933
188,2126	3,41176	185,8236	19,50951
188,1996	3,40924	185,8116	19,50968
188,1876	3,41126	185,7986	19,50985
188,1626	3,41334	185,7836	19,51004
188,1466	3,41496	185,7706	19,51021
188,1346	3,41867	185,7586	19,51038
188,1216	3,41825	185,7456	19,51055
188,1096	3,41967	185,7306	19,51074
188,0946	3,42335	185,7176	19,51092
188,0816	3,42519	185,7056	19,5111
188,0696	3,42685	185,6906	19,51127
188,0536	3,42588	185,6776	19,51142
188,0416	3,4269	185,6656	19,51155
188,0286	3,42954	185,6526	19,5117
188,0166	3,42803	185,6376	19,51186
188,0046	3,4283	185,6246	19,51197
187,9916	3,4276	185,6126	19,51205
187,9796	3,42855	185,5966	19,51214
187,9666	3,43155	185,5846	19,51222
187,9516	3,43302	185,5726	19,5123
187,9386	3,43497	185,5596	19,51239
187,9266	3,43625	185,5446	19,51246
187,9136	3,43969	185,5316	19,51253
187,9016	3,44204	185,5196	19,51261
187,8856	3,44693	185,5066	19,51268
187,8736	3,44882	185,4946	19,51273
187,8616	3,44874	185,4786	19,51279
187,8456	3,45172	185,4666	19,51284
187,8336	3,45062	185,4536	19,51291
187,8206	3,45124	185,4386	19,513
187,8086	3,45209	185,4266	19,5131
187,7956	3,45524	185,4136	19,51321
187,7836	3,45178	185,4016	19,5133
187,7676	3,45403	185,3886	19,51339
187,7436	3,45531	185,3736	19,51348
187,7306	3,45729	185,3606	19,51356
187,7186	3,46059	185,3486	19,51365
187,7056	3,46096	185,3326	19,51375
187,6906	3,46701	185,3206	19,51386
187,6776	3,46783	185,3086	19,51395
187,6656	3,46976	185,2956	19,51404
187,6536	3,47053	185,2836	19,51413
187,6376	3,47503	185,2676	19,51421
187,6256	3,476	185,2556	19,5143
187,6126	3,47651	185,2396	19,51438
187,6006	3,47689	185,2276	19,51446
187,5876	3,4784	185,2146	19,51451
187,5756	3,4772	185,1996	19,51455
187,5626	3,47961	185,1866	19,5146
187,5506	3,48271	185,1746	19,51463
187,5386	3,48421	185,1626	19,51466
187,5256	3,4858	185,1466	19,51465
187,5106	3,48618	185,1346	19,51463
187,4976	3,48869	185,1216	19,51464
187,4856	3,492	185,1066	19,51462
187,4726	3,49283	185,0936	19,51457
187,4606	3,49626	185,0816	19,51454
187,4326	3,49662	185,0656	19,51449
187,4236	3,49628	185,0536	19,51442
187,4106	3,49569	185,0406	19,51438
187,3986	3,49898	185,0286	19,51436
187,3856	3,50162	185,0166	19,51431
187,3736	3,49829	185,0006	19,51424
187,3616	3,50099	184,9886	19,51418
187,3486	3,50915	184,9756	19,51413
187,3366	3,50311	184,9636	19,51405
187,3236	3,51044	184,9356	19,51395
187,3086	3,51105	184,9226	19,51386
187,2986	3,51388	184,9076	19,51373
187,2836	3,51545	184,8946	19,51358
187,2706	3,5187	184,8826	19,51344
187,2586	3,51847	184,8706	19,51329
187,2336	3,51929	184,8576	19,51315
187,2186	3,52221	184,8426	19,51304
187,2056	3,52387	184,8296	19,51292
187,1936	3,52349	184,8176	19,51281
187,1806	3,52422	184,8046	19,51271
187,1686	3,525	184,7926	19,51262
187,1566	3,5272	184,7796	19,51253
187,1436	3,52786	184,7676	19,51244
187,1286	3,53041	184,7526	19,51237
187,1156	3,53225	184,7426	19,51231
187,1036	3,53688	184,7276	19,51224
187,0906	3,53858	184,7176	19,51213
187,0786	3,54267	184,7026	19,51199
187,0626	3,54361	184,6896	19,51184
187,0506	3,54237	184,6776	19,51171
187,0346	3,54558	184,6656	19,51158
187,0226	3,54416	184,6406	19,51146
187,0106	3,54688	184,6276	19,51132
186,9976	3,54705	184,6156	19,51117
186,9856	3,54632	184,5996	19,51104
186,9696	3,54682	184,5876	19,5109
186,9576	3,54845	184,5746	19,51077
186,9446	3,55075	184,5626	19,51063
186,9296	3,55163	184,5506	19,51048
186,9166	3,55208	184,5346	19,51033
186,9046	3,55556	184,5226	19,51017
186,8886	3,5604	184,5096	19,51
186,8766	3,56038	184,4946	19,50982
186,8646	3,56011	184,4816	19,50964
186,8486	3,56002	184,4696	19,50945
186,8366	3,56659	184,4566	19,50926
186,8236	3,56597	184,4416	19,50907
186,8116	3,56865	184,4286	19,50889
186,7956	3,5643	184,4166	19,5087
186,7836	3,56663	184,4016	19,50848
186,7706	3,56531	184,3886	19,50828
186,7586	3,5682	184,3766	19,50808
186,7466	3,57084	184,3636	19,50786
186,7336	3,57051	184,3486	19,50764
186,7186	3,57231	184,3356	19,50742
186,7056	3,57603	184,3236	19,5072
186,6936	3,57371	184,3076	19,50698
186,6776	3,57769	184,2956	19,50675
186,6656	3,57877	184,2796	19,50652
186,6526	3,58129	184,2676	19,50629
186,6406	3,58071	184,2516	19,50605
186,6246	3,58353	184,2396	19,50579
186,6126	3,58287	184,2276	19,50553
186,6006	3,58265	184,2146	19,50528
186,5846	3,58524	184,1996	19,50503
186,5726	3,58743	184,1866	19,50478
186,5596	3,58634	184,1746	19,50451
186,5476	3,59111	184,1586	19,50425
186,5316	3,59139	184,1466	19,504
186,5196	3,59232	184,1336	19,50373
186,5066	3,5954	184,1216	19,50347
186,4826	3,59712	184,1096	19,50323
186,4666	3,59962	184,0936	19,503
186,4546	3,60266	184,0816	19,50277
186,4386	3,60392	184,0686	19,50259
186,4266	3,60352	184,0566	19,5024
186,4136	3,60444	184,0406	19,50216
186,4016	3,60573	184,0286	19,5019
186,3926	3,60554	184,0156	19,50163
186,3766	3,61025	184,0006	19,50133
186,3676	3,60744	183,9876	19,501
186,3516	3,61165	183,9756	19,50064
186,3426	3,61369	183,9636	19,50027
186,3266	3,61561	183,9506	19,49988
186,3146	3,61863	183,9356	19,4995
186,3056	3,62009	183,9226	19,4991
186,2926	3,62596	183,9106	19,4987
186,2806	3,62401	183,8976	19,4983
186,2526	3,62742	183,8856	19,49792
186,2396	3,62602	183,8736	19,49756
186,2276	3,62804	183,8576	19,49724
186,2146	3,6325	183,8456	19,49694
186,2026	3,63048	183,8326	19,49664
186,1906	3,62931	183,8206	19,49633
186,1776	3,63486	183,8046	19,49601
186,1656	3,63324	183,7926	19,49563
186,1526	3,63944	183,7796	19,49519
186,1406	3,63737	183,7646	19,49476
186,1276	3,63881	183,7516	19,49435
186,1156	3,64143	183,7366	19,49395
186,1006	3,64615	183,7236	19,49354
186,0876	3,6477	183,7116	19,49313
186,0756	3,64774	183,6996	19,49277
186,0626	3,65094	183,6836	19,49243
186,0506	3,6499	183,6716	19,49212
186,0346	3,65079	183,6586	19,49183
186,0226	3,65218	183,6306	19,49154
185,9976	3,65279	183,6186	19,49123
185,9856	3,65047	183,6056	19,49089
185,9726	3,656	183,5936	19,49055
185,9576	3,65696	183,5776	19,49017
185,9446	3,65815	183,5656	19,48978
185,9326	3,66152	183,5536	19,4894
185,9196	3,66323	183,5406	19,48901
185,9046	3,66538	183,5286	19,4886
185,8916	3,66837	183,5156	19,4882
185,8766	3,66912	183,5036	19,4878
185,8636	3,67228	183,4946	19,4874
185,8516	3,67126	183,4786	19,48697
185,8396	3,67501	183,4666	19,48655
185,8236	3,67365	183,4536	19,48613
185,8116	3,6769	183,4416	19,48572
185,7986	3,67538	183,4286	19,4853
185,7836	3,67926	183,4076	19,4849
185,7706	3,67968	183,3916	19,48448
185,7586	3,68244	183,3796	19,48406
185,7456	3,68177	183,3666	19,48365
185,7306	3,68581	183,3546	19,48324
185,7176	3,68948	183,3416	19,48282
185,7056	3,69208	183,3296	19,4824
185,6906	3,69269	183,3206	19,48197
185,6776	3,69599	183,3076	19,48153
185,6656	3,69616	183,2956	19,4811
185,6526	3,69586	183,2826	19,48068
185,6376	3,69774	183,2676	19,48026
185,6246	3,69952	183,2426	19,47983
185,6126	3,69763	183,2306	19,4794
185,5966	3,69846	183,2146	19,47896
185,5846	3,69896	183,2026	19,47854
185,5726	3,7013	183,1926	19,47813
185,5596	3,70414	183,1806	19,47772
185,5446	3,70627	183,1676	19,47731
185,5316	3,70869	183,1556	19,4769
185,5196	3,70868	183,1436	19,4765
185,5066	3,71456	183,1306	19,47608
185,4946	3,71368	183,1186	19,47566
185,4786	3,71924	183,1056	19,47526
185,4666	3,71877	183,0936	19,47484
185,4536	3,72084	183,0806	19,47442
185,4386	3,72024	183,0536	19,47401
185,4266	3,72308	183,0406	19,4736
185,4136	3,723	183,0316	19,47317
185,4016	3,72409	183,0186	19,47275
185,3886	3,72657	183,0066	19,47233
185,3736	3,72511	182,9946	19,47194
185,3606	3,72752	182,9816	19,47154
185,3486	3,7314	182,9696	19,47113
185,3326	3,7292	182,9566	19,47071
185,3206	3,73491	182,9446	19,47029
185,3086	3,73869	182,9286	19,46988
185,2956	3,74088	182,9166	19,4695
185,2836	3,7449	182,9036	19,46909
185,2676	3,74296	182,8916	19,46864
185,2556	3,74562	182,8666	19,46817
185,2396	3,74663	182,8516	19,46769
185,2276	3,7462	182,8386	19,46721
185,2146	3,74737	182,8296	19,46669
185,1996	3,74617	182,8136	19,46616
185,1866	3,75045	182,8016	19,46563
185,1746	3,7502	182,7896	19,46511
185,1626	3,75167	182,7766	19,46461
185,1466	3,75483	182,7646	19,46411
185,1346	3,75421	182,7516	19,46361
185,1216	3,75705	182,7426	19,46307
185,1066	3,75996	182,7266	19,4625
185,0936	3,76293	182,7146	19,46193
185,0816	3,76414	182,7026	19,46138
185,0656	3,76477	182,6896	19,46085
185,0536	3,76506	182,6776	19,4603
185,0406	3,76662	182,6526	19,45975
185,0286	3,76803	182,6396	19,45919
185,0166	3,76781	182,6276	19,45862
185,0006	3,76957	182,6156	19,45803
184,9886	3,77104	182,5996	19,45744
184,9756	3,77542	182,5876	19,45686
184,9636	3,77464	182,5746	19,45627
184,9356	3,77938	182,5596	19,45568
184,9226	3,7786	182,5466	19,45511
184,9076	3,78083	182,5346	19,45456
184,8946	3,78538	182,5216	19,45401
184,8826	3,78518	182,5066	19,45347
184,8706	3,78785	182,4936	19,45294
184,8576	3,78811	182,4816	19,45239
184,8426	3,7882	182,4696	19,45185
184,8296	3,78977	182,4566	19,45133
184,8176	3,79089	182,4416	19,45083
184,8046	3,79096	182,4286	19,45031
184,7926	3,79253	182,4136	19,44975
184,7796	3,79287	182,4006	19,4492
184,7676	3,79432	182,3886	19,44866
184,7526	3,79685	182,3726	19,44814
184,7426	3,79674	182,3606	19,44763
184,7276	3,79964	182,3446	19,44712
184,7176	3,80216	182,3326	19,44661
184,7026	3,80439	182,3206	19,44611
184,6896	3,80626	182,3076	19,44563
184,6776	3,8078	182,2926	19,44517
184,6656	3,81061	182,2796	19,44467
184,6406	3,80963	182,2676	19,44417
184,6276	3,81072	182,2516	19,44368
184,6156	3,81213	182,2396	19,4432
184,5996	3,81343	182,2266	19,44269
184,5876	3,81572	182,2116	19,44218
184,5746	3,81469	182,1986	19,44167
184,5626	3,81611	182,1866	19,44114
184,5506	3,81873	182,1706	19,44062
184,5346	3,82056	182,1586	19,44009
184,5226	3,82187	182,1466	19,43956
184,5096	3,82383	182,1336	19,43903
184,4946	3,82661	182,1186	19,43849
184,4816	3,82918	182,1056	19,43796
184,4696	3,83018	182,0936	19,43742
184,4566	3,83085	182,0776	19,43687
184,4416	3,82975	182,0656	19,43636
184,4286	3,83278	182,0526	19,43583
184,4166	3,83178	182,0406	19,43528
184,4016	3,83094	182,0246	19,43473
184,3886	3,83424	182,0126	19,43418
184,3766	3,83468	182,0006	19,43363
184,3636	3,83629	181,9846	19,43306
184,3486	3,83497	181,9726	19,43248
184,3356	3,84022	181,9596	19,43189
184,3236	3,84065	181,9476	19,43128
184,3076	3,84214	181,9346	19,43069
184,2956	3,84661	181,9226	19,43009
184,2796	3,84823	181,9066	19,42944
184,2676	3,84963	181,8946	19,42878
184,2516	3,84817	181,8826	19,42812
184,2396	3,8499	181,8696	19,42749
184,2276	3,84974	181,8576	19,42688
184,2146	3,85088	181,8416	19,42629
184,1996	3,85035	181,8296	19,42569
184,1866	3,85351	181,8136	19,4251
184,1746	3,8547	181,8016	19,42451
184,1586	3,85715	181,7886	19,42392
184,1466	3,85873	181,7736	19,42333
184,1336	3,86285	181,7606	19,42274
184,1216	3,86449	181,7486	19,42216
184,1096	3,86567	181,7326	19,42157
184,0936	3,86747	181,7206	19,42097
184,0816	3,87147	181,7086	19,42038
184,0686	3,87204	181,6956	19,41979
184,0566	3,87147	181,6806	19,4192
184,0406	3,8728	181,6676	19,41862
184,0286	3,87481	181,6556	19,41804
184,0156	3,8723	181,6426	19,41746
184,0006	3,87401	181,6276	19,41686
183,9876	3,87613	181,6146	19,41625
183,9756	3,87567	181,5996	19,41565
183,9636	3,87805	181,5876	19,41505
183,9506	3,87703	181,5746	19,41445
183,9356	3,88194	181,5626	19,41385
183,9226	3,88407	181,5466	19,41327
183,9106	3,89099	181,5346	19,41268
183,8976	3,88856	181,5216	19,4121
183,8856	3,89209	181,5096	19,41152
183,8736	3,89439	181,4936	19,41094
183,8576	3,89421	181,4816	19,41037
183,8456	3,89815	181,4656	19,40978
183,8326	3,89428	181,4536	19,40919
183,8206	3,8954	181,4416	19,40861
183,8046	3,90031	181,4286	19,40801
183,7926	3,89606	181,4166	19,40738
183,7796	3,90141	181,3886	19,40675
183,7646	3,90443	181,3756	19,40613
183,7516	3,9053	181,3636	19,40551
183,7366	3,90847	181,3506	19,40487
183,7236	3,90924	181,3386	19,40424
183,7116	3,91512	181,3266	19,40364
183,6996	3,91583	181,3136	19,40303
183,6836	3,91879	181,3016	19,40244
183,6716	3,92114	181,2886	19,40188
183,6586	3,92201	181,2766	19,40136
183,6306	3,92247	181,2636	19,40085
183,6186	3,92338	181,2516	19,40036
183,6056	3,92378	181,2396	19,39986
183,5936	3,92424	181,2266	19,39936
183,5776	3,92791	181,2146	19,39886
183,5656	3,92827	181,1866	19,39836
183,5536	3,93001	181,1736	19,39782
183,5406	3,93373	181,1616	19,39727
183,5286	3,93626	181,1496	19,39671
183,5156	3,93798	181,1336	19,39616
183,5036	3,93954	181,1216	19,39558
183,4946	3,94367	181,1086	19,395
183,4786	3,94332	181,0966	19,39446
183,4666	3,94727	181,0836	19,39396
183,4536	3,94675	181,0716	19,39348
183,4416	3,94945	181,0556	19,39298
183,4286	3,94786	181,0436	19,3925
183,4076	3,94979	181,0316	19,392
183,3916	3,9513	181,0156	19,39148
183,3796	3,95443	181,0036	19,39095
183,3666	3,95444	180,9906	19,39037
183,3546	3,95696	180,9786	19,38976
183,3416	3,95734	180,9656	19,38913
183,3296	3,96124	180,9506	19,3885
183,3206	3,96661	180,9376	19,38787
183,3076	3,96489	180,9256	19,38724
183,2956	3,96986	180,9136	19,38663
183,2826	3,96835	180,8976	19,38603
183,2676	3,97193	180,8856	19,38544
183,2426	3,97231	180,8726	19,38488
183,2306	3,96998	180,8576	19,38431
183,2146	3,97282	180,8446	19,38373
183,2026	3,97415	180,8326	19,38316
183,1926	3,97361	180,8166	19,38261
183,1806	3,97553	180,8046	19,38205
183,1676	3,97832	180,7886	19,38149
183,1556	3,98069	180,7766	19,38094
183,1436	3,98135	180,7636	19,38039
183,1306	3,98295	180,7516	19,37983
183,1186	3,98499	180,7396	19,37922
183,1056	3,98649	180,7236	19,37861
183,0936	3,99012	180,7116	19,37801
183,0806	3,98907	180,6956	19,3774
183,0536	3,98916	180,6836	19,37681
183,0406	3,99201	180,6706	19,37621
183,0316	3,99051	180,6586	19,3756
183,0186	3,99342	180,6456	19,37501
183,0066	3,99114	180,6306	19,37445
182,9946	3,9915	180,6176	19,3739
182,9816	3,99359	180,6026	19,37335
182,9696	3,99694	180,5896	19,37282
182,9566	3,99835	180,5776	19,37228
182,9446	3,99872	180,5656	19,37174
182,9286	4,00168	180,5496	19,3712
182,9166	4,00383	180,5376	19,37066
182,9036	4,00529	180,5246	19,37013
182,8916	4,0056	180,5096	19,36958
182,8666	4,00878	180,4966	19,36902
182,8516	4,0098	180,4846	19,36847
182,8386	4,00909	180,4716	19,3679
182,8296	4,01021	180,4566	19,36733
182,8136	4,00948	180,4446	19,36676
182,8016	4,01271	180,4286	19,36619
182,7896	4,0137	180,4166	19,36561
182,7766	4,01456	180,4036	19,36505
182,7646	4,01723	180,3916	19,36448
182,7516	4,01687	180,3756	19,36389
182,7426	4,0205	180,3636	19,3633
182,7266	4,02379	180,3506	19,36273
182,7146	4,02747	180,3356	19,36216
182,7026	4,0281	180,3226	19,36159
182,6896	4,03057	180,3106	19,361
182,6776	4,03038	180,2986	19,36041
182,6526	4,03345	180,2826	19,35983
182,6396	4,03738	180,2706	19,35926
182,6276	4,03493	180,2576	19,35869
182,6156	4,03537	180,2426	19,35813
182,5996	4,0371	180,2296	19,35759
182,5876	4,03926	180,2176	19,35707
182,5746	4,04282	180,2016	19,35656
182,5596	4,04416	180,1896	19,35608
182,5466	4,04678	180,1766	19,35561
182,5346	4,04741	180,1616	19,35516
182,5216	4,05139	180,1486	19,35471
182,5066	4,05469	180,1366	19,35427
182,4936	4,05631	180,1246	19,35382
182,4816	4,0564	180,1116	19,35339
182,4696	4,05685	180,0966	19,35296
182,4566	4,06013	180,0836	19,35249
182,4416	4,06127	180,0716	19,35202
182,4286	4,06084	180,0586	19,35154
182,4136	4,06023	180,0436	19,35106
182,4006	4,06043	180,0306	19,35055
182,3886	4,06539	180,0156	19,35002
182,3726	4,06723	180,0026	19,3495
182,3606	4,06831	179,9906	19,34898
182,3446	4,07121	179,9786	19,34846
182,3326	4,07174	179,9626	19,34794
182,3206	4,07649	179,9506	19,34744
182,3076	4,07987	179,9376	19,34692
182,2926	4,08001	179,9226	19,34641
182,2796	4,08295	179,9096	19,3459
182,2676	4,08328	179,8976	19,3454
182,2516	4,08505	179,8696	19,3449
182,2396	4,083	179,8566	19,34439
182,2266	4,08486	179,8446	19,3439
182,2116	4,08756	179,8296	19,34342
182,1986	4,08751	179,8166	19,34295
182,1866	4,08811	179,8046	19,34249
182,1706	4,09185	179,7916	19,34202
182,1586	4,0927	179,7796	19,34155
182,1466	4,09578	179,7666	19,34109
182,1336	4,09898	179,7546	19,34061
182,1186	4,10037	179,7426	19,34014
182,1056	4,10087	179,7326	19,33969
182,0936	4,10465	179,7206	19,33924
182,0776	4,10354	179,7046	19,33879
182,0656	4,10617	179,6956	19,33835
182,0526	4,10721	179,6706	19,33787
182,0406	4,10729	179,6556	19,33737
182,0246	4,10911	179,6426	19,33687
182,0126	4,10619	179,6306	19,33636
182,0006	4,10913	179,6176	19,33583
181,9846	4,11069	179,6056	19,33529
181,9726	4,11118	179,5926	19,33474
181,9596	4,11738	179,5806	19,33421
181,9476	4,11598	179,5686	19,33369
181,9346	4,11984	179,5556	19,33318
181,9226	4,12159	179,5436	19,33267
181,9066	4,12395	179,5306	19,33219
181,8946	4,1275	179,5186	19,33171
181,8826	4,12652	179,5056	19,33122
181,8696	4,12807	179,4816	19,33072
181,8576	4,12889	179,4686	19,33022
181,8416	4,13041	179,4566	19,32974
181,8296	4,13067	179,4406	19,32925
181,8136	4,13047	179,4286	19,32875
181,8016	4,13157	179,4156	19,32825
181,7886	4,13555	179,4006	19,32774
181,7736	4,13391	179,3876	19,32722
181,7606	4,13985	179,3726	19,3267
181,7486	4,13882	179,3606	19,32615
181,7326	4,14331	179,3476	19,3256
181,7206	4,14687	179,3356	19,32505
181,7086	4,14578	179,3226	19,32449
181,6956	4,15009	179,3106	19,32395
181,6806	4,14741	179,2946	19,32341
181,6676	4,14908	179,2826	19,32286
181,6556	4,15206	179,2696	19,32233
181,6426	4,15064	179,2576	19,32183
181,6276	4,15048	179,2416	19,32133
181,6146	4,1532	179,2296	19,32083
181,5996	4,15279	179,2176	19,32034
181,5876	4,15555	179,2016	19,31988
181,5746	4,15936	179,1896	19,31943
181,5626	4,15799	179,1766	19,31897
181,5466	4,16352	179,1616	19,31848
181,5346	4,1657	179,1486	19,31796
181,5216	4,16607	179,1366	19,31742
181,5096	4,16758	179,1236	19,3169
181,4936	4,16937	179,1116	19,31639
181,4816	4,17067	179,0956	19,31586
181,4656	4,17094	179,0836	19,31532
181,4536	4,17208	179,0716	19,3148
181,4416	4,1727	179,0556	19,31428
181,4286	4,17306	179,0436	19,31375
181,4166	4,17223	179,0306	19,31322
181,3886	4,17559	179,0156	19,3127
181,3756	4,17529	179,0026	19,31217
181,3636	4,17874	178,9906	19,31162
181,3506	4,18244	178,9776	19,31107
181,3386	4,18098	178,9626	19,31053
181,3266	4,18436	178,9506	19,30998
181,3136	4,18596	178,9376	19,30945
181,3016	4,18768	178,9256	19,30891
181,2886	4,18956	178,9096	19,30838
181,2766	4,18925	178,8976	19,30786
181,2636	4,19249	178,8846	19,30733
181,2516	4,19053	178,8726	19,3068
181,2396	4,19398	178,8566	19,30623
181,2266	4,19504	178,8446	19,30566
181,2146	4,19555	178,8286	19,3051
181,1866	4,19754	178,8166	19,30453
181,1736	4,19655	178,8046	19,30395
181,1616	4,19822	178,7916	19,30336
181,1496	4,2009	178,7796	19,30276
181,1336	4,20514	178,7666	19,30216
181,1216	4,20659	178,7546	19,30155
181,1086	4,20735	178,7416	19,30092
181,0966	4,21154	178,7266	19,30029
181,0836	4,21129	178,7016	19,29965
181,0716	4,21419	178,6856	19,299
181,0556	4,21437	178,6766	19,29834
181,0436	4,21679	178,6646	19,29768
181,0316	4,21737	178,6516	19,29702
181,0156	4,21844	178,6396	19,29636
181,0036	4,22035	178,6276	19,2957
180,9906	4,22151	178,6146	19,29504
180,9786	4,22317	178,6026	19,29438
180,9656	4,22613	178,5866	19,29369
180,9506	4,22913	178,5746	19,29297
180,9376	4,23121	178,5616	19,29223
180,9256	4,2316	178,5496	19,29149
180,9136	4,23532	178,5366	19,29073
180,8976	4,23636	178,5246	19,28999
180,8856	4,236	178,5126	19,28923
180,8726	4,23782	178,4996	19,28847
180,8576	4,23717	178,4716	19,28772
180,8446	4,23856	178,4596	19,28698
180,8326	4,24015	178,4496	19,28622
180,8166	4,24002	178,4376	19,28544
180,8046	4,23964	178,4256	19,28468
180,7886	4,24185	178,4126	19,28393
180,7766	4,24352	178,4006	19,28314
180,7636	4,24439	178,3876	19,28233
180,7516	4,24857	178,3756	19,28149
180,7396	4,2507	178,3626	19,28066
180,7236	4,25659	178,3506	19,27984
180,7116	4,25453	178,3386	19,27902
180,6956	4,25907	178,3136	19,27821
180,6836	4,2579	178,2976	19,27742
180,6706	4,26094	178,2856	19,27665
180,6586	4,26216	178,2726	19,27591
180,6456	4,26349	178,2606	19,2752
180,6306	4,26601	178,2486	19,27451
180,6176	4,2658	178,2326	19,2738
180,6026	4,26783	178,2206	19,2731
180,5896	4,26849	178,2076	19,27242
180,5776	4,27182	178,1956	19,27174
180,5656	4,2733	178,1796	19,27102
180,5496	4,27561	178,1676	19,27025
180,5376	4,27897	178,1546	19,26948
180,5246	4,28249	178,1396	19,26872
180,5096	4,28237	178,1266	19,26794
180,4966	4,28479	178,1146	19,26712
180,4846	4,28765	178,1026	19,2663
180,4716	4,28676	178,0866	19,26546
180,4566	4,28898	178,0746	19,26462
180,4446	4,29029	178,0616	19,26376
180,4286	4,2892	178,0466	19,26292
180,4166	4,29108	178,0336	19,26213
180,4036	4,29309	178,0216	19,26137
180,3916	4,2933	178,0056	19,26058
180,3756	4,29651	177,9936	19,2598
180,3636	4,29951	177,9806	19,259
180,3506	4,30093	177,9656	19,25821
180,3356	4,30331	177,9526	19,25742
180,3226	4,30575	177,9406	19,25657
180,3106	4,3101	177,9256	19,25568
180,2986	4,31065	177,9126	19,25477
180,2826	4,31146	177,9006	19,25383
180,2706	4,31206	177,8876	19,25286
180,2576	4,31278	177,8726	19,25191
180,2426	4,3136	177,8596	19,25098
180,2296	4,31604	177,8476	19,25006
180,2176	4,31597	177,8346	19,24913
180,2016	4,32142	177,8226	19,24818
180,1896	4,31901	177,8066	19,24719
180,1766	4,32246	177,7946	19,24618
180,1616	4,32435	177,7826	19,24515
180,1486	4,32569	177,7696	19,24412
180,1366	4,33264	177,7576	19,24309
180,1246	4,3302	177,7416	19,24204
180,1116	4,33538	177,7296	19,24099
180,0966	4,33449	177,7166	19,23993
180,0836	4,3344	177,7046	19,23885
180,0716	4,33723	177,6886	19,2378
180,0586	4,33642	177,6766	19,23679
180,0436	4,33921	177,6646	19,23575
180,0306	4,33957	177,6516	19,23466
180,0156	4,34112	177,6396	19,23356
180,0026	4,34156	177,6236	19,23246
179,9906	4,34315	177,6116	19,23134
179,9786	4,34362	177,5986	19,23021
179,9626	4,34631	177,5866	19,22908
179,9506	4,34957	177,5706	19,22794
179,9376	4,34987	177,5436	19,2268
179,9226	4,35237	177,5306	19,22565
179,9096	4,35365	177,5186	19,22449
179,8976	4,35448	177,5056	19,2233
179,8696	4,35403	177,4936	19,22213
179,8566	4,35569	177,4806	19,22101
179,8446	4,35632	177,4686	19,21988
179,8296	4,35768	177,4566	19,21873
179,8166	4,35804	177,4436	19,21755
179,8046	4,35707	177,4316	19,21639
179,7916	4,35989	177,4186	19,2152
179,7796	4,36016	177,4066	19,21399
179,7666	4,36386	177,3936	19,21277
179,7546	4,36321	177,3816	19,21155
179,7426	4,36568	177,3696	19,2103
179,7326	4,36769	177,3566	19,20903
179,7206	4,36963	177,3446	19,20777
179,7046	4,37107	177,3196	19,20654
179,6956	4,37088	177,3066	19,20532
179,6706	4,37148	177,2946	19,20408
179,6556	4,3705	177,2826	19,20285
179,6426	4,3729	177,2696	19,20164
179,6306	4,37222	177,2576	19,20042
179,6176	4,37256	177,2446	19,19917
179,6056	4,37703	177,2326	19,19793
179,5926	4,37543	177,2196	19,19672
179,5806	4,37775	177,2076	19,19549
179,5686	4,37764	177,1956	19,19424
179,5556	4,38423	177,1706	19,19301
179,5436	4,38386	177,1576	19,19177
179,5306	4,38699	177,1426	19,1905
179,5186	4,39018	177,1296	19,18924
179,5056	4,39116	177,1176	19,18797
179,4816	4,39273	177,1056	19,18668
179,4686	4,39197	177,0926	19,18536
179,4566	4,39358	177,0806	19,18404
179,4406	4,39592	177,0646	19,18271
179,4286	4,39338	177,0526	19,18137
179,4156	4,39778	177,0396	19,18006
179,4006	4,39733	177,0246	19,17874
179,3876	4,40099	177,0116	19,17741
179,3726	4,40473	176,9996	19,1761
179,3606	4,40933	176,9836	19,17478
179,3476	4,40535	176,9716	19,17346
179,3356	4,41291	176,9596	19,17215
179,3226	4,41334	176,9466	19,17084
179,3106	4,41342	176,9316	19,16953
179,2946	4,41442	176,9186	19,16823
179,2826	4,41617	176,9066	19,16693
179,2696	4,41968	176,8936	19,16562
179,2576	4,41793	176,8786	19,16432
179,2416	4,41933	176,8656	19,16301
179,2296	4,41964	176,8536	19,16166
179,2176	4,42425	176,8376	19,16032
179,2016	4,42348	176,8256	19,15896
179,1896	4,42586	176,8136	19,15759
179,1766	4,42881	176,7976	19,15623
179,1616	4,42962	176,7856	19,15488
179,1486	4,43303	176,7726	19,15353
179,1366	4,43679	176,7576	19,15218
179,1236	4,44001	176,7446	19,15083
179,1116	4,43955	176,7326	19,14949
179,0956	4,44175	176,7196	19,14815
179,0836	4,44431	176,7046	19,14682
179,0716	4,44458	176,6916	19,14549
179,0556	4,4491	176,6796	19,14416
179,0436	4,44771	176,6676	19,14283
179,0306	4,45264	176,6516	19,1415
179,0156	4,45137	176,6396	19,14017
179,0026	4,45228	176,6266	19,13886
178,9906	4,45497	176,6146	19,13754
178,9776	4,45919	176,5986	19,13622
178,9626	4,46002	176,5866	19,13491
178,9506	4,46077	176,5736	19,13357
178,9376	4,45889	176,5586	19,13219
178,9256	4,4635	176,5456	19,13082
178,9096	4,46495	176,5336	19,12945
178,8976	4,46393	176,5216	19,12809
178,8846	4,4646	176,5056	19,12671
178,8726	4,46731	176,4936	19,12533
178,8566	4,46841	176,4776	19,12396
178,8446	4,46813	176,4656	19,12259
178,8286	4,47086	176,4526	19,12122
178,8166	4,47169	176,4376	19,11986
178,8046	4,47114	176,4246	19,11851
178,7916	4,47236	176,4096	19,11713
178,7796	4,47536	176,3966	19,11577
178,7666	4,47823	176,3816	19,11443
178,7546	4,47906	176,3686	19,11308
178,7416	4,48206	176,3566	19,11171
178,7266	4,48519	176,3406	19,11034
178,7016	4,48771	176,3286	19,10898
178,6856	4,48971	176,3166	19,10762
178,6766	4,49057	176,3006	19,10627
178,6646	4,49167	176,2886	19,10495
178,6516	4,49231	176,2756	19,10361
178,6396	4,49394	176,2636	19,10225
178,6276	4,49511	176,2506	19,1009
178,6146	4,49669	176,2356	19,09954
178,6026	4,49732	176,2226	19,0982
178,5866	4,50144	176,2106	19,09686
178,5746	4,50029	176,1986	19,09549
178,5616	4,50484	176,1826	19,0941
178,5496	4,50593	176,1706	19,09269
178,5366	4,50832	176,1576	19,0913
178,5246	4,51213	176,1456	19,08989
178,5126	4,5152	176,1296	19,08848
178,4996	4,51759	176,1176	19,08708
178,4716	4,5165	176,1046	19,0857
178,4596	4,51616	176,0926	19,08432
178,4496	4,51861	176,0806	19,08293
178,4376	4,51941	176,0646	19,08155
178,4256	4,52059	176,0526	19,08018
178,4126	4,52159	176,0396	19,07881
178,4006	4,52322	176,0246	19,07746
178,3876	4,52621	176,0116	19,07613
178,3756	4,52802	175,9996	19,07481
178,3626	4,53007	175,9866	19,07349
178,3506	4,53136	175,9716	19,07218
178,3386	4,535	175,9586	19,07085
178,3136	4,5375	175,9466	19,06951
178,2976	4,536	175,9346	19,06816
178,2856	4,53742	175,9066	19,0668
178,2726	4,53875	175,8906	19,06545
178,2606	4,53815	175,8786	19,0641
178,2486	4,54047	175,8656	19,06277
178,2326	4,54083	175,8536	19,06147
178,2206	4,54172	175,8406	19,06016
178,2076	4,54305	175,8286	19,05885
178,1956	4,54524	175,8166	19,05755
178,1796	4,54547	175,8036	19,05628
178,1676	4,54904	175,7916	19,05502
178,1546	4,54995	175,7786	19,05373
178,1396	4,55694	175,7666	19,05244
178,1266	4,55635	175,7576	19,05115
178,1146	4,55897	175,7446	19,04987
178,1026	4,55956	175,7326	19,04857
178,0866	4,56024	175,7076	19,04724
178,0746	4,56074	175,6946	19,04589
178,0616	4,56054	175,6826	19,04456
178,0466	4,56054	175,6706	19,04324
178,0336	4,56203	175,6576	19,04186
178,0216	4,56259	175,6456	19,04049
178,0056	4,56423	175,6326	19,03912
177,9936	4,56662	175,6206	19,03776
177,9806	4,56957	175,6076	19,03641
177,9656	4,5712	175,5956	19,03505
177,9526	4,57334	175,5836	19,03371
177,9406	4,57727	175,5706	19,03235
177,9256	4,5785	175,5456	19,03097
177,9126	4,5804	175,5306	19,02959
177,9006	4,5818	175,5176	19,02822
177,8876	4,58714	175,5056	19,02686
177,8726	4,58453	175,4936	19,0255
177,8596	4,58959	175,4806	19,02416
177,8476	4,58951	175,4656	19,02283
177,8346	4,59114	175,4526	19,02147
177,8226	4,59131	175,4376	19,02012
177,8066	4,59546	175,4246	19,01877
177,7946	4,59552	175,4126	19,01746
177,7826	4,59854	175,3996	19,01616
177,7696	4,60088	175,3846	19,01485
177,7576	4,60488	175,3716	19,01355
177,7416	4,60487	175,3596	19,01224
177,7296	4,60686	175,3476	19,01094
177,7166	4,60874	175,3346	19,00963
177,7046	4,61091	175,3196	19,00828
177,6886	4,61107	175,3066	19,00695
177,6766	4,61256	175,2946	19,00562
177,6646	4,61208	175,2816	19,00428
177,6516	4,61315	175,2666	19,00295
177,6396	4,61371	175,2536	19,00161
177,6236	4,6165	175,2416	19,0003
177,6116	4,61702	175,2296	18,99903
177,5986	4,61816	175,2136	18,99777
177,5866	4,61963	175,2016	18,99654
177,5706	4,62372	175,1886	18,9953
177,5436	4,62569	175,1766	18,99403
177,5306	4,62746	175,1606	18,99275
177,5186	4,6281	175,1486	18,99146
177,5056	4,62917	175,1356	18,99015
177,4936	4,63245	175,1236	18,98888
177,4806	4,63168	175,1076	18,98763
177,4686	4,63319	175,0956	18,98638
177,4566	4,63214	175,0836	18,98513
177,4436	4,63439	175,0676	18,9839
177,4316	4,63546	175,0556	18,98267
177,4186	4,63498	175,0396	18,98144
177,4066	4,63699	175,0276	18,98021
177,3936	4,63926	175,0146	18,97898
177,3816	4,64339	175,0026	18,97775
177,3696	4,64454	174,9896	18,97649
177,3566	4,64721	174,9776	18,9752
177,3446	4,64858	174,9616	18,97392
177,3196	4,6485	174,9496	18,97268
177,3066	4,65193	174,9376	18,97143
177,2946	4,65354	174,9246	18,97017
177,2826	4,65512	174,9096	18,96893
177,2696	4,65431	174,8966	18,96769
177,2576	4,65342	174,8846	18,96644
177,2446	4,6543	174,8716	18,9652
177,2326	4,65764	174,8566	18,96395
177,2196	4,6581	174,8436	18,96269
177,2076	4,65954	174,8196	18,96145
177,1956	4,66264	174,8036	18,96022
177,1706	4,66384	174,7916	18,95896
177,1576	4,66618	174,7786	18,95767
177,1426	4,67029	174,7636	18,95635
177,1296	4,67205	174,7506	18,95502
177,1176	4,67354	174,7386	18,9537
177,1056	4,67566	174,7256	18,95238
177,0926	4,67587	174,7106	18,95107
177,0806	4,67735	174,6976	18,94978
177,0646	4,68034	174,6856	18,94847
177,0526	4,67903	174,6736	18,94716
177,0396	4,68273	174,6606	18,94588
177,0246	4,6832	174,6456	18,94462
177,0116	4,6855	174,6326	18,94336
176,9996	4,6876	174,6206	18,9421
176,9836	4,69006	174,6046	18,94083
176,9716	4,69256	174,5926	18,93955
176,9596	4,69537	174,5796	18,93826
176,9466	4,69893	174,5676	18,93695
176,9316	4,69972	174,5556	18,93564
176,9186	4,6998	174,5396	18,93434
176,9066	4,70276	174,5276	18,93304
176,8936	4,70279	174,5146	18,93172
176,8786	4,70461	174,5026	18,93043
176,8656	4,70344	174,4866	18,92916
176,8536	4,70715	174,4746	18,92786
176,8376	4,70762	174,4616	18,92656
176,8256	4,71012	174,4466	18,92529
176,8136	4,71124	174,4336	18,924
176,7976	4,71211	174,4216	18,92268
176,7856	4,71546	174,4056	18,92138
176,7726	4,71888	174,3936	18,92011
176,7576	4,72271	174,3816	18,91883
176,7446	4,72496	174,3656	18,91752
176,7326	4,72436	174,3536	18,9162
176,7196	4,72699	174,3406	18,91485
176,7046	4,72852	174,3256	18,91348
176,6916	4,7277	174,3126	18,9121
176,6796	4,73096	174,3006	18,9107
176,6676	4,73296	174,2846	18,90933
176,6516	4,73102	174,2726	18,90794
176,6396	4,73537	174,2596	18,90654
176,6266	4,73352	174,2476	18,90515
176,6146	4,73956	174,2356	18,90376
176,5986	4,73802	174,2226	18,90233
176,5866	4,74043	174,2076	18,90091
176,5736	4,74485	174,1946	18,89948
176,5586	4,74914	174,1826	18,89804
176,5456	4,75072	174,1696	18,89659
176,5336	4,75211	174,1546	18,89514
176,5216	4,75537	174,1416	18,89367
176,5056	4,75598	174,1296	18,8922
176,4936	4,75921	174,1176	18,89075
176,4776	4,75964	174,1016	18,88932
176,4656	4,761	174,0896	18,88788
176,4526	4,7581	174,0766	18,88643
176,4376	4,7603	174,0616	18,88499
176,4246	4,7628	174,0486	18,88352
176,4096	4,76298	174,0366	18,88203
176,3966	4,76621	174,0236	18,88053
176,3816	4,76869	174,0116	18,87903
176,3686	4,77225	173,9956	18,87753
176,3566	4,7735	173,9836	18,87604
176,3406	4,77966	173,9716	18,87454
176,3286	4,77823	173,9556	18,87304
176,3166	4,7815	173,9436	18,87153
176,3006	4,78182	173,9306	18,87003
176,2886	4,78308	173,9186	18,86853
176,2756	4,78326	173,9026	18,86703
176,2636	4,78397	173,8906	18,86552
176,2506	4,78667	173,8776	18,86403
176,2356	4,78369	173,8626	18,86255
176,2226	4,78875	173,8496	18,86104
176,2106	4,78905	173,8226	18,85951
176,1986	4,79214	173,8096	18,85797
176,1826	4,79307	173,7976	18,85643
176,1706	4,79541	173,7846	18,85491
176,1576	4,79875	173,7726	18,8534
176,1456	4,79996	173,7566	18,85189
176,1296	4,8048	173,7446	18,85038
176,1176	4,80238	173,7316	18,84886
176,1046	4,80647	173,7196	18,84733
176,0926	4,80793	173,7076	18,84581
176,0806	4,80879	173,6916	18,84426
176,0646	4,80582	173,6796	18,84268
176,0526	4,80891	173,6666	18,8411
176,0396	4,81068	173,6516	18,8395
176,0246	4,81443	173,6386	18,83791
176,0116	4,81514	173,6266	18,83632
175,9996	4,81647	173,6106	18,83472
175,9866	4,82004	173,5986	18,83309
175,9716	4,82261	173,5856	18,83145
175,9586	4,82535	173,5706	18,82983
175,9466	4,82646	173,5586	18,82821
175,9346	4,82505	173,5456	18,82657
175,9066	4,8327	173,5306	18,82491
175,8906	4,83026	173,5176	18,82325
175,8786	4,83175	173,5056	18,82158
175,8656	4,83166	173,4926	18,8199
175,8536	4,8322	173,4806	18,81825
175,8406	4,83461	173,4676	18,8166
175,8286	4,83187	173,4526	18,81495
175,8166	4,83509	173,4396	18,81331
175,8036	4,83726	173,4276	18,81166
175,7916	4,84031	173,4156	18,80999
175,7786	4,84158	173,3996	18,8083
175,7666	4,84421	173,3876	18,80659
175,7576	4,84563	173,3746	18,80488
175,7446	4,84639	173,3626	18,80317
175,7326	4,84838	173,3466	18,80146
175,7076	4,85066	173,3346	18,79977
175,6946	4,85023	173,3216	18,79808
175,6826	4,85136	173,3096	18,79637
175,6706	4,84989	173,2976	18,79462
175,6576	4,85084	173,2816	18,79288
175,6456	4,85124	173,2696	18,79112
175,6326	4,85155	173,2566	18,78936
175,6206	4,85608	173,2416	18,78759
175,6076	4,85671	173,2286	18,78582
175,5956	4,85779	173,2166	18,78406
175,5836	4,86041	173,2036	18,78229
175,5706	4,86506	173,1886	18,78051
175,5456	4,86895	173,1756	18,77871
175,5306	4,87149	173,1636	18,77687
175,5176	4,86955	173,1486	18,77502
175,5056	4,87247	173,1356	18,77318
175,4936	4,87364	173,1206	18,77132
175,4806	4,87295	173,1076	18,76946
175,4656	4,87533	173,0956	18,76762
175,4526	4,87343	173,0826	18,76577
175,4376	4,87229	173,0706	18,7639
175,4246	4,87827	173,0546	18,76201
175,4126	4,87749	173,0426	18,76012
175,3996	4,88379	173,0296	18,75822
175,3846	4,88438	173,0176	18,75633
175,3716	4,885	173,0026	18,75445
175,3596	4,88898	172,9896	18,75255
175,3476	4,89	172,9776	18,75066
175,3346	4,89486	172,9616	18,74879
175,3196	4,89436	172,9496	18,74692
175,3066	4,8947	172,9366	18,74505
175,2946	4,89602	172,9086	18,74316
175,2816	4,89369	172,8966	18,74127
175,2666	4,89926	172,8836	18,73937
175,2536	4,89548	172,8716	18,73744
175,2416	4,90154	172,8596	18,7355
175,2296	4,90037	172,8466	18,73356
175,2136	4,90283	172,8346	18,7316
175,2016	4,90403	172,8216	18,72963
175,1886	4,90557	172,8096	18,72764
175,1766	4,91233	172,7976	18,72563
175,1606	4,90974	172,7816	18,72362
175,1486	4,91674	172,7696	18,72162
175,1356	4,91619	172,7566	18,71964
175,1236	4,9163	172,7446	18,71767
175,1076	4,91738	172,7316	18,71569
175,0956	4,91853	172,7196	18,71371
175,0836	4,91964	172,7066	18,71176
175,0676	4,919	172,6946	18,70981
175,0556	4,92253	172,6696	18,70787
175,0396	4,92194	172,6546	18,70592
175,0276	4,9245	172,6416	18,70393
175,0146	4,92801	172,6296	18,70195
175,0026	4,92741	172,6166	18,69997
174,9896	4,93351	172,6046	18,69796
174,9776	4,93354	172,5886	18,69596
174,9616	4,93868	172,5766	18,69396
174,9496	4,9359	172,5646	18,69195
174,9376	4,94178	172,5486	18,68994
174,9246	4,93981	172,5366	18,68793
174,9096	4,94233	172,5236	18,68591
174,8966	4,94368	172,5116	18,68387
174,8846	4,94134	172,4956	18,68184
174,8716	4,94483	172,4836	18,67983
174,8566	4,94078	172,4706	18,67781
174,8436	4,94921	172,4556	18,67577
174,8196	4,94511	172,4426	18,67373
174,8036	4,94984	172,4306	18,6717
174,7916	4,95149	172,4186	18,66967
174,7786	4,951	172,4056	18,66763
174,7636	4,95549	172,3906	18,66559
174,7506	4,95948	172,3776	18,66355
174,7386	4,95905	172,3656	18,66149
174,7256	4,96214	172,3496	18,65941
174,7106	4,96261	172,3376	18,65732
174,6976	4,96466	172,3246	18,65524
174,6856	4,96369	172,3096	18,65316
174,6736	4,96665	172,2966	18,65108
174,6606	4,96541	172,2846	18,64898
174,6456	4,9691	172,2726	18,64689
174,6326	4,96883	172,2596	18,64478
174,6206	4,9725	172,2446	18,64267
174,6046	4,97825	172,2316	18,64058
174,5926	4,97783	172,2196	18,63848
174,5796	4,98052	172,2066	18,63637
174,5676	4,98111	172,1916	18,63426
174,5556	4,98513	172,1786	18,63219
174,5396	4,98695	172,1666	18,63013
174,5276	4,98624	172,1546	18,62807
174,5146	4,9893	172,1416	18,626
174,5026	4,98773	172,1266	18,62392
174,4866	4,9888	172,1136	18,62183
174,4746	4,99016	172,1016	18,61975
174,4616	4,98792	172,0886	18,61764
174,4466	4,98836	172,0736	18,61554
174,4336	4,99073	172,0606	18,61346
174,4216	4,99141	172,0486	18,61139
174,4056	4,99624	172,0366	18,6093
174,3936	4,99313	172,0236	18,6072
174,3816	4,99622	172,0086	18,60509
174,3656	4,99486	171,9956	18,60298
174,3536	4,99829	171,9836	18,60087
174,3406	4,9989	171,9676	18,59874
174,3256	4,99897	171,9426	18,5966
174,3126	5,0013	171,9306	18,59449
174,3006	4,99996	171,9186	18,59238
174,2846	5,00448	171,9026	18,59025
174,2726	5,00689	171,8906	18,58812
174,2596	5,00492	171,8776	18,58599
174,2476	5,01082	171,8656	18,58384
174,2356	5,00611	171,8496	18,5817
174,2226	5,01454	171,8376	18,57954
174,2076	5,01464	171,8246	18,57736
174,1946	5,01534	171,8126	18,57518
174,1826	5,01561	171,7966	18,57297
174,1696	5,01766	171,7846	18,57074
174,1546	5,0198	171,7726	18,5685
174,1416	5,02019	171,7596	18,56626
174,1296	5,02054	171,7476	18,564
174,1176	5,02307	171,7316	18,56174
174,1016	5,01877	171,7196	18,55948
174,0896	5,02066	171,7066	18,55723
174,0766	5,02964	171,6946	18,55499
174,0616	5,02823	171,6786	18,55276
174,0486	5,02607	171,6666	18,55053
174,0366	5,0248	171,6546	18,54833
174,0236	5,02958	171,6386	18,54616
174,0116	5,02626	171,6266	18,54397
173,9956	5,03218	171,6106	18,54183
173,9836	5,03495	171,5986	18,53971
173,9716	5,03565	171,5856	18,53753
173,9556	5,04023	171,5706	18,53533
173,9436	5,0378	171,5576	18,53314
173,9306	5,04369	171,5426	18,53094
173,9186	5,04162	171,5296	18,52876
173,9026	5,04206	171,5176	18,52658
173,8906	5,04451	171,5016	18,5244
173,8776	5,04199	171,4896	18,52224
173,8626	5,04618	171,4736	18,52008
173,8496	5,04479	171,4616	18,51793
173,8226	5,05112	171,4496	18,51578
173,8096	5,05058	171,4366	18,51362
173,7976	5,05583	171,4216	18,51143
173,7846	5,05464	171,4086	18,50923
173,7726	5,06233	171,3936	18,507
173,7566	5,06344	171,3806	18,50478
173,7446	5,06496	171,3686	18,50256
173,7316	5,06637	171,3526	18,50034
173,7196	5,06704	171,3406	18,4981
173,7076	5,07092	171,3276	18,49589
173,6916	5,07119	171,3126	18,49369
173,6796	5,07179	171,2996	18,49147
173,6666	5,07049	171,2876	18,48923
173,6516	5,07412	171,2756	18,48698
173,6386	5,07528	171,2596	18,48475
173,6266	5,07957	171,2476	18,48251
173,6106	5,07909	171,2346	18,48026
173,5986	5,08074	171,2226	18,478
173,5856	5,08409	171,2066	18,47573
173,5706	5,08752	171,1946	18,47344
173,5586	5,09042	171,1816	18,47116
173,5456	5,09216	171,1696	18,46888
173,5306	5,09308	171,1536	18,46658
173,5176	5,09486	171,1416	18,46429
173,5056	5,0933	171,1296	18,46202
173,4926	5,0961	171,1136	18,45975
173,4806	5,09786	171,1016	18,45747
173,4676	5,09835	171,0886	18,45518
173,4526	5,09813	171,0736	18,45287
173,4396	5,10111	171,0606	18,45055
173,4276	5,10345	171,0486	18,44824
173,4156	5,10537	171,0356	18,44592
173,3996	5,10901	171,0206	18,44359
173,3876	5,1106	171,0076	18,44126
173,3746	5,11337	170,9956	18,43897
173,3626	5,11398	170,9836	18,43668
173,3466	5,12215	170,9706	18,43439
173,3346	5,11638	170,9556	18,4321
173,3216	5,12492	170,9426	18,4298
173,3096	5,12173	170,9276	18,42749
173,2976	5,12576	170,9146	18,42518
173,2816	5,12122	170,9026	18,42288
173,2696	5,12717	170,8896	18,42056
173,2566	5,12544	170,8776	18,41823
173,2416	5,12714	170,8656	18,41589
173,2286	5,12955	170,8496	18,41358
173,2166	5,13176	170,8376	18,41125
173,2036	5,13625	170,8246	18,40889
173,1886	5,13653	170,8126	18,40653
173,1756	5,14102	170,7966	18,4042
173,1636	5,14257	170,7846	18,40185
173,1486	5,14744	170,7716	18,3995
173,1356	5,14702	170,7596	18,39714
173,1206	5,1493	170,7436	18,39478
173,1076	5,14821	170,7316	18,39242
173,0956	5,15087	170,7166	18,39006
173,0826	5,15246	170,7036	18,38768
173,0706	5,15361	170,6916	18,38531
173,0546	5,15354	170,6756	18,38295
173,0426	5,15928	170,6636	18,38055
173,0296	5,15817	170,6506	18,37812
173,0176	5,16207	170,6356	18,37566
173,0026	5,16292	170,6226	18,37317
172,9896	5,16666	170,6106	18,37067
172,9776	5,17169	170,5946	18,3682
172,9616	5,16984	170,5826	18,36573
172,9496	5,17367	170,5706	18,36325
172,9366	5,1732	170,5576	18,36078
172,9086	5,17524	170,5456	18,35834
172,8966	5,17468	170,5296	18,35593
172,8836	5,17422	170,5176	18,3535
172,8716	5,17528	170,4926	18,35107
172,8596	5,17855	170,4766	18,34865
172,8466	5,18023	170,4646	18,34623
172,8346	5,18002	170,4526	18,34384
172,8216	5,18341	170,4396	18,34145
172,8096	5,18363	170,4276	18,33905
172,7976	5,1863	170,4146	18,33663
172,7816	5,19175	170,4026	18,33417
172,7696	5,19116	170,3896	18,33169
172,7566	5,19404	170,3776	18,32919
172,7446	5,19324	170,3656	18,32667
172,7316	5,19624	170,3526	18,32414
172,7196	5,19335	170,3436	18,32164
172,7066	5,19976	170,3306	18,31915
172,6946	5,19588	170,3026	18,31664
172,6696	5,19933	170,2906	18,31414
172,6546	5,19765	170,2786	18,31162
172,6416	5,20261	170,2656	18,30909
172,6296	5,20194	170,2536	18,30657
172,6166	5,20449	170,2406	18,30402
172,6046	5,21	170,2256	18,30145
172,5886	5,20875	170,2126	18,29888
172,5766	5,21295	170,2006	18,29629
172,5646	5,21383	170,1876	18,29371
172,5486	5,21259	170,1726	18,29115
172,5366	5,21916	170,1606	18,28862
172,5236	5,2188	170,1476	18,28609
172,5116	5,22151	170,1356	18,28356
172,4956	5,21877	170,1226	18,28102
172,4836	5,2217	170,1076	18,27847
172,4706	5,22098	170,0946	18,27592
172,4556	5,22536	170,0826	18,27337
172,4426	5,22376	170,0696	18,27081
172,4306	5,22658	170,0546	18,26825
172,4186	5,22818	170,0426	18,26567
172,4056	5,23051	170,0296	18,26309
172,3906	5,23263	170,0146	18,26049
172,3776	5,23404	170,0016	18,25788
172,3656	5,23686	169,9896	18,25525
172,3496	5,23858	169,9766	18,2526
172,3376	5,23825	169,9646	18,24996
172,3246	5,24154	169,9486	18,24732
172,3096	5,24255	169,9366	18,24465
172,2966	5,24357	169,9236	18,24197
172,2846	5,24257	169,9116	18,23928
172,2726	5,24706	169,8996	18,2366
172,2596	5,24476	169,8866	18,23391
172,2446	5,25032	169,8716	18,23122
172,2316	5,25129	169,8586	18,22851
172,2196	5,252	169,8466	18,22579
172,2066	5,25509	169,8216	18,22306
172,1916	5,25995	169,8096	18,22033
172,1786	5,26251	169,7936	18,21759
172,1666	5,26267	169,7816	18,21484
172,1546	5,26264	169,7686	18,2121
172,1416	5,2624	169,7566	18,20936
172,1266	5,26716	169,7406	18,20661
172,1136	5,26802	169,7286	18,20385
172,1016	5,26474	169,7156	18,20108
172,0886	5,26605	169,7006	18,19829
172,0736	5,27212	169,6876	18,19551
172,0606	5,26984	169,6756	18,19274
172,0486	5,27015	169,6636	18,18997
172,0366	5,27402	169,6476	18,18722
172,0236	5,27438	169,6356	18,18445
172,0086	5,27649	169,6226	18,18169
171,9956	5,28013	169,6106	18,17891
171,9836	5,28169	169,5976	18,17612
171,9676	5,2834	169,5856	18,17334
171,9426	5,28508	169,5696	18,17056
171,9306	5,28765	169,5576	18,16777
171,9186	5,28899	169,5456	18,16497
171,9026	5,28938	169,5296	18,16217
171,8906	5,28912	169,5176	18,15937
171,8776	5,291	169,5046	18,15657
171,8656	5,29242	169,4926	18,15376
171,8496	5,29458	169,4766	18,15091
171,8376	5,29584	169,4646	18,14805
171,8246	5,29923	169,4516	18,14522
171,8126	5,30022	169,4366	18,1424
171,7966	5,30334	169,4236	18,13959
171,7846	5,30478	169,4116	18,13677
171,7726	5,30918	169,3996	18,13396
171,7596	5,31025	169,3866	18,13117
171,7476	5,31322	169,3716	18,12838
171,7316	5,31261	169,3586	18,12558
171,7196	5,31395	169,3436	18,12279
171,7066	5,31507	169,3306	18,11999
171,6946	5,31449	169,3186	18,11719
171,6786	5,31625	169,3056	18,11439
171,6666	5,31761	169,2936	18,11159
171,6546	5,31965	169,2776	18,10879
171,6386	5,32253	169,2656	18,10601
171,6266	5,32334	169,2536	18,1032
171,6106	5,32683	169,2406	18,10034
171,5986	5,32667	169,2256	18,09746
171,5856	5,33087	169,2126	18,0946
171,5706	5,33436	169,2006	18,09175
171,5576	5,33459	169,1846	18,08888
171,5426	5,33515	169,1726	18,08602
171,5296	5,33758	169,1596	18,08315
171,5176	5,33701	169,1476	18,08029
171,5016	5,33938	169,1316	18,07743
171,4896	5,33992	169,1196	18,07458
171,4736	5,34053	169,1076	18,07174
171,4616	5,34162	169,0916	18,06889
171,4496	5,34348	169,0796	18,06605
171,4366	5,34582	169,0666	18,06321
171,4216	5,34742	169,0546	18,06037
171,4086	5,35026	169,0266	18,05754
171,3936	5,3526	169,0136	18,05471
171,3806	5,3559	169,0016	18,05187
171,3686	5,35799	168,9856	18,04902
171,3526	5,35883	168,9736	18,04617
171,3406	5,36022	168,9616	18,04331
171,3276	5,36095	168,9486	18,04044
171,3126	5,36191	168,9366	18,03756
171,2996	5,36258	168,9206	18,03468
171,2876	5,36238	168,9086	18,03177
171,2756	5,36542	168,8956	18,02884
171,2596	5,36634	168,8836	18,02593
171,2476	5,36628	168,8676	18,02305
171,2346	5,36895	168,8556	18,02014
171,2226	5,37293	168,8436	18,01721
171,2066	5,37252	168,8276	18,01429
171,1946	5,37665	168,8156	18,01137
171,1816	5,37925	168,8026	18,00843
171,1696	5,38218	168,7876	18,00547
171,1536	5,38464	168,7746	18,00251
171,1416	5,38585	168,7626	17,99954
171,1296	5,38659	168,7466	17,99656
171,1136	5,38609	168,7346	17,99361
171,1016	5,38966	168,7186	17,99066
171,0886	5,38769	168,7066	17,98771
171,0736	5,39089	168,6946	17,98475
171,0606	5,389	168,6816	17,9818
171,0486	5,39239	168,6696	17,97883
171,0356	5,39265	168,6536	17,97587
171,0206	5,39237	168,6416	17,9729
171,0076	5,39694	168,6286	17,96992
170,9956	5,40112	168,6136	17,96693
170,9836	5,40207	168,6006	17,96395
170,9706	5,40334	168,5886	17,96098
170,9556	5,40709	168,5726	17,958
170,9426	5,4091	168,5606	17,95501
170,9276	5,41089	168,5486	17,95203
170,9146	5,40996	168,5326	17,94905
170,9026	5,41139	168,5206	17,94606
170,8896	5,41266	168,5076	17,94307
170,8776	5,4125	168,4926	17,94008
170,8656	5,41528	168,4796	17,93708
170,8496	5,41612	168,4676	17,93408
170,8376	5,41707	168,4546	17,9311
170,8246	5,41927	168,4426	17,92815
170,8126	5,42225	168,4266	17,92519
170,7966	5,42501	168,4146	17,92222
170,7846	5,42877	168,4026	17,91924
170,7716	5,42849	168,3866	17,91626
170,7596	5,42888	168,3746	17,91329
170,7436	5,42991	168,3616	17,91029
170,7316	5,43098	168,3496	17,90727
170,7166	5,43228	168,3336	17,90424
170,7036	5,43495	168,3216	17,9012
170,6916	5,43347	168,3086	17,89813
170,6756	5,43616	168,2966	17,89504
170,6636	5,43538	168,2806	17,89197
170,6506	5,439	168,2686	17,88891
170,6356	5,44104	168,2566	17,88584
170,6226	5,44167	168,2436	17,88277
170,6106	5,4472	168,2316	17,87971
170,5946	5,44971	168,2186	17,87665
170,5826	5,45279	168,2036	17,87359
170,5706	5,45334	168,1906	17,87056
170,5576	5,45323	168,1786	17,86754
170,5456	5,45447	168,1656	17,8645
170,5296	5,45614	168,1536	17,86144
170,5176	5,45663	168,1386	17,85838
170,4926	5,45797	168,1256	17,85533
170,4766	5,458	168,1006	17,85227
170,4646	5,45987	168,0886	17,84919
170,4526	5,4597	168,0726	17,84612
170,4396	5,46327	168,0606	17,84307
170,4276	5,46281	168,0476	17,84001
170,4146	5,46615	168,0356	17,83694
170,4026	5,46866	168,0236	17,83387
170,3896	5,46645	168,0076	17,83081
170,3776	5,47363	167,9956	17,82776
170,3656	5,47534	167,9826	17,8247
170,3526	5,475	167,9706	17,82164
170,3436	5,47677	167,9576	17,81862
170,3306	5,47412	167,9426	17,81559
170,3026	5,47572	167,9296	17,81253
170,2906	5,47588	167,9176	17,80946
170,2786	5,47773	167,9056	17,80639
170,2656	5,47802	167,8926	17,80332
170,2536	5,47666	167,8776	17,80023
170,2406	5,47772	167,8646	17,79715
170,2256	5,47844	167,8526	17,79407
170,2126	5,48103	167,8396	17,79095
170,2006	5,48168	167,8276	17,78779
170,1876	5,48552	167,8116	17,78463
170,1726	5,48755	167,7996	17,78146
170,1606	5,4878	167,7876	17,77829
170,1476	5,48987	167,7746	17,77513
170,1356	5,49011	167,7626	17,77197
170,1226	5,49223	167,7466	17,76881
170,1076	5,49157	167,7346	17,76565
170,0946	5,49384	167,7216	17,7625
170,0826	5,49453	167,7066	17,75934
170,0696	5,49574	167,6936	17,75619
170,0546	5,49997	167,6816	17,75305
170,0426	5,49834	167,6696	17,74995
170,0296	5,50419	167,6566	17,74684
170,0146	5,50246	167,6416	17,7437
170,0016	5,51028	167,6286	17,74054
169,9896	5,50988	167,6166	17,73738
169,9766	5,51252	167,5886	17,73422
169,9646	5,5161	167,5756	17,73107
169,9486	5,51512	167,5636	17,72791
169,9366	5,51748	167,5506	17,72475
169,9236	5,51761	167,5386	17,72162
169,9116	5,51858	167,5266	17,71851
169,8996	5,51964	167,5136	17,71539
169,8866	5,52048	167,5016	17,71228
169,8716	5,52356	167,4886	17,70915
169,8586	5,52386	167,4766	17,70599
169,8466	5,52876	167,4646	17,70279
169,8216	5,52961	167,4486	17,69958
169,8096	5,53505	167,4396	17,69636
169,7936	5,54036	167,4266	17,69313
169,7816	5,54034	167,4146	17,68991
169,7686	5,54464	167,3896	17,68667
169,7566	5,54494	167,3776	17,68342
169,7406	5,54599	167,3616	17,68015
169,7286	5,54548	167,3496	17,67688
169,7156	5,54509	167,3366	17,6736
169,7006	5,54641	167,3216	17,6703
169,6876	5,54248	167,3086	17,66698
169,6756	5,54773	167,2966	17,66365
169,6636	5,54568	167,2836	17,66037
169,6476	5,5479	167,2716	17,65709
169,6356	5,54752	167,2556	17,65381
169,6226	5,54906	167,2436	17,65054
169,6106	5,55349	167,2316	17,64728
169,5976	5,55549	167,2186	17,64402
169,5856	5,55838	167,2066	17,64077
169,5696	5,55839	167,1936	17,63749
169,5576	5,55849	167,1786	17,6342
169,5456	5,55842	167,1656	17,63092
169,5296	5,55623	167,1536	17,62765
169,5176	5,55786	167,1416	17,62436
169,5046	5,55652	167,1286	17,62107
169,4926	5,55834	167,1136	17,61779
169,4766	5,56096	167,1006	17,61449
169,4646	5,5615	167,0886	17,61118
169,4516	5,56392	167,0726	17,60784
169,4366	5,56363	167,0606	17,60449
169,4236	5,56753	167,0476	17,60112
169,4116	5,5703	167,0356	17,59774
169,3996	5,57175	167,0226	17,59436
169,3866	5,57617	167,0076	17,591
169,3716	5,57614	166,9956	17,58761
169,3586	5,58014	166,9826	17,58421
169,3436	5,5805	166,9676	17,58081
169,3306	5,58159	166,9546	17,5774
169,3186	5,58478	166,9426	17,574
169,3056	5,58468	166,9296	17,57059
169,2936	5,58685	166,9146	17,56718
169,2776	5,58553	166,9016	17,56377
169,2656	5,58994	166,8896	17,56034
169,2536	5,59369	166,8736	17,55692
169,2406	5,59345	166,8616	17,55351
169,2256	5,59749	166,8496	17,55008
169,2126	5,60096	166,8336	17,54664
169,2006	5,6029	166,8216	17,54319
169,1846	5,60556	166,8086	17,53974
169,1726	5,60698	166,7936	17,53629
169,1596	5,60893	166,7806	17,53282
169,1476	5,60777	166,7686	17,52934
169,1316	5,60968	166,7556	17,52584
169,1196	5,61073	166,7436	17,52232
169,1076	5,61036	166,7276	17,51877
169,0916	5,61281	166,7156	17,51521
169,0796	5,61463	166,6876	17,51165
169,0666	5,61576	166,6756	17,50808
169,0546	5,61764	166,6626	17,50449
169,0266	5,62095	166,6506	17,50091
169,0136	5,62054	166,6376	17,4973
169,0016	5,62668	166,6226	17,49369
168,9856	5,62983	166,6096	17,49009
168,9736	5,62902	166,5976	17,48649
168,9616	5,63082	166,5856	17,48288
168,9486	5,63256	166,5726	17,47929
168,9366	5,63305	166,5576	17,47571
168,9206	5,63476	166,5446	17,47212
168,9086	5,63358	166,5326	17,46853
168,8956	5,63515	166,5166	17,46497
168,8836	5,63864	166,5046	17,46139
168,8676	5,63715	166,4916	17,4578
168,8556	5,64198	166,4796	17,45421
168,8436	5,6424	166,4636	17,45063
168,8276	5,64778	166,4516	17,44704
168,8156	5,64894	166,4396	17,44342
168,8026	5,64977	166,4266	17,43981
168,7876	5,65288	166,4116	17,4362
168,7746	5,65416	166,3986	17,43257
168,7626	5,65533	166,3866	17,42892
168,7466	5,65517	166,3736	17,42523
168,7346	5,65584	166,3616	17,42153
168,7186	5,65614	166,3456	17,41784
168,7066	5,65904	166,3336	17,41412
168,6946	5,65899	166,3216	17,4104
168,6816	5,66309	166,3056	17,40667
168,6696	5,66091	166,2936	17,40294
168,6536	5,66332	166,2806	17,39919
168,6416	5,66606	166,2686	17,39544
168,6286	5,66944	166,2556	17,39169
168,6136	5,67232	166,2406	17,38793
168,6006	5,67191	166,2276	17,38417
168,5886	5,67842	166,2126	17,38039
168,5726	5,67795	166,1996	17,37661
168,5606	5,68146	166,1876	17,37284
168,5486	5,68219	166,1756	17,36906
168,5326	5,6819	166,1596	17,36531
168,5206	5,68564	166,1476	17,36154
168,5076	5,68288	166,1346	17,35777
168,4926	5,68622	166,1226	17,35399
168,4796	5,68496	166,1096	17,35022
168,4676	5,6869	166,0976	17,34645
168,4546	5,68681	166,0816	17,34267
168,4426	5,69178	166,0696	17,33888
168,4266	5,69462	166,0576	17,3351
168,4146	5,69568	166,0446	17,33132
168,4026	5,69831	166,0296	17,32753
168,3866	5,70005	166,0166	17,32375
168,3746	5,70173	166,0046	17,31996
168,3616	5,70202	165,9886	17,31618
168,3496	5,70202	165,9766	17,31239
168,3336	5,70222	165,9486	17,3086
168,3216	5,70472	165,9356	17,30481
168,3086	5,7049	165,9236	17,30103
168,2966	5,70577	165,9116	17,29723
168,2806	5,70644	165,8986	17,29342
168,2686	5,70887	165,8866	17,28963
168,2566	5,70993	165,8736	17,28583
168,2436	5,71472	165,8616	17,28201
168,2316	5,71188	165,8486	17,27818
168,2186	5,71628	165,8366	17,27437
168,2036	5,71839	165,8246	17,27056
168,1906	5,71973	165,8116	17,26674
168,1786	5,72071	165,7996	17,26292
168,1656	5,72157	165,7866	17,25909
168,1536	5,72043	165,7656	17,25526
168,1386	5,72117	165,7526	17,2514
168,1256	5,72295	165,7376	17,24752
168,1006	5,72406	165,7276	17,24364
168,0886	5,72579	165,7126	17,23975
168,0726	5,72818	165,7026	17,23587
168,0606	5,73067	165,6906	17,23199
168,0476	5,73387	165,6786	17,22809
168,0356	5,73584	165,6656	17,2242
168,0236	5,74198	165,6536	17,22032
168,0076	5,74224	165,6406	17,21644
167,9956	5,74517	165,6156	17,21257
167,9826	5,74746	165,6036	17,20871
167,9706	5,74905	165,5886	17,20483
167,9576	5,75004	165,5756	17,20092
167,9426	5,75012	165,5636	17,19701
167,9296	5,75275	165,5506	17,19309
167,9176	5,75421	165,5356	17,18918
167,9056	5,75453	165,5226	17,18525
167,8926	5,75441	165,5106	17,18132
167,8776	5,75849	165,4976	17,17737
167,8646	5,75999	165,4856	17,17339
167,8526	5,75953	165,4696	17,1694
167,8396	5,76173	165,4576	17,16543
167,8276	5,76658	165,4456	17,16147
167,8116	5,76721	165,4326	17,15751
167,7996	5,7704	165,4176	17,15355
167,7876	5,77078	165,4046	17,1496
167,7746	5,77454	165,3896	17,14563
167,7626	5,77395	165,3766	17,14165
167,7466	5,77647	165,3646	17,13768
167,7346	5,77481	165,3516	17,1337
167,7216	5,77665	165,3396	17,12974
167,7066	5,77679	165,3246	17,12578
167,6936	5,77877	165,3116	17,12181
167,6816	5,78006	165,2996	17,11784
167,6696	5,78325	165,2866	17,11389
167,6566	5,78401	165,2746	17,1099
167,6416	5,78718	165,2586	17,10589
167,6286	5,78941	165,2466	17,10192
167,6166	5,79264	165,2336	17,09796
167,5886	5,79545	165,2216	17,09402
167,5756	5,7958	165,2096	17,09008
167,5636	5,79899	165,1966	17,08612
167,5506	5,79821	165,1816	17,08217
167,5386	5,79795	165,1686	17,0782
167,5266	5,79923	165,1566	17,07423
167,5136	5,79948	165,1436	17,07028
167,5016	5,80098	165,1286	17,06635
167,4886	5,80288	165,1156	17,06245
167,4766	5,80131	165,0916	17,05856
167,4646	5,80667	165,0756	17,05465
167,4486	5,80848	165,0636	17,05073
167,4396	5,81089	165,0536	17,04681
167,4266	5,81147	165,0416	17,04289
167,4146	5,81559	165,0256	17,03894
167,3896	5,81772	165,0136	17,03499
167,3776	5,81884	165,0006	17,03105
167,3616	5,82011	164,9886	17,0271
167,3496	5,82229	164,9766	17,02315
167,3366	5,82414	164,9636	17,01916
167,3216	5,82198	164,9516	17,01515
167,3086	5,8241	164,9386	17,01118
167,2966	5,82543	164,9266	17,00723
167,2836	5,82788	164,9146	17,00328
167,2716	5,82805	164,9016	16,99931
167,2556	5,82918	164,8866	16,99533
167,2436	5,83248	164,8736	16,99135
167,2316	5,83369	164,8486	16,9874
167,2186	5,8376	164,8366	16,98341
167,2066	5,83874	164,8236	16,9794
167,1936	5,84172	164,8116	16,97541
167,1786	5,84476	164,7966	16,97142
167,1656	5,84189	164,7836	16,96743
167,1536	5,84504	164,7686	16,96344
167,1416	5,84516	164,7556	16,95947
167,1286	5,8478	164,7406	16,9555
167,1136	5,84601	164,7276	16,95154
167,1006	5,84782	164,7156	16,9476
167,0886	5,849	164,7026	16,94365
167,0726	5,85237	164,6906	16,93971
167,0606	5,85326	164,6776	16,93578
167,0476	5,85508	164,6656	16,93186
167,0356	5,85892	164,6536	16,92793
167,0226	5,85997	164,6436	16,92402
167,0076	5,8641	164,6316	16,92012
166,9956	5,86626	164,6186	16,91624
166,9826	5,86759	164,6066	16,91233
166,9676	5,86917	164,5786	16,90839
166,9546	5,87127	164,5666	16,90445
166,9426	5,87014	164,5536	16,90052
166,9296	5,8699	164,5416	16,89659
166,9146	5,87127	164,5256	16,89267
166,9016	5,87194	164,5136	16,88872
166,8896	5,87261	164,5006	16,88477
166,8736	5,87469	164,4856	16,88084
166,8616	5,87892	164,4726	16,87691
166,8496	5,87903	164,4606	16,87294
166,8336	5,88281	164,4486	16,86899
166,8216	5,8848	164,4356	16,86506
166,8086	5,88767	164,4236	16,86114
166,7936	5,88987	164,4106	16,85722
166,7806	5,89375	164,3956	16,8533
166,7686	5,89283	164,3826	16,84937
166,7556	5,89406	164,3706	16,84546
166,7436	5,89374	164,3586	16,84158
166,7276	5,89607	164,3456	16,8377
166,7156	5,89754	164,3336	16,83384
166,6876	5,89616	164,3206	16,82997
166,6756	5,89903	164,3086	16,82609
166,6626	5,89979	164,2836	16,82221
166,6506	5,90299	164,2716	16,81834
166,6376	5,90466	164,2586	16,81447
166,6226	5,90717	164,2466	16,81059
166,6096	5,91001	164,2306	16,8067
166,5976	5,90939	164,2186	16,80281
166,5856	5,90881	164,2056	16,79891
166,5726	5,90901	164,1936	16,79502
166,5576	5,90996	164,1776	16,79114
166,5446	5,90936	164,1656	16,78724
166,5326	5,91025	164,1536	16,78333
166,5166	5,9094	164,1406	16,77945
166,5046	5,9098	164,1256	16,77557
166,4916	5,91008	164,1126	16,77167
166,4796	5,91121	164,1006	16,76776
166,4636	5,91239	164,0846	16,76388
166,4516	5,91343	164,0726	16,75999
166,4396	5,91566	164,0596	16,75611
166,4266	5,91713	164,0476	16,75222
166,4116	5,91964	164,0356	16,74833
166,3986	5,92023	164,0226	16,74445
166,3866	5,92302	164,0076	16,74056
166,3736	5,92339	163,9946	16,73666
166,3616	5,92616	163,9826	16,73277
166,3456	5,92689	163,9696	16,72889
166,3336	5,92494	163,9576	16,72503
166,3216	5,92949	163,9416	16,72116
166,3056	5,92813	163,9296	16,7173
166,2936	5,93005	163,9176	16,71342
166,2806	5,9322	163,9046	16,70954
166,2686	5,93591	163,8896	16,70566
166,2556	5,93931	163,8766	16,70176
166,2406	5,94084	163,8646	16,69783
166,2276	5,94396	163,8516	16,69391
166,2126	5,94662	163,8366	16,69
166,1996	5,94864	163,8236	16,68608
166,1876	5,95181	163,8116	16,68217
166,1756	5,94822	163,7986	16,67826
166,1596	5,94949	163,7866	16,67435
166,1476	5,95198	163,7716	16,67042
166,1346	5,95197	163,7586	16,6665
166,1226	5,95121	163,7466	16,66259
166,1096	5,9507	163,7216	16,65868
166,0976	5,95309	163,7056	16,65476
166,0816	5,95568	163,6906	16,65085
166,0696	5,95582	163,6776	16,64695
166,0576	5,95973	163,6656	16,64307
166,0446	5,9619	163,6526	16,63921
166,0296	5,963	163,6406	16,63537
166,0166	5,9664	163,6286	16,63153
166,0046	5,96798	163,6156	16,62769
165,9886	5,97043	163,6036	16,62386
165,9766	5,97036	163,5906	16,62001
165,9486	5,97163	163,5786	16,61616
165,9356	5,9715	163,5666	16,61231
165,9236	5,97096	163,5536	16,60843
165,9116	5,97523	163,5446	16,60453
165,8986	5,97538	163,5316	16,60062
165,8866	5,9782	163,5076	16,59672
165,8736	5,97776	163,4946	16,59282
165,8616	5,98454	163,4826	16,58891
165,8486	5,98455	163,4696	16,58499
165,8366	5,98831	163,4576	16,58107
165,8246	5,99056	163,4446	16,57716
165,8116	5,99216	163,4326	16,57324
165,7996	5,99559	163,4206	16,56933
165,7866	5,99827	163,4076	16,56543
165,7656	5,99514	163,3956	16,56155
165,7526	5,99832	163,3826	16,55765
165,7376	5,99658	163,3576	16,55373
165,7276	5,9987	163,3456	16,54982
165,7126	6,00094	163,3336	16,54589
165,7026	6,00037	163,3176	16,54196
165,6906	6,00104	163,3056	16,538
165,6786	6,00333	163,2926	16,53403
165,6656	6,00399	163,2806	16,53006
165,6536	6,00698	163,2646	16,52609
165,6406	6,00977	163,2526	16,52212
165,6156	6,01145	163,2396	16,51813
165,6036	6,01292	163,2246	16,51415
165,5886	6,01846	163,2116	16,51018
165,5756	6,01949	163,1996	16,50622
165,5636	6,02127	163,1876	16,50224
165,5506	6,02145	163,1716	16,49824
165,5356	6,02299	163,1596	16,49425
165,5226	6,02236	163,1466	16,49026
165,5106	6,02263	163,1316	16,48626
165,4976	6,02327	163,1186	16,48225
165,4856	6,02426	163,1066	16,47824
165,4696	6,02337	163,0936	16,47423
165,4576	6,02696	163,0816	16,47021
165,4456	6,02616	163,0656	16,46617
165,4326	6,03163	163,0536	16,46213
165,4176	6,03119	163,0416	16,45808
165,4046	6,03128	163,0256	16,45402
165,3896	6,03485	163,0136	16,44997
165,3766	6,03638	163,0006	16,44591
165,3646	6,03839	162,9886	16,44185
165,3516	6,0366	162,9756	16,43778
165,3396	6,04016	162,9606	16,4337
165,3246	6,04003	162,9476	16,42962
165,3116	6,04032	162,9356	16,42553
165,2996	6,04318	162,9236	16,42144
165,2866	6,04515	162,9076	16,41736
165,2746	6,04869	162,8956	16,41329
165,2586	6,05035	162,8826	16,40922
165,2466	6,05382	162,8706	16,40514
165,2336	6,05662	162,8546	16,40104
165,2216	6,05826	162,8426	16,39692
165,2096	6,06029	162,8296	16,3928
165,1966	6,06354	162,8176	16,38869
165,1816	6,06364	162,8016	16,38457
165,1686	6,06645	162,7896	16,38044
165,1566	6,06449	162,7776	16,3763
165,1436	6,0636	162,7616	16,37216
165,1286	6,06465	162,7496	16,36802
165,1156	6,06501	162,7366	16,36389
165,0916	6,06791	162,7246	16,35976
165,0756	6,06801	162,7116	16,35564
165,0636	6,07	162,6966	16,35152
165,0536	6,07129	162,6836	16,34738
165,0416	6,0736	162,6716	16,3432
165,0256	6,07709	162,6596	16,33901
165,0136	6,07722	162,6436	16,33481
165,0006	6,07815	162,6316	16,3306
164,9886	6,08053	162,6186	16,32639
164,9766	6,07712	162,6036	16,32216
164,9636	6,0787	162,5786	16,31792
164,9516	6,07979	162,5656	16,3137
164,9386	6,07883	162,5506	16,3095
164,9266	6,07921	162,5376	16,30528
164,9146	6,08106	162,5256	16,30105
164,9016	6,08179	162,5096	16,29681
164,8866	6,08279	162,4976	16,29257
164,8736	6,08604	162,4856	16,28832
164,8486	6,08799	162,4726	16,28405
164,8366	6,09082	162,4606	16,27977
164,8236	6,09215	162,4446	16,27549
164,8116	6,09251	162,4326	16,27119
164,7966	6,09646	162,4196	16,2669
164,7836	6,09458	162,4076	16,26257
164,7686	6,09887	162,3916	16,25823
164,7556	6,09409	162,3796	16,2539
164,7406	6,09746	162,3676	16,24958
164,7276	6,09691	162,3546	16,24526
164,7156	6,09812	162,3426	16,24094
164,7026	6,1004	162,3266	16,23664
164,6906	6,10164	162,3146	16,23236
164,6776	6,10445	162,2986	16,22805
164,6656	6,10811	162,2866	16,22373
164,6536	6,11005	162,2736	16,21939
164,6436	6,11454	162,2616	16,21509
164,6316	6,11774	162,2456	16,21081
164,6186	6,12103	162,2336	16,20648
164,6066	6,1215	162,2216	16,20215
164,5786	6,12284	162,2086	16,19783
164,5666	6,12441	162,1966	16,19352
164,5536	6,12364	162,1806	16,18921
164,5416	6,12636	162,1686	16,18488
164,5256	6,12701	162,1526	16,18053
164,5136	6,12752	162,1406	16,17617
164,5006	6,13281	162,1276	16,1718
164,4856	6,13047	162,1156	16,16743
164,4726	6,13538	162,1036	16,16304
164,4606	6,13768	162,0876	16,15864
164,4486	6,14196	162,0756	16,15423
164,4356	6,14334	162,0626	16,14981
164,4236	6,14812	162,0476	16,14537
164,4106	6,15057	162,0346	16,14091
164,3956	6,15333	162,0226	16,13646
164,3826	6,15345	162,0096	16,13203
164,3706	6,15307	161,9976	16,12758
164,3586	6,15519	161,9816	16,12313
164,3456	6,15548	161,9696	16,11867
164,3336	6,15773	161,9576	16,11421
164,3206	6,1596	161,9446	16,10974
164,3086	6,16063	161,9326	16,10526
164,2836	6,16228	161,9166	16,10077
164,2716	6,16462	161,9046	16,09628
164,2586	6,16889	161,8916	16,0918
164,2466	6,17055	161,8676	16,08731
164,2306	6,17376	161,8516	16,0828
164,2186	6,17526	161,8396	16,07828
164,2056	6,17722	161,8266	16,07376
164,1936	6,17984	161,8146	16,06923
164,1776	6,17935	161,8016	16,06471
164,1656	6,18138	161,7866	16,06019
164,1536	6,18132	161,7736	16,05567
164,1406	6,18225	161,7586	16,05116
164,1256	6,1808	161,7456	16,04663
164,1126	6,18536	161,7336	16,04208
164,1006	6,18556	161,7216	16,03753
164,0846	6,18704	161,7086	16,03297
164,0726	6,1913	161,6966	16,02841
164,0596	6,18956	161,6806	16,02385
164,0476	6,19505	161,6686	16,01929
164,0356	6,19699	161,6556	16,01472
164,0226	6,19958	161,6406	16,01013
164,0076	6,20347	161,6276	16,00553
163,9946	6,20371	161,6156	16,00092
163,9826	6,20301	161,6036	15,99631
163,9696	6,20782	161,5876	15,99172
163,9576	6,20661	161,5756	15,98712
163,9416	6,20838	161,5626	15,9825
163,9296	6,20844	161,5506	15,97788
163,9176	6,2077	161,5346	15,97328
163,9046	6,21146	161,5226	15,96868
163,8896	6,20963	161,5096	15,96408
163,8766	6,21345	161,4946	15,95949
163,8646	6,21442	161,4816	15,95489
163,8516	6,21688	161,4696	15,9503
163,8366	6,22048	161,4576	15,9457
163,8236	6,22162	161,4446	15,94109
163,8116	6,2239	161,4296	15,93649
163,7986	6,22785	161,4166	15,9319
163,7866	6,22342	161,4046	15,92731
163,7716	6,22859	161,3916	15,92271
163,7586	6,22759	161,3766	15,9181
163,7466	6,22751	161,3636	15,91349
163,7216	6,23158	161,3516	15,90887
163,7056	6,22975	161,3396	15,90426
163,6906	6,23259	161,3266	15,89967
163,6776	6,23307	161,3146	15,89511
163,6656	6,2343	161,2986	15,89054
163,6526	6,23857	161,2866	15,88595
163,6406	6,24245	161,2736	15,88135
163,6286	6,24349	161,2586	15,87675
163,6156	6,24576	161,2456	15,87216
163,6036	6,24555	161,2336	15,86757
163,5906	6,24756	161,2206	15,86297
163,5786	6,24795	161,2086	15,85836
163,5666	6,24992	161,1936	15,85376
163,5536	6,25159	161,1806	15,84915
163,5446	6,25368	161,1526	15,84454
163,5316	6,25484	161,1406	15,83993
163,5076	6,25605	161,1276	15,83532
163,4946	6,25844	161,1156	15,83071
163,4826	6,26021	161,1026	15,8261
163,4696	6,26294	161,0876	15,82148
163,4576	6,26616	161,0756	15,81687
163,4446	6,26888	161,0626	15,81225
163,4326	6,27172	161,0506	15,80763
163,4206	6,2727	161,0376	15,80301
163,4076	6,27662	161,0256	15,79839
163,3956	6,27574	161,0096	15,79377
163,3826	6,27566	160,9976	15,78912
163,3576	6,2771	160,9846	15,78449
163,3456	6,27688	160,9726	15,77987
163,3336	6,27697	160,9606	15,77522
163,3176	6,27774	160,9446	15,77054
163,3056	6,27972	160,9326	15,76588
163,2926	6,28152	160,9196	15,76121
163,2806	6,28207	160,9076	15,75653
163,2646	6,2828	160,8916	15,75186
163,2526	6,28902	160,8796	15,74719
163,2396	6,28967	160,8666	15,74254
163,2246	6,29329	160,8546	15,7379
163,2116	6,29335	160,8386	15,73329
163,1996	6,29437	160,8266	15,7287
163,1876	6,29587	160,8146	15,7241
163,1716	6,29734	160,8016	15,71948
163,1596	6,29862	160,7866	15,71487
163,1466	6,29773	160,7736	15,71026
163,1316	6,3016	160,7616	15,70563
163,1186	6,29885	160,7456	15,70098
163,1066	6,29763	160,7336	15,69631
163,0936	6,30207	160,7206	15,69163
163,0816	6,30954	160,7056	15,68694
163,0656	6,31061	160,6926	15,68224
163,0536	6,30812	160,6806	15,67755
163,0416	6,31038	160,6686	15,67286
163,0256	6,31731	160,6526	15,66817
163,0136	6,31675	160,6406	15,66348
163,0006	6,31829	160,6276	15,65881
162,9886	6,3205	160,6126	15,65415
162,9756	6,31906	160,5996	15,64951
162,9606	6,31884	160,5876	15,64487
162,9476	6,32014	160,5716	15,64025
162,9356	6,32125	160,5596	15,63564
162,9236	6,32225	160,5466	15,63102
162,9076	6,32322	160,5316	15,62639
162,8956	6,32572	160,5196	15,62175
162,8826	6,32816	160,5066	15,6171
162,8706	6,32689	160,4946	15,61245
162,8546	6,33211	160,4816	15,60782
162,8426	6,33611	160,4666	15,60318
162,8296	6,33563	160,4536	15,59854
162,8176	6,3376	160,4416	15,59389
162,8016	6,34016	160,4256	15,58922
162,7896	6,34109	160,4136	15,58456
162,7776	6,34043	160,4006	15,57992
162,7616	6,3407	160,3856	15,5753
162,7496	6,34065	160,3736	15,57068
162,7366	6,3434	160,3606	15,56607
162,7246	6,3555	160,3486	15,56144
162,7116	6,35212	160,3326	15,55682
162,6966	6,34965	160,3206	15,55217
162,6836	6,35102	160,3076	15,54751
162,6716	6,35313	160,2926	15,54285
162,6596	6,36714	160,2796	15,53818
162,6436	6,35813	160,2676	15,53351
162,6316	6,35695	160,2396	15,52882
162,6186	6,35995	160,2276	15,52415
162,6036	6,36044	160,2146	15,51949
162,5786	6,36358	160,2026	15,51482
162,5656	6,35995	160,1896	15,51015
162,5506	6,35821	160,1776	15,50548
162,5376	6,361	160,1646	15,50083
162,5256	6,36495	160,1526	15,49619
162,5096	6,36576	160,1406	15,49156
162,4976	6,36545	160,1276	15,48692
162,4856	6,36073	160,1186	15,48226
162,4726	6,37097	160,1056	15,47762
162,4606	6,36597	160,0776	15,47299
162,4446	6,3602	160,0656	15,46836
162,4326	6,3639	160,0536	15,46372
162,4196	6,36632	160,0406	15,45907
162,4076	6,36507	160,0286	15,45442
162,3916	6,37184	160,0156	15,44975
162,3796	6,36922	160,0036	15,44507
162,3676	6,37125	159,9906	15,44039
162,3546	6,36537	159,9786	15,43573
162,3426	6,3639	159,9666	15,43109
162,3266	6,3692	159,9536	15,42645
162,3146	6,37217	159,9416	15,42181
162,2986	6,37322	159,9286	15,41715
162,2866	6,37781	159,9166	15,4125
162,2736	6,38458	159,9046	15,40784
162,2616	6,38178	159,8916	15,4032
162,2456	6,38419	159,8666	15,39855
162,2336	6,38981	159,8546	15,39388
162,2216	6,39568	159,8386	15,38921
162,2086	6,39094	159,8266	15,38454
162,1966	6,39258	159,8136	15,37987
162,1806	6,39454	159,7986	15,3752
162,1686	6,39742	159,7866	15,37053
162,1526	6,39439	159,7736	15,36586
162,1406	6,39342	159,7586	15,3612
162,1276	6,39443	159,7456	15,35655
162,1156	6,39895	159,7306	15,35189
162,1036	6,40468	159,7176	15,34724
162,0876	6,40572	159,7056	15,3426
162,0756	6,41127	159,6926	15,33797
162,0626	6,40893	159,6776	15,33331
162,0476	6,41029	159,6646	15,32864
162,0346	6,41412	159,6526	15,32397
162,0226	6,41283	159,6406	15,3193
162,0096	6,42065	159,6276	15,3146
161,9976	6,42181	159,6126	15,30987
161,9816	6,41645	159,5996	15,30516
161,9696	6,42162	159,5876	15,30047
161,9576	6,42642	159,5746	15,29578
161,9446	6,42247	159,5626	15,29108
161,9326	6,42355	159,5466	15,28636
161,9166	6,43137	159,5346	15,28164
161,9046	6,42703	159,5226	15,2769
161,8916	6,43451	159,5096	15,27212
161,8676	6,43395	159,4946	15,26736
161,8516	6,4347	159,4816	15,26262
161,8396	6,44215	159,4696	15,25791
161,8266	6,44042	159,4536	15,2532
161,8146	6,44331	159,4416	15,24849
161,8016	6,44504	159,4286	15,24378
161,7866	6,44536	159,4166	15,23907
161,7736	6,44807	159,4036	15,23438
161,7586	6,44472	159,3886	15,2297
161,7456	6,44895	159,3766	15,22501
161,7336	6,44844	159,3606	15,22032
161,7216	6,44781	159,3486	15,21564
161,7086	6,44995	159,3326	15,21097
161,6966	6,45479	159,3206	15,20627
161,6806	6,45602	159,3076	15,20156
161,6686	6,45156	159,2956	15,19684
161,6556	6,46147	159,2826	15,19211
161,6406	6,46036	159,2676	15,18736
161,6276	6,46256	159,2546	15,18259
161,6156	6,46266	159,2396	15,17782
161,6036	6,46482	159,2266	15,17304
161,5876	6,46773	159,2146	15,16827
161,5756	6,46716	159,1996	15,1635
161,5626	6,45923	159,1896	15,15873
161,5506	6,46386	159,1746	15,15395
161,5346	6,46733	159,1616	15,14918
161,5226	6,46561	159,1496	15,14441
161,5096	6,4673	159,1366	15,13964
161,4946	6,46993	159,1216	15,13488
161,4816	6,47231	159,1086	15,13012
161,4696	6,47465	159,0966	15,12533
161,4576	6,47519	159,0846	15,12054
161,4446	6,4785	159,0686	15,11574
161,4296	6,48086	159,0566	15,11095
161,4166	6,48124	159,0436	15,10614
161,4046	6,48359	159,0316	15,10133
161,3916	6,47793	159,0156	15,09653
161,3766	6,48433	158,9906	15,09172
161,3636	6,48447	158,9786	15,08689
161,3516	6,48525	158,9626	15,08205
161,3396	6,48268	158,9506	15,07721
161,3266	6,48451	158,9386	15,07237
161,3146	6,48651	158,9256	15,06754
161,2986	6,48933	158,9106	15,06272
161,2866	6,49141	158,8976	15,0579
161,2736	6,49277	158,8856	15,05307
161,2586	6,49703	158,8726	15,04824
161,2456	6,4983	158,8606	15,04341
161,2336	6,49944	158,8446	15,03857
161,2206	6,50132	158,8326	15,03369
161,2086	6,50149	158,8206	15,02881
161,1936	6,50484	158,8076	15,02393
161,1806	6,50884	158,7956	15,01904
161,1526	6,50477	158,7796	15,01414
161,1406	6,50503	158,7676	15,00924
161,1276	6,50953	158,7546	15,00434
161,1156	6,51001	158,7426	14,99942
161,1026	6,51071	158,7266	14,99451
161,0876	6,516	158,7146	14,98958
161,0756	6,51461	158,7026	14,98465
161,0626	6,51957	158,6896	14,97972
161,0506	6,52311	158,6776	14,97478
161,0376	6,52461	158,6616	14,96983
161,0256	6,52527	158,6496	14,96488
161,0096	6,52514	158,6366	14,95992
160,9976	6,52569	158,6246	14,95494
160,9846	6,52729	158,6086	14,94992
160,9726	6,5274	158,5966	14,9449
160,9606	6,52699	158,5836	14,93988
160,9446	6,5286	158,5686	14,93486
160,9326	6,52922	158,5566	14,92983
160,9196	6,53104	158,5436	14,9248
160,9076	6,53092	158,5316	14,91976
160,8916	6,53361	158,5156	14,91472
160,8796	6,53569	158,5036	14,90969
160,8666	6,53971	158,4906	14,90465
160,8546	6,54075	158,4756	14,89958
160,8386	6,54279	158,4626	14,8945
160,8266	6,54462	158,4506	14,88942
160,8146	6,5444	158,4346	14,88434
160,8016	6,54696	158,4226	14,87925
160,7866	6,547	158,4106	14,87416
160,7736	6,54829	158,3976	14,86906
160,7616	6,54638	158,3826	14,86397
160,7456	6,54854	158,3696	14,85888
160,7336	6,55136	158,3576	14,85382
160,7206	6,54927	158,3446	14,84878
160,7056	6,54976	158,3326	14,84375
160,6926	6,55306	158,3076	14,83874
160,6806	6,55331	158,2926	14,83372
160,6686	6,55711	158,2796	14,82868
160,6526	6,55806	158,2676	14,82361
160,6406	6,56043	158,2546	14,81853
160,6276	6,56298	158,2396	14,81346
160,6126	6,56314	158,2266	14,80837
160,5996	6,56303	158,2146	14,80327
160,5876	6,5669	158,1986	14,79817
160,5716	6,56401	158,1866	14,79306
160,5596	6,56796	158,1746	14,78794
160,5466	6,56265	158,1586	14,78279
160,5316	6,56584	158,1466	14,77761
160,5196	6,56517	158,1306	14,77244
160,5066	6,56648	158,1186	14,76727
160,4946	6,57005	158,1056	14,76211
160,4816	6,56874	158,0936	14,75694
160,4666	6,57213	158,0806	14,75176
160,4536	6,57502	158,0656	14,74658
160,4416	6,5785	158,0526	14,7414
160,4256	6,58026	158,0406	14,73622
160,4136	6,58392	158,0246	14,73106
160,4006	6,58284	158,0126	14,72589
160,3856	6,58579	158,0006	14,72071
160,3736	6,58486	157,9876	14,71554
160,3606	6,58395	157,9756	14,71039
160,3486	6,58684	157,9596	14,70522
160,3326	6,58111	157,9476	14,70003
160,3206	6,58487	157,9346	14,69483
160,3076	6,58998	157,9226	14,68962
160,2926	6,58943	157,9096	14,68439
160,2796	6,59483	157,8946	14,67918
160,2676	6,59437	157,8826	14,67395
160,2396	6,59455	157,8696	14,66868
160,2276	6,59974	157,8546	14,66342
160,2146	6,59824	157,8416	14,65816
160,2026	6,60287	157,8296	14,6529
160,1896	6,6008	157,8166	14,64765
160,1776	6,60367	157,8046	14,6424
160,1646	6,60624	157,7886	14,63716
160,1526	6,60564	157,7766	14,63191
160,1406	6,60922	157,7646	14,62666
160,1276	6,60648	157,7516	14,62141
160,1186	6,60873	157,7396	14,61617
160,1056	6,60968	157,7236	14,61094
160,0776	6,60968	157,7116	14,6057
160,0656	6,61213	157,6986	14,60045
160,0536	6,61594	157,6866	14,59519
160,0406	6,61869	157,6736	14,58991
160,0286	6,6219	157,6586	14,58464
160,0156	6,62173	157,6456	14,57938
160,0036	6,62417	157,6306	14,57412
159,9906	6,6247	157,6186	14,56888
159,9786	6,62438	157,6056	14,56364
159,9666	6,62479	157,5936	14,55841
159,9536	6,62732	157,5776	14,5532
159,9416	6,62731	157,5656	14,54799
159,9286	6,6301	157,5526	14,54275
159,9166	6,63096	157,5406	14,5375
159,9046	6,63228	157,5126	14,53224
159,8916	6,63393	157,5006	14,52698
159,8666	6,63932	157,4846	14,52172
159,8546	6,63931	157,4726	14,51647
159,8386	6,64262	157,4596	14,51122
159,8266	6,64515	157,4476	14,50596
159,8136	6,64364	157,4346	14,5007
159,7986	6,64787	157,4226	14,49544
159,7866	6,64821	157,4066	14,4902
159,7736	6,64986	157,3946	14,48494
159,7586	6,64812	157,3816	14,47968
159,7456	6,64936	157,3696	14,47443
159,7306	6,65004	157,3576	14,46918
159,7176	6,65063	157,3446	14,46393
159,7056	6,65247	157,3296	14,45867
159,6926	6,65497	157,3166	14,45341
159,6776	6,65825	157,3046	14,44817
159,6646	6,66393	157,2916	14,44291
159,6526	6,66301	157,2796	14,43765
159,6406	6,66537	157,2676	14,43239
159,6276	6,66999	157,2546	14,42713
159,6126	6,66973	157,2426	14,42187
159,5996	6,66999	157,2296	14,41663
159,5876	6,67158	157,2176	14,41141
159,5746	6,67192	157,1896	14,40622
159,5626	6,67363	157,1766	14,40103
159,5466	6,67578	157,1646	14,39583
159,5346	6,67787	157,1526	14,39063
159,5226	6,67753	157,1366	14,38545
159,5096	6,67966	157,1246	14,38027
159,4946	6,68243	157,1116	14,37509
159,4816	6,68662	157,0966	14,36989
159,4696	6,68742	157,0836	14,36471
159,4536	6,68814	157,0716	14,35955
159,4416	6,6872	157,0586	14,35439
159,4286	6,6898	157,0436	14,34922
159,4166	6,68743	157,0316	14,34405
159,4036	6,6866	157,0186	14,33887
159,3886	6,6864	157,0036	14,33367
159,3766	6,68818	156,9906	14,32845
159,3606	6,68742	156,9786	14,32324
159,3486	6,68867	156,9626	14,31805
159,3326	6,69165	156,9506	14,31286
159,3206	6,69604	156,9376	14,30768
159,3076	6,69853	156,9256	14,30251
159,2956	6,69817	156,9096	14,29735
159,2826	6,70292	156,8976	14,29219
159,2676	6,70375	156,8816	14,28705
159,2546	6,70586	156,8696	14,28191
159,2396	6,70839	156,8576	14,27679
159,2266	6,70974	156,8446	14,27166
159,2146	6,71194	156,8326	14,26651
159,1996	6,71084	156,8166	14,26139
159,1896	6,71035	156,8046	14,25627
159,1746	6,7109	156,7916	14,25114
159,1616	6,71502	156,7796	14,246
159,1496	6,71526	156,7636	14,24086
159,1366	6,71777	156,7516	14,23571
159,1216	6,71555	156,7396	14,23057
159,1086	6,71945	156,7236	14,22543
159,0966	6,72048	156,7116	14,2203
159,0846	6,72095	156,6986	14,21517
159,0686	6,72649	156,6866	14,21004
159,0566	6,72933	156,6736	14,20492
159,0436	6,73051	156,6586	14,19982
159,0316	6,73136	156,6456	14,19473
159,0156	6,73152	156,6336	14,18965
158,9906	6,73155	156,6216	14,18456
158,9786	6,73439	156,6086	14,17948
158,9626	6,73456	156,5966	14,17441
158,9506	6,73671	156,5806	14,16935
158,9386	6,73895	156,5686	14,16431
158,9256	6,73808	156,5556	14,15929
158,9106	6,73791	156,5436	14,15429
158,8976	6,74034	156,5276	14,14929
158,8856	6,74597	156,5156	14,14429
158,8726	6,74607	156,5026	14,1393
158,8606	6,74884	156,4906	14,13435
158,8446	6,7495	156,4786	14,12941
158,8326	6,75394	156,4626	14,12447
158,8206	6,75524	156,4506	14,11952
158,8076	6,75501	156,4376	14,11456
158,7956	6,75683	156,4256	14,10961
158,7796	6,75487	156,3976	14,10465
158,7676	6,76494	156,3846	14,0997
158,7546	6,75556	156,3696	14,09477
158,7426	6,75512	156,3566	14,08986
158,7266	6,75436	156,3446	14,08494
158,7146	6,77058	156,3326	14,08002
158,7026	6,76614	156,3166	14,07511
158,6896	6,76595	156,3046	14,0702
158,6776	6,76568	156,2916	14,06531
158,6616	6,77004	156,2766	14,06043
158,6496	6,77051	156,2636	14,05557
158,6366	6,775	156,2516	14,05071
158,6246	6,7723	156,2386	14,04587
158,6086	6,77386	156,2236	14,04103
158,5966	6,77576	156,2116	14,03619
158,5836	6,77418	156,1986	14,03135
158,5686	6,77615	156,1866	14,02652
158,5566	6,77478	156,1706	14,02168
158,5436	6,78067	156,1586	14,01685
158,5316	6,77544	156,1456	14,01204
158,5156	6,78359	156,1306	14,00725
158,5036	6,77966	156,1176	14,00249
158,4906	6,78602	156,1056	13,99773
158,4756	6,78527	156,0896	13,99297
158,4626	6,79304	156,0776	13,9882
158,4506	6,79439	156,0656	13,98345
158,4346	6,79532	156,0526	13,97871
158,4226	6,78992	156,0376	13,97397
158,4106	6,79197	156,0246	13,96923
158,3976	6,78809	156,0126	13,96449
158,3826	6,79393	155,9996	13,95975
158,3696	6,79426	155,9846	13,955
158,3576	6,79407	155,9716	13,95027
158,3446	6,79736	155,9596	13,94555
158,3326	6,79614	155,9476	13,94084
158,3076	6,80172	155,9316	13,93613
158,2926	6,8036	155,9196	13,93142
158,2796	6,80534	155,9066	13,92674
158,2676	6,80546	155,8946	13,92207
158,2546	6,80816	155,8786	13,91742
158,2396	6,8093	155,8666	13,91278
158,2266	6,81043	155,8536	13,90814
158,2146	6,81084	155,8416	13,9035
158,1986	6,81271	155,8256	13,89887
158,1866	6,81396	155,8136	13,89424
158,1746	6,81349	155,8016	13,88961
158,1586	6,80933	155,7886	13,88501
158,1466	6,81539	155,7736	13,88044
158,1306	6,81811	155,7606	13,87589
158,1186	6,81583	155,7486	13,87134
158,1056	6,82039	155,7326	13,8668
158,0936	6,8194	155,7206	13,86227
158,0806	6,82268	155,7076	13,85774
158,0656	6,82134	155,6956	13,85322
158,0526	6,82657	155,6796	13,84869
158,0406	6,82575	155,6676	13,84416
158,0246	6,83222	155,6556	13,83961
158,0126	6,83025	155,6426	13,83504
158,0006	6,8312	155,6306	13,83046
157,9876	6,83168	155,6146	13,82586
157,9756	6,82738	155,6026	13,82129
157,9596	6,83292	155,5896	13,81673
157,9476	6,82963	155,5776	13,8122
157,9346	6,83426	155,5616	13,80768
157,9226	6,83227	155,5496	13,80316
157,9096	6,83296	155,5376	13,79866
157,8946	6,83664	155,5216	13,79416
157,8826	6,83872	155,5096	13,78968
157,8696	6,84186	155,4966	13,78522
157,8546	6,84438	155,4716	13,78076
157,8416	6,84392	155,4566	13,77633
157,8296	6,84774	155,4436	13,77192
157,8166	6,84619	155,4316	13,7675
157,8046	6,84661	155,4186	13,76307
157,7886	6,84736	155,4066	13,75866
157,7766	6,84157	155,3946	13,75425
157,7646	6,84243	155,3816	13,74985
157,7516	6,84548	155,3696	13,74546
157,7396	6,85056	155,3566	13,74107
157,7236	6,85303	155,3446	13,73668
157,7116	6,85556	155,3356	13,73231
157,6986	6,85809	155,3226	13,72795
157,6866	6,85959	155,2976	13,7236
157,6736	6,86245	155,2856	13,71922
157,6586	6,8637	155,2726	13,71484
157,6456	6,86139	155,2576	13,7105
157,6306	6,86578	155,2456	13,70616
157,6186	6,8638	155,2296	13,70183
157,6056	6,86574	155,2176	13,69752
157,5936	6,86746	155,2046	13,69322
157,5776	6,86744	155,1926	13,68892
157,5656	6,86957	155,1766	13,68462
157,5526	6,86935	155,1646	13,68032
157,5406	6,87208	155,1516	13,67604
157,5126	6,87403	155,1396	13,67176
157,5006	6,87425	155,1276	13,66748
157,4846	6,87748	155,1116	13,66321
157,4726	6,88154	155,0996	13,65894
157,4596	6,88164	155,0836	13,65467
157,4476	6,88256	155,0716	13,65042
157,4346	6,88485	155,0586	13,64618
157,4226	6,88661	155,0466	13,64193
157,4066	6,88736	155,0306	13,6377
157,3946	6,88901	155,0186	13,63347
157,3816	6,88765	155,0056	13,62925
157,3696	6,88985	154,9906	13,62503
157,3576	6,8901	154,9776	13,62081
157,3446	6,89077	154,9656	13,61661
157,3296	6,89166	154,9496	13,61241
157,3166	6,89314	154,9376	13,60822
157,3046	6,89561	154,9256	13,60403
157,2916	6,89568	154,9126	13,59985
157,2796	6,90002	154,8976	13,59568
157,2676	6,90312	154,8846	13,5915
157,2546	6,90099	154,8726	13,58734
157,2426	6,90347	154,8596	13,58322
157,2296	6,90451	154,8476	13,57912
157,2176	6,903	154,8356	13,57502
157,1896	6,90436	154,8196	13,57092
157,1766	6,9022	154,8076	13,56683
157,1646	6,90345	154,7946	13,56273
157,1526	6,90195	154,7796	13,55863
157,1366	6,90542	154,7666	13,55452
157,1246	6,90678	154,7546	13,55042
157,1116	6,9083	154,7416	13,54631
157,0966	6,91178	154,7266	13,54218
157,0836	6,91514	154,7136	13,53808
157,0716	6,92	154,7016	13,534
157,0586	6,91974	154,6896	13,52991
157,0436	6,92533	154,6766	13,52582
157,0316	6,92339	154,6616	13,52172
157,0186	6,92652	154,6486	13,5176
157,0036	6,9297	154,6366	13,51348
156,9906	6,92782	154,6236	13,50936
156,9786	6,92838	154,5956	13,50523
156,9626	6,92725	154,5836	13,50111
156,9506	6,92772	154,5716	13,49701
156,9376	6,92982	154,5586	13,49291
156,9256	6,93104	154,5466	13,48881
156,9096	6,93359	154,5336	13,48472
156,8976	6,9355	154,5216	13,48062
156,8816	6,93897	154,5086	13,47649
156,8696	6,94077	154,4966	13,47237
156,8576	6,94187	154,4846	13,46826
156,8446	6,9434	154,4716	13,46417
156,8326	6,94335	154,4596	13,46009
156,8166	6,94423	154,4466	13,456
156,8046	6,94482	154,4346	13,4519
156,7916	6,94565	154,4096	13,44781
156,7796	6,94552	154,3936	13,44373
156,7636	6,94736	154,3816	13,43966
156,7516	6,95095	154,3696	13,4356
156,7396	6,94875	154,3566	13,43155
156,7236	6,95065	154,3476	13,4275
156,7116	6,95348	154,3316	13,42345
156,6986	6,9557	154,3226	13,4194
156,6866	6,95971	154,3076	13,41536
156,6736	6,96282	154,2946	13,41134
156,6586	6,96384	154,2826	13,40732
156,6456	6,96718	154,2696	13,40331
156,6336	6,964	154,2606	13,39928
156,6216	6,96722	154,2486	13,39527
156,6086	6,96927	154,2236	13,39126
156,5966	6,96685	154,2076	13,38724
156,5806	6,96856	154,1956	13,38322
156,5686	6,97188	154,1826	13,37921
156,5556	6,97211	154,1706	13,37519
156,5436	6,96839	154,1546	13,37118
156,5276	6,974	154,1426	13,3672
156,5156	6,97755	154,1296	13,36322
156,5026	6,97704	154,1176	13,35926
156,4906	6,9807	154,1026	13,3553
156,4786	6,98432	154,0896	13,35134
156,4626	6,98427	154,0776	13,34738
156,4506	6,98656	154,0616	13,34341
156,4376	6,98548	154,0496	13,33945
156,4256	6,98827	154,0366	13,33549
156,3976	6,99056	154,0246	13,33154
156,3846	6,99256	154,0086	13,32759
156,3696	6,99206	153,9966	13,32364
156,3566	6,99136	153,9846	13,31968
156,3446	6,99184	153,9686	13,31574
156,3326	6,99373	153,9566	13,3118
156,3166	6,99735	153,9436	13,30788
156,3046	6,99938	153,9286	13,30395
156,2916	7,00327	153,9156	13,30003
156,2766	7,00734	153,9036	13,2961
156,2636	7,00417	153,8906	13,29218
156,2516	7,00639	153,8756	13,28826
156,2386	7,00517	153,8626	13,28434
156,2236	7,00865	153,8506	13,28044
156,2116	7,00903	153,8386	13,27654
156,1986	7,0094	153,8226	13,27264
156,1866	7,01077	153,8106	13,26874
156,1706	7,00832	153,7976	13,26481
156,1586	7,00942	153,7856	13,26084
156,1456	7,00971	153,7726	13,25686
156,1306	7,01475	153,7576	13,25288
156,1176	7,01637	153,7446	13,24892
156,1056	7,01976	153,7326	13,24498
156,0896	7,0185	153,7206	13,24106
156,0776	7,02427	153,7076	13,23713
156,0656	7,0244	153,6926	13,2332
156,0526	7,02604	153,6796	13,22929
156,0376	7,02697	153,6676	13,2254
156,0246	7,02939	153,6546	13,2215
156,0126	7,02596	153,6426	13,21762
155,9996	7,02717	153,6266	13,21377
155,9846	7,02508	153,6146	13,20993
155,9716	7,02818	153,6016	13,20607
155,9596	7,0295	153,5896	13,20221
155,9476	7,03107	153,5616	13,19835
155,9316	7,03355	153,5496	13,19449
155,9196	7,03619	153,5366	13,19063
155,9066	7,04017	153,5246	13,18679
155,8946	7,03884	153,5116	13,18294
155,8786	7,04569	153,4966	13,17908
155,8666	7,04241	153,4836	13,17522
155,8536	7,04983	153,4716	13,17137
155,8416	7,0512	153,4596	13,16754
155,8256	7,0513	153,4436	13,16368
155,8136	7,05164	153,4316	13,15983
155,8016	7,05382	153,4186	13,15597
155,7886	7,052	153,4066	13,1521
155,7736	7,05324	153,3906	13,14825
155,7606	7,0548	153,3786	13,1444
155,7486	7,05378	153,3656	13,14055
155,7326	7,0567	153,3536	13,1367
155,7206	7,0584	153,3416	13,13287
155,7076	7,06116	153,3256	13,12903
155,6956	7,06263	153,3136	13,12518
155,6796	7,06669	153,3006	13,12135
155,6676	7,06738	153,2856	13,11752
155,6556	7,06864	153,2726	13,1137
155,6426	7,06648	153,2606	13,10988
155,6306	7,06716	153,2476	13,10606
155,6146	7,06675	153,2356	13,10225
155,6026	7,0668	153,2196	13,09843
155,5896	7,0662	153,2076	13,09461
155,5776	7,06757	153,1956	13,09079
155,5616	7,06764	153,1796	13,08696
155,5496	7,0718	153,1676	13,08313
155,5376	7,07326	153,1546	13,07929
155,5216	7,07683	153,1396	13,07547
155,5096	7,07662	153,1266	13,07164
155,4966	7,08412	153,1146	13,06783
155,4716	7,08209	153,0986	13,06402
155,4566	7,08716	153,0866	13,0602
155,4436	7,08423	153,0706	13,05636
155,4316	7,08912	153,0586	13,05252
155,4186	7,08529	153,0466	13,04867
155,4066	7,08817	153,0306	13,04482
155,3946	7,08827	153,0186	13,04095
155,3816	7,08728	153,0056	13,03709
155,3696	7,09042	152,9936	13,03324
155,3566	7,09028	152,9776	13,02938
155,3446	7,09721	152,9656	13,02553
155,3356	7,09352	152,9526	13,02168
155,3226	7,09587	152,9376	13,01784
155,2976	7,10027	152,9246	13,01404
155,2856	7,09872	152,9126	13,01024
155,2726	7,10354	152,9006	13,00644
155,2576	7,10056	152,8846	13,00264
155,2456	7,10429	152,8726	12,99885
155,2296	7,10309	152,8596	12,99507
155,2176	7,10263	152,8446	12,99129
155,2046	7,10333	152,8316	12,98752
155,1926	7,1025	152,8196	12,98375
155,1766	7,09942	152,8066	12,97997
155,1646	7,10111	152,7946	12,97617
155,1516	7,1023	152,7816	12,97238
155,1396	7,10416	152,7696	12,96859
155,1276	7,10727	152,7546	12,9648
155,1116	7,11131	152,7416	12,96102
155,0996	7,11471	152,7296	12,95724
155,0836	7,11653	152,7166	12,95345
155,0716	7,11879	152,7016	12,94967
155,0586	7,11842	152,6886	12,94592
155,0466	7,11942	152,6606	12,94216
155,0306	7,12037	152,6486	12,93842
155,0186	7,12291	152,6366	12,93471
155,0056	7,1248	152,6236	12,93098
154,9906	7,12363	152,6116	12,92725
154,9776	7,12541	152,5956	12,9235
154,9656	7,12556	152,5836	12,91975
154,9496	7,12731	152,5706	12,91601
154,9376	7,12971	152,5586	12,91225
154,9256	7,13079	152,5456	12,90851
154,9126	7,13273	152,5336	12,90476
154,8976	7,13774	152,5176	12,901
154,8846	7,13824	152,5056	12,89725
154,8726	7,13949	152,4936	12,89349
154,8596	7,13979	152,4806	12,88974
154,8476	7,13996	152,4686	12,88601
154,8356	7,14207	152,4526	12,88226
154,8196	7,13945	152,4406	12,87851
154,8076	7,14145	152,4276	12,87476
154,7946	7,13756	152,4156	12,87102
154,7796	7,14095	152,4036	12,86729
154,7666	7,144	152,3906	12,86355
154,7546	7,14606	152,3786	12,8598
154,7416	7,14778	152,3626	12,85605
154,7266	7,14971	152,3506	12,8523
154,7136	7,15001	152,3376	12,84855
154,7016	7,15335	152,3256	12,8448
154,6896	7,15682	152,3096	12,84102
154,6766	7,16007	152,2976	12,83724
154,6616	7,1621	152,2856	12,83348
154,6486	7,16324	152,2726	12,82973
154,6366	7,16159	152,2576	12,82598
154,6236	7,16438	152,2446	12,82223
154,5956	7,16238	152,2326	12,81848
154,5836	7,16466	152,2166	12,81473
154,5716	7,16445	152,2046	12,81099
154,5586	7,16798	152,1796	12,80726
154,5466	7,16416	152,1636	12,8035
154,5336	7,16929	152,1516	12,79973
154,5216	7,16911	152,1396	12,79598
154,5086	7,17044	152,1236	12,79224
154,4966	7,17268	152,1116	12,78849
154,4846	7,17391	152,0986	12,78474
154,4716	7,17498	152,0866	12,781
154,4596	7,17609	152,0736	12,77726
154,4466	7,17649	152,0616	12,77352
154,4346	7,17656	152,0456	12,76978
154,4096	7,17441	152,0336	12,76605
154,3936	7,17747	152,0216	12,76235
154,3816	7,17661	152,0086	12,75862
154,3696	7,17667	151,9966	12,75487
154,3566	7,17787	151,9806	12,75113
154,3476	7,17728	151,9686	12,74738
154,3316	7,17877	151,9556	12,74365
154,3226	7,18402	151,9406	12,73995
154,3076	7,18348	151,9276	12,73625
154,2946	7,18987	151,9156	12,73255
154,2826	7,18938	151,9036	12,72884
154,2696	7,19096	151,8906	12,72513
154,2606	7,1911	151,8756	12,72141
154,2486	7,19502	151,8626	12,71769
154,2236	7,19453	151,8506	12,71397
154,2076	7,19416	151,8376	12,71024
154,1956	7,19483	151,8256	12,70654
154,1826	7,19379	151,8126	12,70285
154,1706	7,19356	151,8006	12,69914
154,1546	7,19512	151,7846	12,6954
154,1426	7,19322	151,7726	12,69166
154,1296	7,19561	151,7606	12,68792
154,1176	7,198	151,7476	12,68418
154,1026	7,20045	151,7356	12,68046
154,0896	7,19971	151,7076	12,67674
154,0776	7,20446	151,6946	12,67302
154,0616	7,20571	151,6826	12,66928
154,0496	7,20534	151,6706	12,66554
154,0366	7,20653	151,6576	12,6618
154,0246	7,2047	151,6426	12,65805
154,0086	7,20633	151,6296	12,65431
153,9966	7,20993	151,6176	12,65058
153,9846	7,21116	151,6046	12,64684
153,9686	7,21331	151,5926	12,64309
153,9566	7,21156	151,5796	12,63934
153,9436	7,21029	151,5646	12,63561
153,9286	7,21604	151,5526	12,63188
153,9156	7,21712	151,5396	12,62813
153,9036	7,21867	151,5276	12,62438
153,8906	7,22573	151,5146	12,62064
153,8756	7,22548	151,5026	12,61691
153,8626	7,22519	151,4866	12,61317
153,8506	7,22071	151,4746	12,60941
153,8386	7,22946	151,4616	12,60564
153,8226	7,22583	151,4466	12,60189
153,8106	7,22702	151,4336	12,59815
153,7976	7,23279	151,4216	12,59438
153,7856	7,22711	151,4096	12,59061
153,7726	7,22893	151,3966	12,58684
153,7576	7,22983	151,3846	12,58307
153,7446	7,23503	151,3686	12,57928
153,7326	7,23374	151,3566	12,57551
153,7206	7,23558	151,3436	12,57173
153,7076	7,24148	151,3316	12,56795
153,6926	7,24108	151,3196	12,56416
153,6796	7,24348	151,2916	12,56037
153,6676	7,24467	151,2786	12,55657
153,6546	7,2458	151,2666	12,55277
153,6426	7,24633	151,2536	12,54895
153,6266	7,25125	151,2416	12,5451
153,6146	7,24639	151,2296	12,54124
153,6016	7,2493	151,2166	12,53739
153,5896	7,24987	151,2046	12,53355
153,5616	7,25735	151,1916	12,52971
153,5496	7,25121	151,1796	12,52586
153,5366	7,2551	151,1666	12,52201
153,5246	7,26162	151,1546	12,51814
153,5116	7,26491	151,1296	12,51429
153,4966	7,26207	151,1176	12,51042
153,4836	7,26396	151,1046	12,50656
153,4716	7,26752	151,0926	12,50271
153,4596	7,26941	151,0796	12,49886
153,4436	7,2677	151,0676	12,49503
153,4316	7,26621	151,0516	12,49118
153,4186	7,26858	151,0396	12,48731
153,4066	7,26498	151,0276	12,48345
153,3906	7,2671	151,0146	12,47962
153,3786	7,26643	150,9996	12,4758
153,3656	7,26598	150,9866	12,47198
153,3536	7,26805	150,9746	12,46814
153,3416	7,26726	150,9616	12,46429
153,3256	7,26887	150,9496	12,46045
153,3136	7,27216	150,9376	12,45661
153,3006	7,27344	150,9246	12,45274
153,2856	7,27468	150,9096	12,44886
153,2726	7,27735	150,8966	12,44499
153,2606	7,28049	150,8846	12,4411
153,2476	7,28247	150,8716	12,43722
153,2356	7,28182	150,8596	12,43333
153,2196	7,2848	150,8436	12,42943
153,2076	7,28548	150,8316	12,42552
153,1956	7,28473	150,8196	12,42162
153,1796	7,28511	150,8066	12,41772
153,1676	7,28482	150,7946	12,41383
153,1546	7,28634	150,7666	12,40992
153,1396	7,28953	150,7536	12,40601
153,1266	7,29113	150,7416	12,4021
153,1146	7,29393	150,7286	12,39819
153,0986	7,29565	150,7166	12,39429
153,0866	7,29729	150,7046	12,39038
153,0706	7,29924	150,6886	12,38647
153,0586	7,29982	150,6766	12,38256
153,0466	7,30161	150,6636	12,37865
153,0306	7,3038	150,6516	12,37474
153,0186	7,30045	150,6386	12,37081
153,0056	7,30253	150,6266	12,36689
152,9936	7,29986	150,6146	12,36297
152,9776	7,3029	150,5986	12,35905
152,9656	7,30294	150,5866	12,35513
152,9526	7,30603	150,5736	12,3512
152,9376	7,30768	150,5616	12,34728
152,9246	7,30895	150,5486	12,34336
152,9126	7,31554	150,5336	12,33942
152,9006	7,31641	150,5206	12,33548
152,8846	7,31755	150,5086	12,33153
152,8726	7,32054	150,4956	12,32758
152,8596	7,31908	150,4836	12,32363
152,8446	7,32082	150,4716	12,31967
152,8316	7,32055	150,4586	12,31572
152,8196	7,31899	150,4436	12,31175
152,8066	7,32263	150,4306	12,30779
152,7946	7,32099	150,4186	12,30382
152,7816	7,32403	150,3906	12,29984
152,7696	7,32366	150,3776	12,29587
152,7546	7,3256	150,3656	12,2919
152,7416	7,32739	150,3536	12,28793
152,7296	7,32824	150,3406	12,28398
152,7166	7,33383	150,3286	12,28002
152,7016	7,33597	150,3156	12,27607
152,6886	7,33715	150,3036	12,27212
152,6606	7,33858	150,2946	12,26816
152,6486	7,33513	150,2786	12,2642
152,6366	7,33241	150,2666	12,26023
152,6236	7,33191	150,2566	12,25625
152,6116	7,33369	150,2446	12,25226
152,5956	7,3336	150,2196	12,24825
152,5836	7,33626	150,2076	12,24421
152,5706	7,33778	150,1916	12,24018
152,5586	7,34214	150,1796	12,23614
152,5456	7,34526	150,1666	12,2321
152,5336	7,34962	150,1546	12,22804
152,5176	7,35391	150,1416	12,22399
152,5056	7,35395	150,1266	12,21993
152,4936	7,35527	150,1136	12,21586
152,4806	7,35907	150,1016	12,21182
152,4686	7,35877	150,0896	12,20781
152,4526	7,35619	150,0766	12,2038
152,4406	7,3587	150,0616	12,19978
152,4276	7,35843	150,0486	12,19575
152,4156	7,35879	150,0366	12,19172
152,4036	7,35817	150,0236	12,18768
152,3906	7,35809	150,0116	12,18361
152,3786	7,36324	149,9996	12,17953
152,3626	7,36309	149,9836	12,17542
152,3506	7,36407	149,9716	12,1713
152,3376	7,36684	149,9586	12,16716
152,3256	7,36658	149,9466	12,16298
152,3096	7,37199	149,9336	12,15884
152,2976	7,37105	149,9216	12,1547
152,2856	7,37278	149,9056	12,15057
152,2726	7,37532	149,8806	12,14646
152,2576	7,37686	149,8686	12,14234
152,2446	7,37463	149,8536	12,13821
152,2326	7,37811	149,8406	12,1341
152,2166	7,37836	149,8286	12,12999
152,2046	7,37802	149,8156	12,12586
152,1796	7,37933	149,8036	12,12174
152,1636	7,37957	149,7906	12,11762
152,1516	7,38402	149,7756	12,11348
152,1396	7,38444	149,7626	12,10933
152,1236	7,38683	149,7506	12,10517
152,1116	7,38976	149,7386	12,10101
152,0986	7,39134	149,7256	12,09687
152,0866	7,39356	149,7136	12,09273
152,0736	7,3942	149,7006	12,08858
152,0616	7,3937	149,6856	12,08442
152,0456	7,39529	149,6726	12,08026
152,0336	7,39686	149,6606	12,07611
152,0216	7,39563	149,6486	12,07195
152,0086	7,39651	149,6356	12,06779
151,9966	7,39634	149,6236	12,06364
151,9806	7,39759	149,6076	12,05951
151,9686	7,39765	149,5956	12,05538
151,9556	7,39969	149,5826	12,05124
151,9406	7,40069	149,5706	12,0471
151,9276	7,4036	149,5546	12,04294
151,9156	7,40698	149,5426	12,03877
151,9036	7,40821	149,5306	12,03461
151,8906	7,41089	149,5176	12,03045
151,8756	7,41223	149,5056	12,02628
151,8626	7,41311	149,4776	12,02211
151,8506	7,41151	149,4646	12,01793
151,8376	7,41485	149,4496	12,01374
151,8256	7,41364	149,4366	12,00954
151,8126	7,41441	149,4246	12,00534
151,8006	7,41274	149,4116	12,00116
151,7846	7,41557	149,3996	11,99697
151,7726	7,41545	149,3876	11,99279
151,7606	7,41633	149,3746	11,98861
151,7476	7,41905	149,3596	11,98443
151,7356	7,42363	149,3466	11,98026
151,7076	7,42692	149,3346	11,97609
151,6946	7,42556	149,3216	11,97191
151,6826	7,42729	149,3096	11,96774
151,6706	7,42978	149,2936	11,96357
151,6576	7,43195	149,2816	11,9594
151,6426	7,42985	149,2696	11,95525
151,6296	7,42911	149,2566	11,95109
151,6176	7,43051	149,2446	11,94692
151,6046	7,4302	149,2316	11,94277
151,5926	7,4325	149,2166	11,93862
151,5796	7,43064	149,2036	11,93448
151,5646	7,43454	149,1886	11,93034
151,5526	7,43481	149,1756	11,92621
151,5396	7,43752	149,1636	11,92207
151,5276	7,43976	149,1516	11,91794
151,5146	7,43955	149,1386	11,9138
151,5026	7,44459	149,1266	11,90964
151,4866	7,44274	149,1106	11,90546
151,4746	7,44429	149,0986	11,90129
151,4616	7,44552	149,0826	11,89711
151,4466	7,44648	149,0706	11,89293
151,4336	7,44599	149,0576	11,88875
151,4216	7,44619	149,0426	11,88459
151,4096	7,44659	149,0296	11,88044
151,3966	7,44513	149,0176	11,8763
151,3846	7,44652	149,0016	11,87216
151,3686	7,44481	148,9896	11,86802
151,3566	7,44953	148,9776	11,86386
151,3436	7,44712	148,9646	11,8597
151,3316	7,44906	148,9496	11,85553
151,3196	7,45284	148,9366	11,85134
151,2916	7,45158	148,9216	11,84716
151,2786	7,4575	148,9086	11,84298
151,2666	7,45591	148,8966	11,83881
151,2536	7,4587	148,8836	11,83461
151,2416	7,46042	148,8686	11,83039
151,2296	7,46033	148,8566	11,82619
151,2166	7,46346	148,8436	11,82202
151,2046	7,46138	148,8316	11,81785
151,1916	7,46473	148,8186	11,81367
151,1796	7,46581	148,8066	11,80949
151,1666	7,4679	148,7906	11,80533
151,1546	7,46733	148,7656	11,80117
151,1296	7,46901	148,7536	11,79702
151,1176	7,46983	148,7416	11,79285
151,1046	7,47617	148,7256	11,78869
151,0926	7,47565	148,7136	11,78453
151,0796	7,47642	148,7006	11,78036
151,0676	7,47645	148,6886	11,77619
151,0516	7,47598	148,6726	11,77202
151,0396	7,47766	148,6606	11,76786
151,0276	7,47567	148,6476	11,7637
151,0146	7,47784	148,6356	11,75954
150,9996	7,47872	148,6236	11,75539
150,9866	7,47691	148,6106	11,75123
150,9746	7,48065	148,5956	11,74709
150,9616	7,47915	148,5826	11,74295
150,9496	7,48166	148,5706	11,73879
150,9376	7,48417	148,5576	11,73466
150,9246	7,48775	148,5426	11,73056
150,9096	7,49132	148,5296	11,72645
150,8966	7,48917	148,5176	11,72234
150,8846	7,49067	148,5056	11,71824
150,8716	7,49338	148,4926	11,71413
150,8596	7,49515	148,4806	11,71003
150,8436	7,4977	148,4676	11,70592
150,8316	7,49265	148,4526	11,70181
150,8196	7,49483	148,4396	11,69771
150,8066	7,49475	148,4276	11,6936
150,7946	7,49565	148,4146	11,6895
150,7666	7,49791	148,4026	11,6854
150,7536	7,49795	148,3876	11,6813
150,7416	7,50022	148,3746	11,67721
150,7286	7,50341	148,3496	11,67314
150,7166	7,50402	148,3376	11,66906
150,7046	7,50779	148,3216	11,66497
150,6886	7,50875	148,3096	11,66085
150,6766	7,50946	148,2966	11,65673
150,6636	7,5096	148,2816	11,65261
150,6516	7,50764	148,2686	11,64848
150,6386	7,50796	148,2566	11,64435
150,6266	7,5075	148,2446	11,64022
150,6146	7,50775	148,2316	11,6361
150,5986	7,50959	148,2196	11,63196
150,5866	7,50855	148,2066	11,62782
150,5736	7,51012	148,1916	11,62369
150,5616	7,5134	148,1786	11,6196
150,5486	7,51269	148,1666	11,6155
150,5336	7,51728	148,1546	11,61141
150,5206	7,51885	148,1416	11,60731
150,5086	7,52177	148,1296	11,60323
150,4956	7,52357	148,1166	11,59915
150,4836	7,52345	148,1016	11,59506
150,4716	7,52442	148,0886	11,59096
150,4586	7,52341	148,0766	11,58687
150,4436	7,52402	148,0636	11,58279
150,4306	7,52643	148,0516	11,5787
150,4186	7,52394	148,0396	11,57462
150,3906	7,52364	148,0236	11,57053
150,3776	7,52337	148,0116	11,56645
150,3656	7,52707	147,9986	11,56236
150,3536	7,52835	147,9836	11,55828
150,3406	7,53012	147,9706	11,55419
150,3286	7,53294	147,9586	11,55008
150,3156	7,53456	147,9456	11,54598
150,3036	7,53738	147,9176	11,54188
150,2946	7,5392	147,9056	11,53778
150,2786	7,53775	147,8936	11,53369
150,2666	7,54137	147,8806	11,52959
150,2566	7,53973	147,8686	11,5255
150,2446	7,53978	147,8556	11,5214
150,2196	7,54089	147,8436	11,51729
150,2076	7,53996	147,8316	11,5132
150,1916	7,53993	147,8186	11,5091
150,1796	7,54104	147,8066	11,50502
150,1666	7,54308	147,7936	11,50093
150,1546	7,54707	147,7816	11,49684
150,1416	7,54736	147,7686	11,49276
150,1266	7,55066	147,7566	11,48868
150,1136	7,55731	147,7316	11,4846
150,1016	7,55685	147,7196	11,48052
150,0896	7,55942	147,7036	11,47644
150,0766	7,56337	147,6916	11,47237
150,0616	7,56163	147,6786	11,4683
150,0486	7,5629	147,6666	11,46422
150,0366	7,56001	147,6536	11,46014
150,0236	7,56087	147,6386	11,45606
150,0116	7,56464	147,6266	11,45199
149,9996	7,56394	147,6136	11,44792
149,9836	7,56657	147,6016	11,44386
149,9716	7,56724	147,5886	11,4398
149,9586	7,56782	147,5766	11,43574
149,9466	7,5726	147,5606	11,43169
149,9336	7,57487	147,5486	11,42766
149,9216	7,57757	147,5356	11,42362
149,9056	7,57688	147,5236	11,41958
149,8806	7,57852	147,5116	11,41555
149,8686	7,58087	147,4956	11,41151
149,8536	7,5801	147,4836	11,40746
149,8406	7,58256	147,4706	11,40342
149,8286	7,58292	147,4586	11,39939
149,8156	7,58216	147,4426	11,39535
149,8036	7,58295	147,4306	11,39129
149,7906	7,58282	147,4176	11,38725
149,7756	7,58485	147,4056	11,38319
149,7626	7,58866	147,3896	11,3791
149,7506	7,58639	147,3776	11,37501
149,7386	7,59333	147,3656	11,37093
149,7256	7,59533	147,3526	11,36684
149,7136	7,59763	147,3406	11,36276
149,7006	7,59671	147,3246	11,35869
149,6856	7,59916	147,3126	11,35464
149,6726	7,59837	147,2996	11,35061
149,6606	7,60025	147,2716	11,34661
149,6486	7,59994	147,2596	11,34261
149,6356	7,60399	147,2476	11,33861
149,6236	7,60172	147,2346	11,33463
149,6076	7,60128	147,2226	11,33064
149,5956	7,60311	147,2066	11,32664
149,5826	7,60526	147,1946	11,32263
149,5706	7,60845	147,1816	11,31862
149,5546	7,60967	147,1666	11,31461
149,5426	7,61061	147,1536	11,3106
149,5306	7,6139	147,1416	11,30658
149,5176	7,61635	147,1296	11,30257
149,5056	7,61683	147,1136	11,29855
149,4776	7,61789	147,1016	11,29454
149,4646	7,61962	147,0886	11,29052
149,4496	7,61805	147,0766	11,28651
149,4366	7,61889	147,0606	11,2825
149,4246	7,61643	147,0486	11,2785
149,4116	7,61942	147,0356	11,27449
149,3996	7,62142	147,0236	11,27047
149,3876	7,61987	147,0116	11,26644
149,3746	7,62159	146,9986	11,26241
149,3596	7,62069	146,9866	11,25839
149,3466	7,62249	146,9706	11,25437
149,3346	7,62599	146,9586	11,25034
149,3216	7,62812	146,9456	11,2463
149,3096	7,63047	146,9336	11,24228
149,2936	7,63284	146,9176	11,23824
149,2816	7,63382	146,9056	11,2342
149,2696	7,63453	146,8936	11,23016
149,2566	7,63303	146,8806	11,22612
149,2446	7,63383	146,8686	11,22208
149,2316	7,63681	146,8526	11,21804
149,2166	7,63643	146,8406	11,214
149,2036	7,63695	146,8246	11,20997
149,1886	7,63802	146,8126	11,20594
149,1756	7,63908	146,7996	11,20194
149,1636	7,64004	146,7876	11,19794
149,1516	7,64139	146,7716	11,19392
149,1386	7,64543	146,7596	11,18991
149,1266	7,64673	146,7476	11,18589
149,1106	7,64686	146,7316	11,18186
149,0986	7,64881	146,7196	11,17782
149,0826	7,64968	146,7066	11,17378
149,0706	7,64994	146,6946	11,16973
149,0576	7,64957	146,6816	11,16569
149,0426	7,65031	146,6696	11,16166
149,0296	7,65039	146,6536	11,15761
149,0176	7,65192	146,6416	11,15355
149,0016	7,65234	146,6296	11,1495
148,9896	7,65222	146,6136	11,14544
148,9776	7,65526	146,6016	11,14139
148,9646	7,65784	146,5766	11,13733
148,9496	7,65994	146,5606	11,13328
148,9366	7,66139	146,5486	11,12923
148,9216	7,66202	146,5356	11,12517
148,9086	7,66437	146,5236	11,1211
148,8966	7,66585	146,5106	11,11703
148,8836	7,66628	146,4986	11,11296
148,8686	7,66458	146,4866	11,10891
148,8566	7,66499	146,4736	11,10485
148,8436	7,66626	146,4616	11,1008
148,8316	7,6669	146,4486	11,09674
148,8186	7,66944	146,4366	11,09267
148,8066	7,6675	146,4246	11,08861
148,7906	7,66964	146,4116	11,08456
148,7656	7,6718	146,3996	11,0805
148,7536	7,67428	146,3866	11,07644
148,7416	7,67577	146,3616	11,07239
148,7256	7,67803	146,3496	11,06833
148,7136	7,67891	146,3336	11,06427
148,7006	7,67919	146,3216	11,06021
148,6886	7,68161	146,3096	11,05614
148,6726	7,68128	146,2966	11,05206
148,6606	7,68291	146,2816	11,04796
148,6476	7,68359	146,2686	11,04388
148,6356	7,67886	146,2566	11,03981
148,6236	7,6815	146,2406	11,03575
148,6106	7,68255	146,2286	11,0317
148,5956	7,68181	146,2156	11,02763
148,5826	7,68276	146,2036	11,02357
148,5706	7,68299	146,1876	11,01951
148,5576	7,68811	146,1756	11,01549
148,5426	7,68898	146,1636	11,01148
148,5296	7,69022	146,1506	11,00746
148,5176	7,69324	146,1356	11,0034
148,5056	7,69569	146,1226	10,99935
148,4926	7,69679	146,1106	10,9953
148,4806	7,69693	146,0976	10,99125
148,4676	7,69711	146,0856	10,98719
148,4526	7,69793	146,0696	10,98312
148,4396	7,69801	146,0576	10,97906
148,4276	7,69745	146,0456	10,975
148,4146	7,69968	146,0326	10,97093
148,4026	7,69913	146,0176	10,96686
148,3876	7,70044	146,0046	10,96281
148,3746	7,70417	145,9926	10,95877
148,3496	7,7064	145,9766	10,95472
148,3376	7,7088	145,9646	10,95067
148,3216	7,71158	145,9516	10,94663
148,3096	7,7132	145,9396	10,94258
148,2966	7,71566	145,9236	10,93853
148,2816	7,7147	145,9116	10,93451
148,2686	7,71187	145,8996	10,9305
148,2566	7,7148	145,8866	10,92646
148,2446	7,71324	145,8746	10,92241
148,2316	7,71357	145,8616	10,91835
148,2196	7,71334	145,8466	10,91428
148,2066	7,71461	145,8336	10,91022
148,1916	7,71442	145,8216	10,90615
148,1786	7,71456	145,8056	10,90208
148,1666	7,71698	145,7936	10,89799
148,1546	7,71825	145,7816	10,89391
148,1416	7,7221	145,7686	10,88984
148,1296	7,72262	145,7566	10,88578
148,1166	7,72524	145,7406	10,88171
148,1016	7,72617	145,7286	10,87764
148,0886	7,72575	145,7006	10,87357
148,0766	7,72629	145,6876	10,86949
148,0636	7,729	145,6756	10,86542
148,0516	7,72797	145,6636	10,86134
148,0396	7,72805	145,6506	10,85726
148,0236	7,72971	145,6386	10,85319
148,0116	7,72955	145,6256	10,84911
147,9986	7,73306	145,6136	10,84503
147,9836	7,73131	145,6046	10,84095
147,9706	7,73451	145,5886	10,83685
147,9586	7,73654	145,5766	10,83276
147,9456	7,74057	145,5636	10,82866
147,9176	7,74261	145,5516	10,82456
147,9056	7,7438	145,5386	10,82046
147,8936	7,7448	145,5136	10,81637
147,8806	7,7451	145,5016	10,81229
147,8686	7,74634	145,4896	10,80817
147,8556	7,74611	145,4766	10,80404
147,8436	7,74637	145,4646	10,79992
147,8316	7,74526	145,4516	10,79581
147,8186	7,74604	145,4366	10,79168
147,8066	7,74722	145,4236	10,78755
147,7936	7,74959	145,4116	10,78341
147,7816	7,75161	145,3996	10,77929
147,7686	7,75311	145,3866	10,77519
147,7566	7,75525	145,3716	10,77108
147,7316	7,75815	145,3586	10,76697
147,7196	7,75993	145,3466	10,76286
147,7036	7,76045	145,3336	10,75874
147,6916	7,76074	145,3186	10,75463
147,6786	7,76266	145,3056	10,75053
147,6666	7,76438	145,2936	10,74642
147,6536	7,76313	145,2816	10,7423
147,6386	7,76427	145,2686	10,7382
147,6266	7,76285	145,2536	10,73409
147,6136	7,76492	145,2406	10,72999
147,6016	7,76418	145,2286	10,7259
147,5886	7,76685	145,2126	10,7218
147,5766	7,76826	145,2006	10,7177
147,5606	7,77058	145,1876	10,7136
147,5486	7,77334	145,1756	10,7095
147,5356	7,77592	145,1596	10,70541
147,5236	7,77384	145,1476	10,70132
147,5116	7,77698	145,1356	10,69724
147,4956	7,77807	145,1196	10,69316
147,4836	7,77889	145,1076	10,68907
147,4706	7,77767	145,0946	10,68498
147,4586	7,77632	145,0826	10,68089
147,4426	7,77799	145,0696	10,6768
147,4306	7,77944	145,0546	10,67272
147,4176	7,77814	145,0416	10,66863
147,4056	7,78205	145,0296	10,66455
147,3896	7,78136	145,0136	10,66049
147,3776	7,7835	145,0016	10,65643
147,3656	7,78805	144,9766	10,65236
147,3526	7,78849	144,9646	10,64828
147,3406	7,79154	144,9486	10,64419
147,3246	7,79184	144,9366	10,64009
147,3126	7,79306	144,9206	10,636
147,2996	7,79442	144,9086	10,63188
147,2716	7,79485	144,8956	10,62776
147,2596	7,79413	144,8836	10,62364
147,2476	7,79583	144,8716	10,6195
147,2346	7,79369	144,8586	10,61535
147,2226	7,79686	144,8466	10,61121
147,2066	7,79421	144,8336	10,60708
147,1946	7,79514	144,8216	10,60296
147,1816	7,8001	144,8086	10,59883
147,1666	7,79968	144,7966	10,59472
147,1536	7,8019	144,7846	10,59062
147,1416	7,80664	144,7716	10,5865
147,1296	7,80874	144,7596	10,58239
147,1136	7,81032	144,7466	10,57829
147,1016	7,81112	144,7216	10,57419
147,0886	7,81228	144,7066	10,57008
147,0766	7,81158	144,6936	10,56597
147,0606	7,8146	144,6816	10,56187
147,0486	7,8153	144,6696	10,55778
147,0356	7,81314	144,6566	10,55368
147,0236	7,81341	144,6446	10,54959
147,0116	7,8142	144,6316	10,54549
146,9986	7,81895	144,6196	10,54139
146,9866	7,8176	144,6106	10,53729
146,9706	7,81966	144,5946	10,53317
146,9586	7,82159	144,5856	10,52904
146,9456	7,82379	144,5696	10,52491
146,9336	7,82799	144,5576	10,5208
146,9176	7,82799	144,5446	10,51668
146,9056	7,83122	144,5206	10,51256
146,8936	7,82961	144,5076	10,50847
146,8806	7,82921	144,4956	10,50439
146,8686	7,82924	144,4826	10,50031
146,8526	7,83102	144,4706	10,49624
146,8406	7,83273	144,4546	10,49217
146,8246	7,83544	144,4426	10,4881
146,8126	7,83413	144,4296	10,48403
146,7996	7,83568	144,4176	10,47996
146,7876	7,83873	144,4056	10,47589
146,7716	7,84286	144,3926	10,47184
146,7596	7,84175	144,3806	10,46778
146,7476	7,84637	144,3676	10,46372
146,7316	7,84683	144,3526	10,45966
146,7196	7,84774	144,3396	10,45561
146,7066	7,84642	144,3306	10,45156
146,6946	7,84996	144,3156	10,44751
146,6816	7,85217	144,3026	10,44347
146,6696	7,84743	144,2906	10,43943
146,6536	7,85374	144,2776	10,43538
146,6416	7,85058	144,2626	10,43134
146,6296	7,8479	144,2496	10,42729
146,6136	7,84975	144,2216	10,42325
146,6016	7,85127	144,2126	10,41921
146,5766	7,85606	144,2006	10,41517
146,5606	7,85983	144,1876	10,41114
146,5486	7,86011	144,1756	10,4071
146,5356	7,8636	144,1626	10,40306
146,5236	7,86117	144,1506	10,39903
146,5106	7,86942	144,1386	10,39499
146,4986	7,86759	144,1256	10,39095
146,4866	7,86999	144,1136	10,38692
146,4736	7,86578	144,1006	10,38288
146,4616	7,86938	144,0886	10,37884
146,4486	7,86807	144,0756	10,37482
146,4366	7,87134	144,0516	10,37081
146,4246	7,87026	144,0356	10,3668
146,4116	7,87147	144,0236	10,36279
146,3996	7,8726	144,0106	10,35878
146,3866	7,87308	143,9986	10,35477
146,3616	7,87635	143,9826	10,35078
146,3496	7,87482	143,9706	10,34678
146,3336	7,88254	143,9576	10,34278
146,3216	7,88353	143,9456	10,33878
146,3096	7,88336	143,9296	10,33478
146,2966	7,88948	143,9176	10,33079
146,2816	7,88455	143,9056	10,32681
146,2686	7,8875	143,8896	10,32282
146,2566	7,88241	143,8776	10,31882
146,2406	7,88349	143,8646	10,31483
146,2286	7,88831	143,8496	10,31083
146,2156	7,88355	143,8366	10,30683
146,2036	7,88431	143,8246	10,30285
146,1876	7,88399	143,8086	10,29888
146,1756	7,88584	143,7966	10,29491
146,1636	7,88885	143,7836	10,29093
146,1506	7,90093	143,7716	10,28694
146,1356	7,89799	143,7596	10,28296
146,1226	7,90324	143,7436	10,27898
146,1106	7,90058	143,7316	10,275
146,0976	7,90033	143,7186	10,27101
146,0856	7,90128	143,7066	10,26703
146,0696	7,89681	143,6936	10,26305
146,0576	7,89343	143,6786	10,25908
146,0456	7,89143	143,6656	10,25512
146,0326	7,89418	143,6536	10,25116
146,0176	7,89666	143,6376	10,2472
146,0046	7,89899	143,6256	10,24322
145,9926	7,90109	143,6136	10,23926
145,9766	7,90938	143,5976	10,23532
145,9646	7,90995	143,5856	10,2314
145,9516	7,90999	143,5726	10,22748
145,9396	7,90949	143,5606	10,22357
145,9236	7,91183	143,5476	10,21966
145,9116	7,91492	143,5326	10,21574
145,8996	7,9178	143,5196	10,21182
145,8866	7,91557	143,5076	10,2079
145,8746	7,91604	143,4956	10,20397
145,8616	7,91503	143,4826	10,20005
145,8466	7,918	143,4676	10,19612
145,8336	7,91812	143,4546	10,19219
145,8216	7,92094	143,4426	10,18826
145,8056	7,92029	143,4296	10,18434
145,7936	7,91912	143,4146	10,18041
145,7816	7,9228	143,4016	10,17651
145,7686	7,92161	143,3896	10,17262
145,7566	7,92643	143,3776	10,16874
145,7406	7,92857	143,3616	10,16486
145,7286	7,92765	143,3496	10,16098
145,7006	7,92754	143,3366	10,15711
145,6876	7,92947	143,3216	10,15324
145,6756	7,92798	143,3086	10,14937
145,6636	7,93332	143,2966	10,1455
145,6506	7,93221	143,2806	10,14164
145,6386	7,93268	143,2686	10,13777
145,6256	7,93653	143,2556	10,13389
145,6136	7,93513	143,2436	10,13003
145,6046	7,9389	143,2276	10,12615
145,5886	7,94127	143,2156	10,12227
145,5766	7,94274	143,2036	10,11837
145,5636	7,94696	143,1756	10,11449
145,5516	7,94881	143,1626	10,11063
145,5386	7,9491	143,1506	10,10679
145,5136	7,95137	143,1376	10,10294
145,5016	7,95133	143,1256	10,09909
145,4896	7,95153	143,1136	10,09525
145,4766	7,95379	143,1006	10,09142
145,4646	7,9535	143,0886	10,08757
145,4516	7,95084	143,0756	10,08372
145,4366	7,95101	143,0636	10,07985
145,4236	7,9546	143,0506	10,07598
145,4116	7,95548	143,0386	10,07212
145,3996	7,95713	143,0266	10,06827
145,3866	7,95969	143,0136	10,06443
145,3716	7,95912	142,9886	10,0606
145,3586	7,96102	142,9766	10,05678
145,3466	7,9626	142,9606	10,05297
145,3336	7,96677	142,9516	10,04918
145,3186	7,96662	142,9396	10,0454
145,3056	7,97021	142,9236	10,04162
145,2936	7,96719	142,9146	10,03785
145,2816	7,96818	142,9016	10,03407
145,2686	7,97093	142,8896	10,03029
145,2536	7,96993	142,8736	10,02651
145,2406	7,97066	142,8646	10,02274
145,2286	7,97227	142,8496	10,01896
145,2126	7,97221	142,8396	10,01517
145,2006	7,97765	142,8116	10,01139
145,1876	7,97817	142,7996	10,00761
145,1756	7,97716	142,7866	10,00384
145,1596	7,9824	142,7716	10,00007
145,1476	7,98414	142,7586	9,99629
145,1356	7,9884	142,7466	9,99251
145,1196	7,98758	142,7346	9,98873
145,1076	7,9875	142,7216	9,98496
145,0946	7,98724	142,7096	9,98121
145,0826	7,98513	142,6936	9,97744
145,0696	7,98879	142,6816	9,97366
145,0546	7,98611	142,6656	9,96987
145,0416	7,98832	142,6536	9,96609
145,0296	7,98867	142,6406	9,9623
145,0136	7,99158	142,6286	9,95853
145,0016	7,99163	142,6166	9,95474
144,9766	7,9929	142,6036	9,95096
144,9646	7,98846	142,5916	9,94719
144,9486	7,98959	142,5756	9,94342
144,9366	7,99256	142,5636	9,93965
144,9206	7,99888	142,5506	9,9359
144,9086	8,00075	142,5356	9,93217
144,8956	7,99864	142,5226	9,92843
144,8836	8,00033	142,5106	9,92468
144,8716	7,99956	142,4986	9,92094
144,8586	7,99643	142,4856	9,9172
144,8466	8,00062	142,4706	9,91346
144,8336	7,99882	142,4576	9,90971
144,8216	8,00249	142,4426	9,90595
144,8086	7,99808	142,4296	9,90219
144,7966	8,00466	142,4176	9,89844
144,7846	8,00429	142,4046	9,89468
144,7716	8,00605	142,3896	9,89092
144,7596	8,00867	142,3766	9,88717
144,7466	8,0107	142,3646	9,88342
144,7216	8,01268	142,3526	9,87968
144,7066	8,01202	142,3366	9,87595
144,6936	8,01043	142,3246	9,87221
144,6816	8,01025	142,3116	9,86845
144,6696	8,01148	142,2996	9,86469
144,6566	8,01291	142,2836	9,86093
144,6446	8,01457	142,2716	9,85719
144,6316	8,01484	142,2586	9,85347
144,6196	8,01048	142,2466	9,84974
144,6106	8,01241	142,2306	9,84602
144,5946	8,01496	142,2186	9,8423
144,5856	8,01639	142,2066	9,83859
144,5696	8,01797	142,1906	9,83488
144,5576	8,01706	142,1786	9,83119
144,5446	8,0178	142,1656	9,8275
144,5206	8,02101	142,1506	9,8238
144,5076	8,02194	142,1376	9,82008
144,4956	8,02559	142,1256	9,81636
144,4826	8,02642	142,1126	9,81264
144,4706	8,02741	142,0976	9,80892
144,4546	8,02883	142,0846	9,8052
144,4426	8,03125	142,0726	9,80148
144,4296	8,03301	142,0606	9,79776
144,4176	8,03221	142,0446	9,79403
144,4056	8,03612	142,0326	9,79029
144,3926	8,03684	142,0196	9,78655
144,3806	8,0394	142,0046	9,78282
144,3676	8,0415	141,9916	9,77909
144,3526	8,04499	141,9796	9,77535
144,3396	8,04434	141,9666	9,7716
144,3306	8,04613	141,9516	9,76787
144,3156	8,04705	141,9266	9,76414
144,3026	8,04772	141,9146	9,76041
144,2906	8,04976	141,8986	9,75669
144,2776	8,04932	141,8866	9,75297
144,2626	8,04915	141,8736	9,74927
144,2496	8,04924	141,8616	9,74555
144,2216	8,0498	141,8486	9,74184
144,2126	8,04784	141,8336	9,73814
144,2006	8,04942	141,8206	9,73443
144,1876	8,04844	141,8086	9,73071
144,1756	8,05326	141,7926	9,72697
144,1626	8,05504	141,7806	9,72325
144,1506	8,05644	141,7686	9,71952
144,1386	8,05817	141,7526	9,71578
144,1256	8,06	141,7406	9,71205
144,1136	8,06003	141,7276	9,70833
144,1006	8,06232	141,7126	9,70461
144,0886	8,06039	141,6996	9,70089
144,0756	8,06398	141,6846	9,69715
144,0516	8,06415	141,6716	9,69341
144,0356	8,06465	141,6596	9,68967
144,0236	8,06689	141,6466	9,68592
144,0106	8,06406	141,6346	9,68217
143,9986	8,06832	141,6196	9,67842
143,9826	8,06681	141,6066	9,67467
143,9706	8,07227	141,5946	9,67091
143,9576	8,07479	141,5816	9,66715
143,9456	8,07609	141,5666	9,66339
143,9296	8,0773	141,5536	9,65963
143,9176	8,07754	141,5416	9,65587
143,9056	8,08012	141,5286	9,65212
143,8896	8,07998	141,5166	9,64835
143,8776	8,07965	141,5016	9,64458
143,8646	8,07861	141,4886	9,6408
143,8496	8,08097	141,4766	9,63703
143,8366	8,07916	141,4636	9,63325
143,8246	8,08167	141,4486	9,62948
143,8086	8,08276	141,4356	9,62571
143,7966	8,08341	141,4236	9,62194
143,7836	8,08565	141,4106	9,61815
143,7716	8,08787	141,3956	9,61434
143,7596	8,08934	141,3826	9,61054
143,7436	8,08941	141,3706	9,60672
143,7316	8,09243	141,3586	9,60291
143,7186	8,09321	141,3456	9,59911
143,7066	8,09508	141,3306	9,5953
143,6936	8,0935	141,3176	9,59149
143,6786	8,09455	141,3056	9,58768
143,6656	8,09504	141,2926	9,58386
143,6536	8,09385	141,2776	9,58004
143,6376	8,0963	141,2646	9,57623
143,6256	8,09603	141,2526	9,57242
143,6136	8,09755	141,2406	9,56861
143,5976	8,1009	141,2276	9,56479
143,5856	8,10406	141,2126	9,56099
143,5726	8,10281	141,1996	9,55721
143,5606	8,10909	141,1876	9,55343
143,5476	8,10665	141,1746	9,54965
143,5326	8,10993	141,1466	9,54587
143,5196	8,1081	141,1346	9,54208
143,5076	8,10971	141,1226	9,53829
143,4956	8,10709	141,1066	9,53448
143,4826	8,11066	141,0946	9,53066
143,4676	8,10825	141,0816	9,52685
143,4546	8,10845	141,0696	9,52304
143,4426	8,10795	141,0536	9,51923
143,4296	8,11207	141,0416	9,51541
143,4146	8,11576	141,0286	9,5116
143,4016	8,11589	141,0166	9,50779
143,3896	8,11759	141,0006	9,50398
143,3776	8,11938	140,9886	9,50018
143,3616	8,11996	140,9766	9,49639
143,3496	8,12154	140,9636	9,49259
143,3366	8,1208	140,9516	9,48878
143,3216	8,12254	140,9356	9,48497
143,3086	8,12302	140,9236	9,48115
143,2966	8,12222	140,9106	9,4773
143,2806	8,12392	140,8986	9,47346
143,2686	8,12373	140,8826	9,4696
143,2556	8,12326	140,8706	9,46574
143,2436	8,1246	140,8586	9,46188
143,2276	8,12577	140,8456	9,45802
143,2156	8,12993	140,8336	9,45415
143,2036	8,12942	140,8206	9,4503
143,1756	8,13191	140,8056	9,44644
143,1626	8,13595	140,7926	9,44257
143,1506	8,13578	140,7806	9,4387
143,1376	8,14144	140,7686	9,43483
143,1256	8,13903	140,7526	9,43096
143,1136	8,1418	140,7406	9,4271
143,1006	8,14091	140,7276	9,42322
143,0886	8,14201	140,7156	9,41934
143,0756	8,14028	140,7026	9,41544
143,0636	8,14305	140,6876	9,41153
143,0506	8,14417	140,6746	9,40762
143,0386	8,14236	140,6626	9,4037
143,0266	8,14439	140,6376	9,39978
143,0136	8,14472	140,6226	9,39586
142,9886	8,14737	140,6096	9,39194
142,9766	8,14909	140,5976	9,38801
142,9606	8,15265	140,5816	9,38409
142,9516	8,15435	140,5696	9,38015
142,9396	8,15511	140,5566	9,37622
142,9236	8,15536	140,5446	9,37229
142,9146	8,1539	140,5286	9,36837
142,9016	8,15357	140,5166	9,36444
142,8896	8,15514	140,5036	9,3605
142,8736	8,15389	140,4886	9,35656
142,8646	8,15461	140,4766	9,35262
142,8496	8,1555	140,4636	9,34867
142,8396	8,1557	140,4486	9,34471
142,8116	8,15878	140,4356	9,34076
142,7996	8,16052	140,4236	9,33682
142,7866	8,16281	140,4106	9,33288
142,7716	8,16448	140,3986	9,32893
142,7586	8,16576	140,3826	9,32499
142,7466	8,16812	140,3706	9,32105
142,7346	8,16843	140,3586	9,31712
142,7216	8,16904	140,3456	9,31319
142,7096	8,17085	140,3336	9,30926
142,6936	8,17089	140,3176	9,30534
142,6816	8,17129	140,3056	9,30142
142,6656	8,17255	140,2926	9,29748
142,6536	8,17091	140,2776	9,29352
142,6406	8,1721	140,2646	9,28954
142,6286	8,17273	140,2526	9,28553
142,6166	8,17511	140,2396	9,28151
142,6036	8,1759	140,2276	9,27748
142,5916	8,17922	140,2156	9,27343
142,5756	8,17975	140,1996	9,2694
142,5636	8,18066	140,1876	9,26537
142,5506	8,18312	140,1746	9,26134
142,5356	8,18331	140,1626	9,25731
142,5226	8,1859	140,1466	9,2533
142,5106	8,18614	140,1346	9,2493
142,4986	8,18581	140,1216	9,24529
142,4856	8,18148	140,1096	9,24127
142,4706	8,18437	140,0936	9,23725
142,4576	8,18224	140,0816	9,23324
142,4426	8,1868	140,0696	9,22922
142,4296	8,18515	140,0566	9,22521
142,4176	8,18606	140,0416	9,2212
142,4046	8,18922	140,0286	9,21718
142,3896	8,18686	140,0166	9,21315
142,3766	8,19285	140,0006	9,20913
142,3646	8,19071	139,9886	9,20511
142,3526	8,19554	139,9756	9,2011
142,3366	8,19437	139,9636	9,19709
142,3246	8,19556	139,9476	9,19308
142,3116	8,1973	139,9356	9,18908
142,2996	8,19814	139,9236	9,18507
142,2836	8,19813	139,9106	9,18104
142,2716	8,19497	139,8956	9,17701
142,2586	8,19496	139,8706	9,17299
142,2466	8,19716	139,8576	9,16898
142,2306	8,19907	139,8456	9,16496
142,2186	8,20089	139,8336	9,16092
142,2066	8,20195	139,8176	9,15688
142,1906	8,20342	139,8056	9,15285
142,1786	8,20655	139,7926	9,14882
142,1656	8,2086	139,7776	9,1448
142,1506	8,21075	139,7646	9,14077
142,1376	8,20929	139,7496	9,13675
142,1256	8,2148	139,7366	9,13274
142,1126	8,21313	139,7246	9,12872
142,0976	8,21286	139,7116	9,12471
142,0846	8,21278	139,6966	9,1207
142,0726	8,21379	139,6846	9,11669
142,0606	8,21481	139,6716	9,11267
142,0446	8,21488	139,6566	9,10864
142,0326	8,21797	139,6436	9,1046
142,0196	8,21811	139,6286	9,10057
142,0046	8,21869	139,6156	9,09654
141,9916	8,22278	139,6036	9,09253
141,9796	8,22541	139,5876	9,08855
141,9666	8,22406	139,5756	9,08457
141,9516	8,2268	139,5626	9,08059
141,9266	8,22453	139,5506	9,07663
141,9146	8,22816	139,5386	9,07266
141,8986	8,22705	139,5256	9,0687
141,8866	8,22341	139,5136	9,06472
141,8736	8,22079	139,5006	9,06075
141,8616	8,21992	139,4886	9,05678
141,8486	8,21986	139,4756	9,05279
141,8336	8,22335	139,4636	9,04881
141,8206	8,22291	139,4516	9,04483
141,8086	8,22849	139,4386	9,04086
141,7926	8,23045	139,4136	9,03688
141,7806	8,2345	139,4016	9,03289
141,7686	8,24026	139,3886	9,02891
141,7526	8,23976	139,3766	9,02493
141,7406	8,24094	139,3606	9,02094
141,7276	8,24235	139,3486	9,01696
141,7126	8,24218	139,3366	9,01302
141,6996	8,24498	139,3236	9,00909
141,6846	8,24513	139,3086	9,00517
141,6716	8,24401	139,2956	9,00123
141,6596	8,24472	139,2806	8,9973
141,6466	8,24296	139,2676	8,99337
141,6346	8,24179	139,2556	8,98945
141,6196	8,24405	139,2426	8,98552
141,6066	8,24459	139,2276	8,98158
141,5946	8,24977	139,2146	8,97763
141,5816	8,24817	139,2026	8,97367
141,5666	8,2495	139,1876	8,96969
141,5536	8,24968	139,1746	8,96571
141,5416	8,25109	139,1626	8,96174
141,5286	8,25274	139,1496	8,95778
141,5166	8,25401	139,1346	8,95383
141,5016	8,25646	139,1216	8,94987
141,4886	8,25615	139,1096	8,94592
141,4766	8,25332	139,0966	8,94195
141,4636	8,25373	139,0846	8,93799
141,4486	8,25459	139,0696	8,93404
141,4356	8,25615	139,0566	8,93008
141,4236	8,25908	139,0446	8,92613
141,4106	8,26037	139,0316	8,92216
141,3956	8,26226	139,0196	8,91819
141,3826	8,26407	139,0036	8,91423
141,3706	8,26722	138,9916	8,91026
141,3586	8,26811	138,9786	8,90631
141,3456	8,27038	138,9636	8,90237
141,3306	8,27235	138,9506	8,89843
141,3176	8,27041	138,9386	8,89448
141,3056	8,27098	138,9266	8,89054
141,2926	8,27108	138,9136	8,88661
141,2776	8,26967	138,8986	8,88267
141,2646	8,26931	138,8856	8,87874
141,2526	8,2702	138,8736	8,87482
141,2406	8,27286	138,8576	8,87092
141,2276	8,27348	138,8456	8,86703
141,2126	8,27649	138,8326	8,86311
141,1996	8,27709	138,8206	8,85921
141,1876	8,2793	138,8086	8,85531
141,1746	8,28132	138,7926	8,8514
141,1466	8,28395	138,7806	8,84749
141,1346	8,28302	138,7676	8,84357
141,1226	8,28302	138,7556	8,83965
141,1066	8,27852	138,7396	8,83573
141,0946	8,27755	138,7276	8,83182
141,0816	8,28077	138,7146	8,82791
141,0696	8,27895	138,6906	8,82399
141,0536	8,28039	138,6746	8,82009
141,0416	8,27623	138,6626	8,81622
141,0286	8,28013	138,6496	8,81234
141,0166	8,28177	138,6346	8,80846
141,0006	8,28381	138,6216	8,80458
140,9886	8,28698	138,6096	8,80072
140,9766	8,2885	138,5966	8,79686
140,9636	8,29185	138,5846	8,79301
140,9516	8,28821	138,5686	8,78915
140,9356	8,29287	138,5566	8,78529
140,9236	8,29345	138,5446	8,78144
140,9106	8,29855	138,5286	8,77759
140,8986	8,29216	138,5166	8,77374
140,8826	8,29024	138,5036	8,76989
140,8706	8,2949	138,4916	8,76602
140,8586	8,29421	138,4756	8,76216
140,8456	8,30057	138,4636	8,7583
140,8336	8,30147	138,4506	8,75445
140,8206	8,29649	138,4386	8,7506
140,8056	8,29952	138,4266	8,74677
140,7926	8,30435	138,4136	8,74294
140,7806	8,30765	138,4016	8,73911
140,7686	8,30801	138,3886	8,73529
140,7526	8,30769	138,3736	8,73148
140,7406	8,30877	138,3606	8,72767
140,7276	8,30974	138,3486	8,72387
140,7156	8,30913	138,3356	8,72007
140,7026	8,31048	138,3206	8,71628
140,6876	8,30959	138,3086	8,71249
140,6746	8,30723	138,2956	8,70869
140,6626	8,30824	138,2836	8,70488
140,6376	8,3102	138,2706	8,70108
140,6226	8,31196	138,2586	8,69729
140,6096	8,31534	138,2456	8,6935
140,5976	8,31658	138,2176	8,68972
140,5816	8,31714	138,2026	8,68595
140,5696	8,32088	138,1906	8,68218
140,5566	8,32094	138,1776	8,67841
140,5446	8,32177	138,1656	8,67464
140,5286	8,32101	138,1496	8,67088
140,5166	8,32468	138,1406	8,66713
140,5036	8,32316	138,1246	8,66338
140,4886	8,32312	138,1156	8,65963
140,4766	8,32417	138,1036	8,65588
140,4636	8,32558	138,0906	8,65214
140,4486	8,32452	138,0786	8,64841
140,4356	8,32439	138,0656	8,64468
140,4236	8,32647	138,0536	8,64095
140,4106	8,32869	138,0406	8,63723
140,3986	8,33199	138,0286	8,63352
140,3826	8,33488	138,0036	8,62981
140,3706	8,33564	137,9916	8,6261
140,3586	8,33822	137,9786	8,62239
140,3456	8,33718	137,9666	8,6187
140,3336	8,33734	137,9536	8,61501
140,3176	8,34209	137,9416	8,61133
140,3056	8,34109	137,9296	8,60765
140,2926	8,34029	137,9166	8,60399
140,2776	8,34096	137,9046	8,60032
140,2646	8,33997	137,8916	8,59665
140,2526	8,33965	137,8796	8,593
140,2396	8,34283	137,8666	8,58934
140,2276	8,34503	137,8516	8,58569
140,2156	8,34663	137,8426	8,58203
140,1996	8,34807	137,8266	8,57837
140,1876	8,35029	137,8016	8,57473
140,1746	8,35209	137,7896	8,57111
140,1626	8,35502	137,7736	8,56749
140,1466	8,35584	137,7616	8,56388
140,1346	8,35414	137,7486	8,56027
140,1216	8,35802	137,7336	8,55667
140,1096	8,35898	137,7216	8,55307
140,0936	8,35488	137,7086	8,54947
140,0816	8,35277	137,6966	8,54588
140,0696	8,35657	137,6806	8,5423
140,0566	8,35796	137,6686	8,53874
140,0416	8,35905	137,6556	8,53516
140,0286	8,36032	137,6436	8,53158
140,0166	8,36245	137,6306	8,52799
140,0006	8,36485	137,6156	8,52439
139,9886	8,36864	137,6026	8,52081
139,9756	8,37059	137,5906	8,51724
139,9636	8,37203	137,5756	8,51368
139,9476	8,37272	137,5626	8,51011
139,9356	8,37286	137,5476	8,50657
139,9236	8,37616	137,5346	8,50303
139,9106	8,36893	137,5226	8,4995
139,8956	8,37384	137,5066	8,49598
139,8706	8,37183	137,4946	8,49246
139,8576	8,37345	137,4816	8,48893
139,8456	8,37461	137,4696	8,48541
139,8336	8,37208	137,4576	8,48189
139,8176	8,37361	137,4446	8,47837
139,8056	8,37257	137,4296	8,47485
139,7926	8,3754	137,4166	8,47133
139,7776	8,37685	137,4046	8,46784
139,7646	8,37287	137,3916	8,46434
139,7496	8,377	137,3766	8,46085
139,7366	8,37417	137,3636	8,45736
139,7246	8,3804	137,3516	8,45387
139,7116	8,37845	137,3356	8,45038
139,6966	8,38444	137,3236	8,4469
139,6846	8,38402	137,3076	8,44344
139,6716	8,38558	137,2956	8,43997
139,6566	8,3861	137,2836	8,43651
139,6436	8,38765	137,2706	8,43306
139,6286	8,39109	137,2586	8,42961
139,6156	8,39173	137,2456	8,42615
139,6036	8,3947	137,2336	8,42269
139,5876	8,39408	137,2176	8,41925
139,5756	8,39928	137,2056	8,41582
139,5626	8,39612	137,1926	8,41239
139,5506	8,39732	137,1776	8,40896
139,5386	8,39517	137,1656	8,40554
139,5256	8,39602	137,1526	8,40213
139,5136	8,39777	137,1406	8,39872
139,5006	8,39579	137,1246	8,3953
139,4886	8,39421	137,1126	8,39189
139,4756	8,39126	137,0996	8,38849
139,4636	8,39673	137,0846	8,38509
139,4516	8,3982	137,0746	8,3817
139,4386	8,40161	137,0596	8,37832
139,4136	8,40109	137,0466	8,37495
139,4016	8,40598	137,0346	8,37158
139,3886	8,40693	137,0226	8,36821
139,3766	8,41117	137,0066	8,36485
139,3606	8,41242	136,9946	8,36151
139,3486	8,41299	136,9816	8,35817
139,3366	8,40844	136,9666	8,35483
139,3236	8,41246	136,9536	8,35151
139,3086	8,41134	136,9416	8,34817
139,2956	8,41109	136,9256	8,34484
139,2806	8,40923	136,9136	8,3415
139,2676	8,41054	136,8886	8,33814
139,2556	8,41294	136,8736	8,33478
139,2426	8,41536	136,8606	8,33141
139,2276	8,41614	136,8486	8,32806
139,2146	8,4142	136,8356	8,3247
139,2026	8,4181	136,8236	8,32135
139,1876	8,41836	136,8076	8,31802
139,1746	8,42248	136,7956	8,3147
139,1626	8,42244	136,7826	8,31138
139,1496	8,42271	136,7706	8,30808
139,1346	8,42134	136,7556	8,30479
139,1216	8,42039	136,7426	8,3015
139,1096	8,42329	136,7306	8,29821
139,0966	8,42084	136,7176	8,29493
139,0846	8,42111	136,7056	8,29167
139,0696	8,42325	136,6896	8,28842
139,0566	8,41991	136,6776	8,28516
139,0446	8,42081	136,6646	8,28192
139,0316	8,42183	136,6496	8,27867
139,0196	8,42749	136,6376	8,27541
139,0036	8,42949	136,6216	8,27215
138,9916	8,429	136,6096	8,2689
138,9786	8,43035	136,5936	8,26565
138,9636	8,43312	136,5816	8,26242
138,9506	8,43122	136,5686	8,25918
138,9386	8,43324	136,5536	8,25596
138,9266	8,43291	136,5406	8,25275
138,9136	8,43382	136,5286	8,24957
138,8986	8,43431	136,5126	8,2464
138,8856	8,43446	136,5006	8,24325
138,8736	8,43499	136,4876	8,2401
138,8576	8,43539	136,4756	8,23696
138,8456	8,43589	136,4636	8,23382
138,8326	8,43515	136,4476	8,23069
138,8206	8,43868	136,4356	8,22755
138,8086	8,44166	136,4226	8,22442
138,7926	8,44433	136,4076	8,2213
138,7806	8,44741	136,3946	8,21819
138,7676	8,44521	136,3826	8,21508
138,7556	8,44722	136,3696	8,21198
138,7396	8,4478	136,3576	8,20889
138,7276	8,44813	136,3416	8,20581
138,7146	8,447	136,3296	8,20274
138,6906	8,45042	136,3176	8,19966
138,6746	8,45063	136,3046	8,1966
138,6626	8,45426	136,2926	8,19353
138,6496	8,45575	136,2766	8,19046
138,6346	8,45366	136,2646	8,1874
138,6216	8,45641	136,2516	8,18435
138,6096	8,45487	136,2366	8,18132
138,5966	8,45923	136,2236	8,17829
138,5846	8,46075	136,2116	8,17527
138,5686	8,4615	136,1996	8,17225
138,5566	8,46426	136,1836	8,16924
138,5446	8,46382	136,1716	8,16622
138,5286	8,46218	136,1556	8,16319
138,5166	8,464	136,1436	8,16017
138,5036	8,45921	136,1306	8,15717
138,4916	8,46166	136,1186	8,15418
138,4756	8,46097	136,1026	8,1512
138,4636	8,46373	136,0906	8,14824
138,4506	8,46272	136,0776	8,14528
138,4386	8,46076	136,0656	8,14234
138,4266	8,46282	136,0536	8,1394
138,4136	8,46523	136,0376	8,13648
138,4016	8,46725	136,0256	8,13355
138,3886	8,47134	136,0126	8,13064
138,3736	8,46971	135,9976	8,12773
138,3606	8,4698	135,9846	8,12481
138,3486	8,46884	135,9726	8,12189
138,3356	8,46941	135,9566	8,11897
138,3206	8,46981	135,9446	8,11606
138,3086	8,47109	135,9316	8,11315
138,2956	8,46796	135,9196	8,11025
138,2836	8,4704	135,9036	8,10735
138,2706	8,4691	135,8916	8,10446
138,2586	8,46999	135,8766	8,10158
138,2456	8,47327	135,8636	8,09869
138,2176	8,47252	135,8516	8,0958
138,2026	8,47693	135,8386	8,09293
138,1906	8,4771	135,8236	8,09006
138,1776	8,48037	135,8106	8,08719
138,1656	8,4807	135,7986	8,08432
138,1496	8,48028	135,7826	8,08147
138,1406	8,48382	135,7706	8,07863
138,1246	8,48325	135,7586	8,07579
138,1156	8,48577	135,7456	8,07296
138,1036	8,48467	135,7306	8,07012
138,0906	8,4827	135,7176	8,06728
138,0786	8,48471	135,7056	8,06445
138,0656	8,48849	135,6896	8,06162
138,0536	8,48937	135,6776	8,0588
138,0406	8,49065	135,6526	8,05598
138,0286	8,49338	135,6366	8,05317
138,0036	8,49738	135,6246	8,05037
137,9916	8,4958	135,6126	8,04757
137,9786	8,50208	135,5996	8,04478
137,9666	8,49955	135,5876	8,04201
137,9536	8,49976	135,5746	8,03923
137,9416	8,49978	135,5626	8,03646
137,9296	8,50362	135,5496	8,0337
137,9166	8,49816	135,5406	8,03095
137,9046	8,49878	135,5286	8,0282
137,8916	8,50142	135,5156	8,02546
137,8796	8,50039	135,5036	8,02272
137,8666	8,49443	135,4906	8,01997
137,8516	8,50052	135,4666	8,01723
137,8426	8,50144	135,4506	8,0145
137,8266	8,50104	135,4386	8,01177
137,8016	8,50512	135,4256	8,00905
137,7896	8,50592	135,4136	8,00634
137,7736	8,50797	135,4006	8,00363
137,7616	8,50871	135,3886	8,00093
137,7486	8,50554	135,3726	7,99822
137,7336	8,50815	135,3606	7,99553
137,7216	8,50946	135,3486	7,99285
137,7086	8,50981	135,3356	7,99016
137,6966	8,50758	135,3206	7,98747
137,6806	8,51105	135,3076	7,9848
137,6686	8,5095	135,2956	7,98214
137,6556	8,50792	135,2826	7,97948
137,6436	8,51063	135,2706	7,97683
137,6306	8,51447	135,2546	7,9742
137,6156	8,51344	135,2426	7,97158
137,6026	8,51579	135,2296	7,96896
137,5906	8,51466	135,2176	7,96634
137,5756	8,51182	135,2056	7,96373
137,5626	8,5127	135,1896	7,96111
137,5476	8,51392	135,1776	7,95849
137,5346	8,51214	135,1646	7,95589
137,5226	8,51324	135,1526	7,95329
137,5066	8,51433	135,1396	7,95071
137,4946	8,51513	135,1246	7,94814
137,4816	8,51535	135,1116	7,94556
137,4696	8,51828	135,0996	7,94298
137,4576	8,51821	135,0876	7,9404
137,4446	8,5225	135,0716	7,93783
137,4296	8,52344	135,0596	7,93526
137,4166	8,52628	135,0466	7,9327
137,4046	8,52698	135,0346	7,93014
137,3916	8,53198	135,0066	7,92759
137,3766	8,53241	134,9906	7,92504
137,3636	8,53486	134,9786	7,92249
137,3516	8,53712	134,9656	7,91994
137,3356	8,53617	134,9566	7,9174
137,3236	8,53767	134,9446	7,91488
137,3076	8,53565	134,9316	7,91237
137,2956	8,53537	134,9196	7,90986
137,2836	8,53528	134,9066	7,90734
137,2706	8,53608	134,8946	7,90483
137,2586	8,53983	134,8826	7,90233
137,2456	8,53829	134,8696	7,89985
137,2336	8,54165	134,8576	7,89737
137,2176	8,54379	134,8446	7,89489
137,2056	8,54449	134,8196	7,89243
137,1926	8,54519	134,8076	7,88998
137,1776	8,54492	134,7956	7,88754
137,1656	8,54846	134,7796	7,8851
137,1526	8,54912	134,7676	7,88268
137,1406	8,54848	134,7546	7,88027
137,1246	8,54866	134,7426	7,87786
137,1126	8,54604	134,7266	7,87545
137,0996	8,54573	134,7146	7,87304
137,0846	8,54626	134,7016	7,87062
137,0746	8,54559	134,6896	7,8682
137,0596	8,54863	134,6746	7,86579
137,0466	8,54709	134,6616	7,86339
137,0346	8,55185	134,6496	7,86101
137,0226	8,55373	134,6366	7,85863
137,0066	8,55712	134,6246	7,85627
136,9946	8,55606	134,6086	7,85391
136,9816	8,56014	134,5966	7,85155
136,9666	8,55899	134,5836	7,84919
136,9536	8,55897	134,5686	7,84684
136,9416	8,55922	134,5566	7,84451
136,9256	8,55963	134,5436	7,84218
136,9136	8,5626	134,5316	7,83986
136,8886	8,55961	134,5156	7,83755
136,8736	8,55904	134,5036	7,83525
136,8606	8,56162	134,4876	7,83296
136,8486	8,56235	134,4756	7,83068
136,8356	8,56465	134,4626	7,82839
136,8236	8,56505	134,4506	7,82611
136,8076	8,56724	134,4346	7,82385
136,7956	8,56917	134,4226	7,82159
136,7826	8,57305	134,4106	7,81935
136,7706	8,57315	134,3976	7,81711
136,7556	8,57699	134,3826	7,81488
136,7426	8,57559	134,3696	7,81266
136,7306	8,57584	134,3576	7,81044
136,7176	8,57535	134,3446	7,80823
136,7056	8,57319	134,3296	7,80603
136,6896	8,576	134,3166	7,80383
136,6776	8,57571	134,3046	7,80162
136,6646	8,57988	134,2916	7,79942
136,6496	8,57931	134,2766	7,79724
136,6376	8,58276	134,2646	7,79507
136,6216	8,57763	134,2516	7,79289
136,6096	8,58483	134,2366	7,79072
136,5936	8,58307	134,2236	7,78856
136,5816	8,58494	134,2116	7,78641
136,5686	8,58787	134,1956	7,78426
136,5536	8,58683	134,1836	7,78212
136,5406	8,58762	134,1706	7,77998
136,5286	8,58847	134,1556	7,77784
136,5126	8,58874	134,1426	7,7757
136,5006	8,58648	134,1306	7,77358
136,4876	8,58863	134,1186	7,77145
136,4756	8,58791	134,1026	7,76933
136,4636	8,58809	134,0906	7,76721
136,4476	8,5897	134,0776	7,76509
136,4356	8,59059	134,0626	7,76297
136,4226	8,59264	134,0496	7,76088
136,4076	8,59658	134,0376	7,75881
136,3946	8,5963	134,0246	7,75673
136,3826	8,59865	134,0126	7,75465
136,3696	8,60085	133,9966	7,75259
136,3576	8,59979	133,9846	7,75054
136,3416	8,59828	133,9596	7,74849
136,3296	8,59176	133,9446	7,74644
136,3176	8,59492	133,9316	7,74441
136,3046	8,59317	133,9196	7,74237
136,2926	8,59534	133,9066	7,74035
136,2766	8,59854	133,8916	7,73833
136,2646	8,59818	133,8786	7,73633
136,2516	8,59435	133,8666	7,73432
136,2366	8,59652	133,8506	7,73233
136,2236	8,60086	133,8386	7,73034
136,2116	8,60421	133,8226	7,72835
136,1996	8,60463	133,8106	7,72637
136,1836	8,60512	133,7986	7,72439
136,1716	8,60591	133,7856	7,72243
136,1556	8,60572	133,7736	7,72047
136,1436	8,60659	133,7606	7,71851
136,1306	8,60638	133,7486	7,71656
136,1186	8,60852	133,7366	7,71461
136,1026	8,61126	133,7236	7,71266
136,0906	8,60971	133,7116	7,71072
136,0776	8,61029	133,6986	7,70878
136,0656	8,61204	133,6836	7,70685
136,0536	8,61623	133,6736	7,70493
136,0376	8,61947	133,6616	7,703
136,0256	8,62007	133,6496	7,70108
136,0126	8,62131	133,6366	7,69917
135,9976	8,62203	133,6116	7,69727
135,9846	8,62562	133,5996	7,69537
135,9726	8,62531	133,5836	7,69349
135,9566	8,62632	133,5716	7,69163
135,9446	8,62461	133,5586	7,68977
135,9316	8,62663	133,5436	7,68791
135,9196	8,62268	133,5316	7,68606
135,9036	8,62502	133,5156	7,68421
135,8916	8,62483	133,5036	7,68238
135,8766	8,627	133,4906	7,68055
135,8636	8,62669	133,4756	7,67874
135,8516	8,62729	133,4626	7,67693
135,8386	8,62926	133,4506	7,67513
135,8236	8,62974	133,4346	7,67333
135,8106	8,6325	133,4226	7,67152
135,7986	8,63411	133,4066	7,66972
135,7826	8,63571	133,3946	7,66793
135,7706	8,63573	133,3816	7,66614
135,7586	8,63512	133,3696	7,66436
135,7456	8,63698	133,3536	7,66259
135,7306	8,63778	133,3416	7,66083
135,7176	8,63624	133,3296	7,65907
135,7056	8,63796	133,3136	7,65733
135,6896	8,63896	133,3016	7,65561
135,6776	8,64089	133,2886	7,65389
135,6526	8,63951	133,2766	7,65219
135,6366	8,64272	133,2606	7,65049
135,6246	8,64438	133,2486	7,6488
135,6126	8,6462	133,2326	7,64712
135,5996	8,64958	133,2206	7,64544
135,5876	8,65024	133,2076	7,64377
135,5746	8,64641	133,1956	7,64211
135,5626	8,65053	133,1836	7,64046
135,5496	8,64631	133,1706	7,63881
135,5406	8,64985	133,1556	7,63717
135,5286	8,64744	133,1426	7,63555
135,5156	8,64982	133,1306	7,63394
135,5036	8,64822	133,1176	7,63232
135,4906	8,64906	133,1026	7,63071
135,4666	8,64857	133,0896	7,62912
135,4506	8,65252	133,0776	7,62752
135,4386	8,65305	133,0656	7,62591
135,4256	8,65531	133,0496	7,62431
135,4136	8,65433	133,0376	7,62271
135,4006	8,65933	133,0246	7,62112
135,3886	8,66149	133,0126	7,61955
135,3726	8,66143	132,9996	7,61798
135,3606	8,65987	132,9876	7,61643
135,3486	8,66325	132,9716	7,61487
135,3356	8,65915	132,9596	7,61332
135,3206	8,66329	132,9476	7,61178
135,3076	8,65983	132,9346	7,61025
135,2956	8,65701	132,9226	7,60872
135,2826	8,66064	132,9096	7,60719
135,2706	8,66412	132,8946	7,60567
135,2546	8,66536	132,8816	7,60415
135,2426	8,66712	132,8696	7,60262
135,2296	8,66883	132,8446	7,60111
135,2176	8,671	132,8326	7,59962
135,2056	8,67161	132,8196	7,59815
135,1896	8,67065	132,8046	7,59668
135,1776	8,67373	132,7916	7,59522
135,1646	8,67504	132,7796	7,59377
135,1526	8,67642	132,7636	7,59233
135,1396	8,6748	132,7516	7,59089
135,1246	8,67419	132,7386	7,58945
135,1116	8,67523	132,7236	7,588
135,0996	8,67375	132,7116	7,58655
135,0876	8,67455	132,6986	7,58511
135,0716	8,67699	132,6866	7,58367
135,0596	8,67706	132,6736	7,58224
135,0466	8,67787	132,6586	7,5808
135,0346	8,68085	132,6456	7,57936
135,0066	8,6833	132,6336	7,57794
134,9906	8,68525	132,6206	7,57653
134,9786	8,68688	132,6056	7,57513
134,9656	8,68923	132,5936	7,57372
134,9566	8,69084	132,5806	7,57232
134,9446	8,68956	132,5656	7,57091
134,9316	8,68986	132,5526	7,56948
134,9196	8,68996	132,5406	7,56806
134,9066	8,69077	132,5276	7,56665
134,8946	8,69235	132,5126	7,56523
134,8826	8,69495	132,4996	7,56382
134,8696	8,69438	132,4876	7,56242
134,8576	8,69622	132,4746	7,56103
134,8446	8,69734	132,4626	7,55963
134,8196	8,69851	132,4506	7,55823
134,8076	8,70193	132,4346	7,55686
134,7956	8,70448	132,4226	7,55549
134,7796	8,70376	132,4096	7,55414
134,7676	8,70471	132,3946	7,55281
134,7546	8,70157	132,3816	7,55147
134,7426	8,7045	132,3696	7,55014
134,7266	8,70154	132,3566	7,54883
134,7146	8,70507	132,3416	7,54752
134,7016	8,70419	132,3286	7,54623
134,6896	8,70424	132,3166	7,54494
134,6746	8,70565	132,3046	7,54366
134,6616	8,70717	132,2886	7,54238
134,6496	8,70803	132,2766	7,54111
134,6366	8,71011	132,2636	7,53983
134,6246	8,71153	132,2516	7,53857
134,6086	8,71352	132,2386	7,53731
134,5966	8,71364	132,2236	7,53605
134,5836	8,71442	132,2106	7,5348
134,5686	8,71668	132,1866	7,53355
134,5566	8,71635	132,1706	7,53231
134,5436	8,71681	132,1586	7,53108
134,5316	8,71587	132,1456	7,52985
134,5156	8,71599	132,1336	7,52863
134,5036	8,71241	132,1206	7,52742
134,4876	8,71239	132,1086	7,52621
134,4756	8,71408	132,0926	7,525
134,4626	8,71654	132,0806	7,5238
134,4506	8,71542	132,0686	7,52259
134,4346	8,71967	132,0556	7,52139
134,4226	8,72137	132,0406	7,52019
134,4106	8,72451	132,0276	7,51899
134,3976	8,72342	132,0156	7,5178
134,3826	8,72483	132,0026	7,51662
134,3696	8,72625	131,9876	7,51545
134,3576	8,72562	131,9746	7,51429
134,3446	8,72882	131,9626	7,51312
134,3296	8,72413	131,9466	7,51196
134,3166	8,72787	131,9346	7,51079
134,3046	8,72635	131,9226	7,50963
134,2916	8,72921	131,9096	7,50846
134,2766	8,72853	131,8976	7,50729
134,2646	8,72888	131,8846	7,50613
134,2516	8,72991	131,8726	7,50495
134,2366	8,73199	131,8566	7,50378
134,2236	8,73624	131,8446	7,50261
134,2116	8,73322	131,8286	7,50144
134,1956	8,73687	131,8166	7,50027
134,1836	8,73497	131,8046	7,4991
134,1706	8,73639	131,7916	7,49793
134,1556	8,73521	131,7796	7,49676
134,1426	8,73529	131,7636	7,49559
134,1306	8,73496	131,7516	7,49442
134,1186	8,73617	131,7386	7,49325
134,1026	8,73918	131,7266	7,49208
134,0906	8,73989	131,7146	7,4909
134,0776	8,73593	131,6986	7,48972
134,0626	8,74207	131,6866	7,48852
134,0496	8,74318	131,6706	7,48733
134,0376	8,74636	131,6586	7,48613
134,0246	8,74857	131,6456	7,48491
134,0126	8,75279	131,6336	7,48369
133,9966	8,75169	131,6056	7,48248
133,9846	8,75091	131,5926	7,48129
133,9596	8,75248	131,5806	7,48009
133,9446	8,75211	131,5686	7,47889
133,9316	8,75219	131,5556	7,47769
133,9196	8,7541	131,5436	7,47649
133,9066	8,75622	131,5336	7,4753
133,8916	8,75241	131,5216	7,47412
133,8786	8,75152	131,5096	7,47295
133,8666	8,75049	131,4966	7,47178
133,8506	8,75425	131,4846	7,47062
133,8386	8,75476	131,4716	7,46946
133,8226	8,75782	131,4466	7,4683
133,8106	8,75529	131,4346	7,46714
133,7986	8,75909	131,4226	7,46598
133,7856	8,75871	131,4096	7,46481
133,7736	8,75919	131,3946	7,46365
133,7606	8,75399	131,3816	7,46248
133,7486	8,75489	131,3696	7,46133
133,7366	8,75271	131,3566	7,46016
133,7236	8,75509	131,3416	7,45898
133,7116	8,75646	131,3286	7,45778
133,6986	8,75518	131,3166	7,45659
133,6836	8,75846	131,3046	7,4554
133,6736	8,76019	131,2886	7,4542
133,6616	8,76445	131,2766	7,45299
133,6496	8,7666	131,2636	7,45179
133,6366	8,7684	131,2516	7,4506
133,6116	8,77055	131,2356	7,4494
133,5996	8,76911	131,2236	7,4482
133,5836	8,76923	131,2106	7,44699
133,5716	8,76581	131,1986	7,44577
133,5586	8,76631	131,1856	7,44456
133,5436	8,76766	131,1706	7,44336
133,5316	8,77035	131,1586	7,44214
133,5156	8,76835	131,1426	7,44091
133,5036	8,76776	131,1306	7,43968
133,4906	8,77072	131,1176	7,43845
133,4756	8,77006	131,1056	7,43722
133,4626	8,77411	131,0896	7,43598
133,4506	8,77585	131,0776	7,43473
133,4346	8,77893	131,0646	7,43349
133,4226	8,78038	131,0526	7,43224
133,4066	8,78361	131,0366	7,43099
133,3946	8,78542	131,0246	7,42973
133,3816	8,78807	131,0126	7,42847
133,3696	8,7901	130,9966	7,42721
133,3536	8,78953	130,9846	7,42594
133,3416	8,78882	130,9716	7,42466
133,3296	8,78818	130,9596	7,42339
133,3136	8,78779	130,9466	7,42212
133,3016	8,78812	130,9316	7,42083
133,2886	8,78917	130,9186	7,41955
133,2766	8,79166	130,9066	7,41826
133,2606	8,79359	130,8946	7,41697
133,2486	8,7923	130,8786	7,41567
133,2326	8,79504	130,8666	7,41437
133,2206	8,79432	130,8536	7,41307
133,2076	8,80046	130,8386	7,41177
133,1956	8,80138	130,8256	7,41046
133,1836	8,80073	130,8136	7,40914
133,1706	8,79863	130,8006	7,40783
133,1556	8,79542	130,7886	7,40651
133,1426	8,79498	130,7726	7,40518
133,1306	8,79225	130,7606	7,40385
133,1176	8,79592	130,7486	7,40253
133,1026	8,79584	130,7206	7,40121
133,0896	8,79635	130,7076	7,39988
133,0776	8,79912	130,6956	7,39854
133,0656	8,80068	130,6796	7,39721
133,0496	8,80331	130,6676	7,39587
133,0376	8,80699	130,6546	7,39452
133,0246	8,80863	130,6426	7,39316
133,0126	8,80855	130,6306	7,3918
132,9996	8,80955	130,6146	7,39043
132,9876	8,81128	130,6026	7,38905
132,9716	8,8101	130,5866	7,38765
132,9596	8,81318	130,5746	7,38625
132,9476	8,8114	130,5616	7,38483
132,9346	8,81519	130,5466	7,3834
132,9226	8,8116	130,5336	7,38197
132,9096	8,81227	130,5216	7,38053
132,8946	8,81209	130,5056	7,3791
132,8816	8,8161	130,4936	7,37766
132,8696	8,81913	130,4806	7,37621
132,8446	8,8192	130,4686	7,37476
132,8326	8,8186	130,4526	7,37331
132,8196	8,82551	130,4406	7,37184
132,8046	8,82086	130,4286	7,37038
132,7916	8,82432	130,4156	7,36892
132,7796	8,82265	130,4006	7,36745
132,7636	8,82759	130,3876	7,36597
132,7516	8,82438	130,3756	7,36448
132,7386	8,82825	130,3626	7,36299
132,7236	8,82125	130,3506	7,3615
132,7116	8,82278	130,3346	7,36002
132,6986	8,8262	130,3226	7,35852
132,6866	8,81951	130,3106	7,35703
132,6736	8,83328	130,2976	7,35553
132,6586	8,82904	130,2856	7,35404
132,6456	8,82299	130,2696	7,35255
132,6336	8,8397	130,2576	7,35106
132,6206	8,82938	130,2446	7,34956
132,6056	8,83943	130,2296	7,34805
132,5936	8,83754	130,2166	7,34654
132,5806	8,83923	130,2046	7,34502
132,5656	8,8402	130,1926	7,3435
132,5526	8,83726	130,1796	7,34197
132,5406	8,8402	130,1646	7,34043
132,5276	8,83847	130,1516	7,33887
132,5126	8,83617	130,1366	7,33728
132,4996	8,84017	130,1236	7,33568
132,4876	8,84062	130,1116	7,33408
132,4746	8,8441	130,0986	7,33248
132,4626	8,84524	130,0836	7,3309
132,4506	8,84424	130,0706	7,32931
132,4346	8,84608	130,0586	7,32773
132,4226	8,84278	130,0436	7,32614
132,4096	8,84718	130,0306	7,32456
132,3946	8,85043	130,0186	7,32298
132,3816	8,84842	130,0056	7,32139
132,3696	8,84887	129,9936	7,3198
132,3566	8,84478	129,9776	7,31821
132,3416	8,84454	129,9656	7,31662
132,3286	8,84713	129,9526	7,31503
132,3166	8,84743	129,9376	7,31343
132,3046	8,84694	129,9246	7,31182
132,2886	8,84799	129,9126	7,3102
132,2766	8,84438	129,9006	7,30858
132,2636	8,84733	129,8846	7,30695
132,2516	8,85176	129,8726	7,30534
132,2386	8,85453	129,8596	7,30372
132,2236	8,85824	129,8476	7,30209
132,2106	8,85834	129,8316	7,30046
132,1866	8,85839	129,8196	7,29883
132,1706	8,855	129,8066	7,2972
132,1586	8,85645	129,7916	7,29556
132,1456	8,85597	129,7786	7,29392
132,1336	8,85715	129,7516	7,29228
132,1206	8,85591	129,7386	7,29065
132,1086	8,85259	129,7266	7,289
132,0926	8,85155	129,7136	7,28734
132,0806	8,85227	129,7016	7,28565
132,0686	8,85716	129,6886	7,28396
132,0556	8,85973	129,6766	7,28227
132,0406	8,86398	129,6646	7,28056
132,0276	8,86718	129,6516	7,27884
132,0156	8,867	129,6396	7,27712
132,0026	8,86841	129,6266	7,27542
131,9876	8,86971	129,6176	7,27371
131,9746	8,87036	129,6056	7,27198
131,9626	8,86897	129,5806	7,27023
131,9466	8,86918	129,5646	7,26848
131,9346	8,86748	129,5526	7,26672
131,9226	8,86753	129,5396	7,26495
131,9096	8,86907	129,5246	7,26317
131,8976	8,87298	129,5116	7,26139
131,8846	8,87218	129,4996	7,2596
131,8726	8,87308	129,4836	7,25781
131,8566	8,87372	129,4716	7,25601
131,8446	8,87643	129,4596	7,2542
131,8286	8,87981	129,4466	7,25239
131,8166	8,8801	129,4316	7,25059
131,8046	8,88048	129,4186	7,24877
131,7916	8,88165	129,4066	7,24697
131,7796	8,88206	129,3906	7,24516
131,7636	8,88403	129,3786	7,24335
131,7516	8,88211	129,3656	7,24153
131,7386	8,88324	129,3506	7,23971
131,7266	8,87764	129,3376	7,23789
131,7146	8,87951	129,3256	7,23607
131,6986	8,87872	129,3096	7,23424
131,6866	8,88409	129,2976	7,23241
131,6706	8,88823	129,2826	7,23058
131,6586	8,88511	129,2696	7,22875
131,6456	8,8867	129,2576	7,22691
131,6336	8,88874	129,2416	7,22507
131,6056	8,89068	129,2296	7,22322
131,5926	8,8926	129,2166	7,22138
131,5806	8,89533	129,2046	7,21953
131,5686	8,89318	129,1916	7,21769
131,5556	8,89605	129,1796	7,21585
131,5436	8,89294	129,1636	7,21401
131,5336	8,89367	129,1516	7,21216
131,5216	8,89301	129,1396	7,21032
131,5096	8,89583	129,1266	7,20847
131,4966	8,89642	129,1116	7,20663
131,4846	8,89686	129,0986	7,20478
131,4716	8,89731	129,0866	7,20292
131,4466	8,89867	129,0736	7,20106
131,4346	8,8998	129,0616	7,19921
131,4226	8,90384	129,0456	7,19736
131,4096	8,90073	129,0336	7,19551
131,3946	8,90262	129,0216	7,19365
131,3816	8,90203	129,0056	7,19179
131,3696	8,90073	128,9936	7,18994
131,3566	8,90289	128,9806	7,18809
131,3416	8,90194	128,9686	7,18623
131,3286	8,89858	128,9526	7,18439
131,3166	8,90144	128,9406	7,18256
131,3046	8,89893	128,9276	7,18072
131,2886	8,90094	128,9126	7,17887
131,2766	8,90376	128,8996	7,17702
131,2636	8,9053	128,8876	7,17518
131,2516	8,90788	128,8756	7,17333
131,2356	8,90716	128,8596	7,17148
131,2236	8,91328	128,8476	7,16962
131,2106	8,91002	128,8346	7,16777
131,1986	8,91272	128,8196	7,16591
131,1856	8,91594	128,8066	7,16404
131,1706	8,91676	128,7946	7,16216
131,1586	8,91572	128,7816	7,16029
131,1426	8,91401	128,7666	7,15842
131,1306	8,91207	128,7536	7,15655
131,1176	8,9137	128,7416	7,15469
131,1056	8,91692	128,7296	7,15283
131,0896	8,91735	128,7136	7,15097
131,0776	8,91867	128,7016	7,14912
131,0646	8,92029	128,6886	7,14727
131,0526	8,92363	128,6736	7,14542
131,0366	8,92548	128,6606	7,14357
131,0246	8,92643	128,6486	7,14173
131,0126	8,92964	128,6356	7,13988
130,9966	8,93141	128,6236	7,13803
130,9846	8,931	128,6086	7,13618
130,9716	8,93127	128,5956	7,13434
130,9596	8,93132	128,5836	7,1325
130,9466	8,93108	128,5706	7,13068
130,9316	8,93231	128,5556	7,12884
130,9186	8,93137	128,5426	7,12701
130,9066	8,93323	128,5306	7,12518
130,8946	8,93465	128,5146	7,12336
130,8786	8,93811	128,5026	7,12154
130,8666	8,93545	128,4746	7,11972
130,8536	8,93987	128,4626	7,1179
130,8386	8,94373	128,4496	7,11609
130,8256	8,94449	128,4376	7,11428
130,8136	8,94486	128,4246	7,11247
130,8006	8,93986	128,4126	7,11064
130,7886	8,94551	128,3996	7,10882
130,7726	8,94392	128,3876	7,10699
130,7606	8,94613	128,3756	7,10517
130,7486	8,94384	128,3626	7,10334
130,7206	8,94486	128,3506	7,10151
130,7076	8,94353	128,3376	7,09968
130,6956	8,94499	128,3256	7,09785
130,6796	8,94719	128,3126	7,09602
130,6676	8,94784	128,3006	7,0942
130,6546	8,95004	128,2886	7,09238
130,6426	8,95254	128,2726	7,09055
130,6306	8,95497	128,2606	7,08872
130,6146	8,955	128,2356	7,0869
130,6026	8,95654	128,2226	7,08509
130,5866	8,95549	128,2076	7,08328
130,5746	8,95556	128,1946	7,08148
130,5616	8,95619	128,1826	7,07967
130,5466	8,9548	128,1706	7,07787
130,5336	8,95634	128,1576	7,07606
130,5216	8,95317	128,1426	7,07426
130,5056	8,95732	128,1296	7,07247
130,4936	8,95596	128,1146	7,07067
130,4806	8,95725	128,1016	7,06888
130,4686	8,95789	128,0896	7,0671
130,4526	8,95469	128,0766	7,06531
130,4406	8,95921	128,0646	7,06351
130,4286	8,95956	128,0526	7,06172
130,4156	8,95959	128,0396	7,05995
130,4006	8,96047	128,0246	7,05817
130,3876	8,96124	128,0116	7,0564
130,3756	8,96214	127,9996	7,05462
130,3626	8,96095	127,9866	7,05285
130,3506	8,96148	127,9746	7,05109
130,3346	8,96332	127,9616	7,04931
130,3226	8,96386	127,9466	7,04755
130,3106	8,96586	127,9346	7,04579
130,2976	8,96647	127,9216	7,04402
130,2856	8,96432	127,9096	7,04225
130,2696	8,96736	127,8966	7,04049
130,2576	8,96949	127,8846	7,03874
130,2446	8,97151	127,8686	7,03701
130,2296	8,97653	127,8566	7,03527
130,2166	8,97713	127,8436	7,03354
130,2046	8,97217	127,8316	7,03181
130,1926	8,97873	127,8156	7,03007
130,1796	8,97493	127,8036	7,02833
130,1646	8,97575	127,7886	7,02659
130,1516	8,97705	127,7756	7,02486
130,1366	8,97786	127,7636	7,02313
130,1236	8,97791	127,7476	7,0214
130,1116	8,97665	127,7356	7,01966
130,0986	8,98279	127,7226	7,01792
130,0836	8,9793	127,7106	7,01617
130,0706	8,98392	127,6946	7,01443
130,0586	8,98547	127,6826	7,0127
130,0436	8,98825	127,6706	7,01097
130,0306	8,98776	127,6456	7,00924
130,0186	8,99	127,6296	7,00752
130,0056	8,98834	127,6176	7,00579
129,9936	8,98828	127,6046	7,00407
129,9776	8,99067	127,5926	7,00235
129,9656	8,98747	127,5796	7,00063
129,9526	8,98829	127,5676	6,99889
129,9376	8,98651	127,5516	6,99715
129,9246	8,9893	127,5396	6,99542
129,9126	8,98976	127,5306	6,99368
129,9006	8,99074	127,5176	6,99194
129,8846	8,99262	127,5026	6,9902
129,8726	8,99363	127,4926	6,98846
129,8596	8,99873	127,4806	6,98674
129,8476	8,99699	127,4656	6,98503
129,8316	9,00073	127,4526	6,98333
129,8196	9,00069	127,4406	6,98164
129,8066	9,00329	127,4156	6,97996
129,7916	8,99937	127,4026	6,97827
129,7786	9,00231	127,3906	6,97658
129,7516	9,00042	127,3786	6,97487
129,7386	8,99936	127,3656	6,97317
129,7266	9,00257	127,3536	6,97147
129,7136	8,99898	127,3376	6,96978
129,7016	9,00273	127,3256	6,96809
129,6886	9,002	127,3126	6,9664
129,6766	9,00335	127,3006	6,96471
129,6646	9,00751	127,2876	6,96303
129,6516	9,00749	127,2756	6,96135
129,6396	9,00951	127,2606	6,95968
129,6266	9,01103	127,2476	6,95801
129,6176	9,01165	127,2356	6,95633
129,6056	9,0121	127,2226	6,95467
129,5806	9,01231	127,2106	6,95301
129,5646	9,01225	127,1976	6,95134
129,5526	9,01087	127,1856	6,94967
129,5396	9,01237	127,1696	6,948
129,5246	9,01174	127,1576	6,94633
129,5116	9,01107	127,1456	6,94466
129,4996	9,01439	127,1206	6,943
129,4836	9,01218	127,1076	6,94134
129,4716	9,01646	127,0956	6,93968
129,4596	9,01561	127,0826	6,93802
129,4466	9,01792	127,0706	6,93635
129,4316	9,01481	127,0556	6,93469
129,4186	9,02156	127,0426	6,93303
129,4066	9,01649	127,0306	6,93137
129,3906	9,0187	127,0176	6,92971
129,3786	9,01873	127,0026	6,92806
129,3656	9,01875	126,9896	6,92641
129,3506	9,02108	126,9776	6,92476
129,3376	9,01933	126,9646	6,9231
129,3256	9,0197	126,9496	6,92146
129,3096	9,02167	126,9366	6,9198
129,2976	9,02416	126,9246	6,91813
129,2826	9,02153	126,9126	6,91646
129,2696	9,0258	126,8966	6,9148
129,2576	9,02882	126,8846	6,91315
129,2416	9,03204	126,8716	6,91151
129,2296	9,03073	126,8596	6,90988
129,2166	9,03466	126,8466	6,90825
129,2046	9,03298	126,8316	6,90662
129,1916	9,03338	126,8186	6,905
129,1796	9,03418	126,8066	6,9034
129,1636	9,03363	126,7946	6,9018
129,1516	9,03345	126,7786	6,9002
129,1396	9,03328	126,7666	6,89861
129,1266	9,03354	126,7536	6,897
129,1116	9,03367	126,7416	6,89538
129,0986	9,03568	126,7256	6,89377
129,0866	9,03594	126,7136	6,89216
129,0736	9,04007	126,7006	6,89055
129,0616	9,04082	126,6886	6,88894
129,0456	9,04343	126,6766	6,88733
129,0336	9,04403	126,6636	6,88572
129,0216	9,04404	126,6356	6,88412
129,0056	9,04199	126,6206	6,88251
128,9936	9,04484	126,6076	6,88091
128,9806	9,04088	126,5956	6,87931
128,9686	9,04346	126,5826	6,8777
128,9526	9,04182	126,5706	6,8761
128,9406	9,0444	126,5586	6,8745
128,9276	9,04016	126,5456	6,8729
128,9126	9,04432	126,5336	6,87129
128,8996	9,0418	126,5206	6,86968
128,8876	9,04355	126,5086	6,86808
128,8756	9,04449	126,4956	6,86647
128,8596	9,04776	126,4836	6,86485
128,8476	9,0504	126,4716	6,86324
128,8346	9,05122	126,4586	6,86163
128,8196	9,05399	126,4466	6,86003
128,8066	9,05069	126,4216	6,85841
128,7946	9,05065	126,4086	6,85679
128,7816	9,04765	126,3966	6,85517
128,7666	9,05105	126,3846	6,85356
128,7536	9,05147	126,3716	6,85194
128,7416	9,05234	126,3596	6,85032
128,7296	9,05177	126,3466	6,8487
128,7136	9,05273	126,3346	6,84707
128,7016	9,05361	126,3226	6,84545
128,6886	9,05633	126,3096	6,84383
128,6736	9,06015	126,2976	6,84221
128,6606	9,06244	126,2846	6,84059
128,6486	9,06486	126,2726	6,83896
128,6356	9,06464	126,2596	6,83734
128,6236	9,06596	126,2316	6,83572
128,6086	9,0647	126,2196	6,83412
128,5956	9,06708	126,2076	6,83252
128,5836	9,0653	126,1946	6,8309
128,5706	9,0661	126,1796	6,82928
128,5556	9,06425	126,1666	6,82766
128,5426	9,06495	126,1516	6,82603
128,5306	9,06696	126,1386	6,8244
128,5146	9,06914	126,1266	6,82276
128,5026	9,07146	126,1136	6,82113
128,4746	9,07399	126,0986	6,81949
128,4626	9,07433	126,0856	6,81785
128,4496	9,07764	126,0736	6,81622
128,4376	9,07896	126,0576	6,81459
128,4246	9,07858	126,0456	6,81296
128,4126	9,07924	126,0336	6,81132
128,3996	9,07995	126,0176	6,80968
128,3876	9,07969	126,0056	6,80804
128,3756	9,08014	125,9926	6,80639
128,3626	9,0787	125,9806	6,80474
128,3506	9,07811	125,9676	6,80309
128,3376	9,07932	125,9526	6,80144
128,3256	9,07972	125,9396	6,79979
128,3126	9,07974	125,9276	6,79814
128,3006	9,0813	125,9156	6,79649
128,2886	9,08296	125,8996	6,79486
128,2726	9,08522	125,8876	6,79321
128,2606	9,08789	125,8746	6,79154
128,2356	9,08936	125,8596	6,78988
128,2226	9,089	125,8466	6,78822
128,2076	9,09021	125,8346	6,78655
128,1946	9,09011	125,8186	6,78488
128,1826	9,0892	125,8066	6,7832
128,1706	9,08949	125,7936	6,78152
128,1576	9,091	125,7816	6,77984
128,1426	9,08997	125,7696	6,77816
128,1296	9,09126	125,7536	6,77647
128,1146	9,09056	125,7416	6,77478
128,1016	9,09243	125,7286	6,77309
128,0896	9,09418	125,7166	6,77141
128,0766	9,09619	125,7036	6,76974
128,0646	9,09881	125,6886	6,76807
128,0526	9,09923	125,6756	6,7664
128,0396	9,10137	125,6636	6,76473
128,0246	9,10067	125,6516	6,76307
128,0116	9,10224	125,6356	6,76141
127,9996	9,10079	125,6236	6,75975
127,9866	9,10247	125,6106	6,75808
127,9746	9,10207	125,5986	6,75642
127,9616	9,10301	125,5826	6,75476
127,9466	9,10087	125,5706	6,7531
127,9346	9,10339	125,5576	6,75145
127,9216	9,10266	125,5426	6,74979
127,9096	9,10342	125,5296	6,74813
127,8966	9,10533	125,5176	6,74645
127,8846	9,10674	125,5056	6,74478
127,8686	9,11103	125,4896	6,74311
127,8566	9,11107	125,4776	6,74144
127,8436	9,11255	125,4646	6,73978
127,8316	9,11493	125,4526	6,73811
127,8156	9,11546	125,4366	6,73644
127,8036	9,11549	125,4246	6,73477
127,7886	9,11721	125,4116	6,73309
127,7756	9,11581	125,3996	6,73141
127,7636	9,11474	125,3876	6,72973
127,7476	9,11496	125,3596	6,72805
127,7356	9,11467	125,3466	6,72638
127,7226	9,11715	125,3346	6,72471
127,7106	9,11959	125,3186	6,72303
127,6946	9,1204	125,3066	6,72137
127,6826	9,12368	125,2936	6,71971
127,6706	9,12514	125,2816	6,71804
127,6456	9,12659	125,2696	6,71637
127,6296	9,12569	125,2536	6,71471
127,6176	9,12447	125,2416	6,71304
127,6046	9,12935	125,2286	6,71137
127,5926	9,12724	125,2136	6,70971
127,5796	9,12644	125,2006	6,70805
127,5676	9,12569	125,1886	6,70638
127,5516	9,12579	125,1756	6,70472
127,5396	9,12428	125,1636	6,70305
127,5306	9,12696	125,1476	6,70139
127,5176	9,1297	125,1356	6,69972
127,5026	9,12774	125,1236	6,69807
127,4926	9,13345	125,1106	6,69641
127,4806	9,1306	125,0956	6,69474
127,4656	9,13423	125,0826	6,69307
127,4526	9,13735	125,0706	6,6914
127,4406	9,1362	125,0576	6,68972
127,4156	9,13806	125,0426	6,68805
127,4026	9,13895	125,0296	6,6864
127,3906	9,13712	125,0176	6,68474
127,3786	9,13687	125,0056	6,68308
127,3656	9,13482	124,9896	6,68142
127,3536	9,13447	124,9776	6,67976
127,3376	9,14017	124,9616	6,67809
127,3256	9,14125	124,9496	6,67643
127,3126	9,14181	124,9366	6,67477
127,3006	9,14176	124,9216	6,6731
127,2876	9,1436	124,9086	6,67144
127,2756	9,1444	124,8966	6,66977
127,2606	9,14748	124,8836	6,66811
127,2476	9,1473	124,8716	6,66644
127,2356	9,1527	124,8556	6,66478
127,2226	9,14821	124,8436	6,66312
127,2106	9,15201	124,8316	6,66146
127,1976	9,14859	124,8186	6,65981
127,1856	9,15009	124,8036	6,65816
127,1696	9,1465	124,7906	6,65652
127,1576	9,14931	124,7786	6,65487
127,1456	9,14876	124,7656	6,65321
127,1206	9,15136	124,7536	6,65156
127,1076	9,15022	124,7416	6,64991
127,0956	9,15098	124,7256	6,64825
127,0826	9,15453	124,7136	6,6466
127,0706	9,15604	124,7006	6,64495
127,0556	9,15951	124,6856	6,6433
127,0426	9,15725	124,6726	6,64166
127,0306	9,15915	124,6606	6,64
127,0176	9,15812	124,6446	6,63835
127,0026	9,16192	124,6326	6,6367
126,9896	9,1592	124,6196	6,63504
126,9776	9,16353	124,6076	6,63339
126,9646	9,16026	124,5796	6,63174
126,9496	9,16095	124,5676	6,63008
126,9366	9,16146	124,5546	6,62842
126,9246	9,16282	124,5426	6,62678
126,9126	9,16467	124,5266	6,62512
126,8966	9,16548	124,5146	6,62345
126,8846	9,16641	124,5016	6,6218
126,8716	9,17186	124,4866	6,62016
126,8596	9,17177	124,4736	6,61851
126,8466	9,17091	124,4616	6,61687
126,8316	9,1722	124,4456	6,61522
126,8186	9,17369	124,4336	6,61358
126,8066	9,17151	124,4186	6,61194
126,7946	9,17281	124,4056	6,6103
126,7786	9,17248	124,3936	6,60867
126,7666	9,17048	124,3776	6,60705
126,7536	9,17151	124,3656	6,60544
126,7416	9,1716	124,3526	6,60383
126,7256	9,17263	124,3406	6,60221
126,7136	9,17439	124,3316	6,6006
126,7006	9,17526	124,3156	6,59899
126,6886	9,17823	124,3036	6,59737
126,6766	9,18071	124,2936	6,59575
126,6636	9,18269	124,2816	6,59413
126,6356	9,18238	124,2656	6,59251
126,6206	9,18398	124,2566	6,59089
126,6076	9,18372	124,2406	6,58926
126,5956	9,18574	124,2316	6,58764
126,5826	9,18433	124,2036	6,58601
126,5706	9,18406	124,1916	6,5844
126,5586	9,18534	124,1786	6,58279
126,5456	9,18293	124,1666	6,58119
126,5336	9,18632	124,1546	6,57959
126,5206	9,18539	124,1416	6,57799
126,5086	9,18683	124,1266	6,57639
126,4956	9,19023	124,1136	6,57478
126,4836	9,19207	124,1016	6,57317
126,4716	9,19366	124,0886	6,57155
126,4586	9,19565	124,0766	6,56994
126,4466	9,19206	124,0636	6,56833
126,4216	9,19676	124,0516	6,56673
126,4086	9,1936	124,0356	6,56513
126,3966	9,19868	124,0236	6,56353
126,3846	9,19314	124,0116	6,56193
126,3716	9,19519	123,9986	6,56033
126,3596	9,19328	123,9836	6,55874
126,3466	9,1945	123,9706	6,55715
126,3346	9,19618	123,9586	6,55556
126,3226	9,19662	123,9426	6,55396
126,3096	9,19616	123,9306	6,55238
126,2976	9,19554	123,9176	6,55079
126,2846	9,1978	123,9026	6,5492
126,2726	9,20243	123,8896	6,54762
126,2596	9,20145	123,8776	6,54602
126,2316	9,20504	123,8626	6,54443
126,2196	9,19899	123,8496	6,54285
126,2076	9,20481	123,8376	6,54127
126,1946	9,20153	123,8216	6,53969
126,1796	9,20344	123,8096	6,53811
126,1666	9,20306	123,7966	6,53654
126,1516	9,20383	123,7846	6,53498
126,1386	9,20041	123,7686	6,53341
126,1266	9,2044	123,7566	6,53185
126,1136	9,20907	123,7446	6,53029
126,0986	9,20963	123,7316	6,52875
126,0856	9,21203	123,7196	6,52721
126,0736	9,21361	123,7036	6,52567
126,0576	9,21447	123,6916	6,52413
126,0456	9,21531	123,6786	6,52259
126,0336	9,2162	123,6666	6,52105
126,0176	9,21809	123,6506	6,5195
126,0056	9,2174	123,6386	6,51796
125,9926	9,2177	123,6256	6,51642
125,9806	9,21597	123,6106	6,51488
125,9676	9,21703	123,5986	6,51333
125,9526	9,21611	123,5736	6,51179
125,9396	9,21844	123,5576	6,51026
125,9276	9,21845	123,5456	6,50874
125,9156	9,22231	123,5326	6,50721
125,8996	9,2202	123,5206	6,50568
125,8876	9,22281	123,5076	6,50417
125,8746	9,22283	123,4956	6,50266
125,8596	9,22694	123,4836	6,50116
125,8466	9,22724	123,4706	6,49965
125,8346	9,2263	123,4586	6,49816
125,8186	9,22459	123,4456	6,49666
125,8066	9,22677	123,4336	6,49516
125,7936	9,22667	123,4206	6,49366
125,7816	9,22423	123,4086	6,49215
125,7696	9,22811	123,3966	6,49066
125,7536	9,22575	123,3836	6,48915
125,7416	9,22468	123,3586	6,48765
125,7286	9,22228	123,3466	6,48614
125,7166	9,22444	123,3346	6,48465
125,7036	9,23254	123,3186	6,48316
125,6886	9,22911	123,3066	6,48168
125,6756	9,23356	123,2936	6,4802
125,6636	9,23289	123,2786	6,47873
125,6516	9,23613	123,2656	6,47726
125,6356	9,23602	123,2506	6,4758
125,6236	9,2332	123,2376	6,47432
125,6106	9,24438	123,2256	6,47285
125,5986	9,24699	123,2096	6,47138
125,5826	9,2567	123,1976	6,46991
125,5706	9,25569	123,1846	6,46844
125,5576	9,25679	123,1726	6,46697
125,5426	9,26151	123,1566	6,46551
125,5296	9,2587	123,1446	6,46404
125,5176	9,2576	123,1296	6,46258
125,5056	9,25895	123,1166	6,46112
125,4896	9,26354	123,1046	6,45968
125,4776	9,26241	123,0916	6,45825
125,4646	9,26573	123,0766	6,45683
125,4526	9,26869	123,0636	6,4554
125,4366	9,27179	123,0516	6,45398
125,4246	9,27262	123,0386	6,45256
125,4116	9,26958	123,0266	6,45114
125,3996	9,26842	123,0116	6,44973
125,3876	9,26795	122,9986	6,44831
125,3596	9,26467	122,9866	6,44689
125,3466	9,26777	122,9736	6,44548
125,3346	9,26387	122,9586	6,44407
125,3186	9,27046	122,9456	6,44265
125,3066	9,26914	122,9306	6,44124
125,2936	9,2687	122,9176	6,43981
125,2816	9,271	122,9056	6,43839
125,2696	9,27388	122,8926	6,43697
125,2536	9,2722	122,8806	6,43556
125,2416	9,27507	122,8656	6,43416
125,2286	9,27423	122,8526	6,43277
125,2136	9,27295	122,8406	6,43138
125,2006	9,2737	122,8276	6,43001
125,1886	9,27332	122,8156	6,42863
125,1756	9,26984	122,8026	6,42725
125,1636	9,27488	122,7876	6,42588
125,1476	9,27338	122,7746	6,4245
125,1356	9,27317	122,7626	6,42313
125,1236	9,27404	122,7466	6,42174
125,1106	9,27667	122,7346	6,42037
125,0956	9,2754	122,7226	6,419
125,0826	9,28075	122,7096	6,41762
125,0706	9,28121	122,6976	6,41625
125,0576	9,28159	122,6846	6,41488
125,0426	9,28403	122,6696	6,41351
125,0296	9,28247	122,6566	6,41213
125,0176	9,28412	122,6416	6,41075
125,0056	9,2831	122,6286	6,40938
124,9896	9,28268	122,6166	6,40799
124,9776	9,2832	122,6046	6,40661
124,9616	9,28332	122,5916	6,40522
124,9496	9,28401	122,5766	6,40384
124,9366	9,28648	122,5636	6,40247
124,9216	9,28663	122,5516	6,4011
124,9086	9,28893	122,5386	6,39972
124,8966	9,29194	122,5236	6,39834
124,8836	9,29469	122,4986	6,39696
124,8716	9,29528	122,4826	6,39559
124,8556	9,29643	122,4706	6,39422
124,8436	9,29952	122,4586	6,39285
124,8316	9,29921	122,4456	6,39147
124,8186	9,29805	122,4336	6,3901
124,8036	9,30088	122,4176	6,38872
124,7906	9,30276	122,4056	6,38735
124,7786	9,30382	122,3926	6,38599
124,7656	9,3053	122,3776	6,38464
124,7536	9,30424	122,3646	6,38329
124,7416	9,30297	122,3526	6,38194
124,7256	9,30588	122,3406	6,38059
124,7136	9,30615	122,3246	6,37923
124,7006	9,3095	122,3126	6,37788
124,6856	9,31203	122,2966	6,37653
124,6726	9,31279	122,2846	6,37518
124,6606	9,31214	122,2716	6,37384
124,6446	9,3166	122,2566	6,37251
124,6326	9,31274	122,2436	6,37118
124,6196	9,31658	122,2316	6,36985
124,6076	9,31626	122,2156	6,36852
124,5796	9,3144	122,2036	6,36719
124,5676	9,31344	122,1916	6,36586
124,5546	9,31561	122,1756	6,36453
124,5426	9,31454	122,1636	6,3632
124,5266	9,31253	122,1506	6,36187
124,5146	9,31728	122,1386	6,36052
124,5016	9,31636	122,1256	6,35917
124,4866	9,32238	122,1106	6,35782
124,4736	9,3221	122,0976	6,35647
124,4616	9,3214	122,0856	6,35511
124,4456	9,32439	122,0726	6,35375
124,4336	9,32266	122,0576	6,35239
124,4186	9,32502	122,0456	6,35104
124,4056	9,3213	122,0326	6,34969
124,3936	9,32679	122,0206	6,34834
124,3776	9,32276	122,0076	6,34699
124,3656	9,32664	121,9956	6,34564
124,3526	9,32307	121,9796	6,34428
124,3406	9,3246	121,9676	6,34293
124,3316	9,33	121,9546	6,34157
124,3156	9,33081	121,9396	6,34022
124,3036	9,3312	121,9276	6,33886
124,2936	9,33214	121,9146	6,3375
124,2816	9,33508	121,9026	6,33614
124,2656	9,33638	121,8866	6,33476
124,2566	9,33813	121,8746	6,33339
124,2406	9,33781	121,8616	6,33202
124,2316	9,33444	121,8466	6,33065
124,2036	9,33827	121,8336	6,32928
124,1916	9,34146	121,8216	6,32791
124,1786	9,32388	121,8086	6,32654
124,1666	9,33173	121,7966	6,32517
124,1546	9,33081	121,7816	6,3238
124,1416	9,33247	121,7686	6,32243
124,1266	9,33348	121,7566	6,32107
124,1136	9,33793	121,7436	6,31971
124,1016	9,33571	121,7286	6,31835
124,0886	9,34236	121,7156	6,31699
124,0766	9,33921	121,7036	6,31561
124,0636	9,34483	121,6906	6,31423
124,0516	9,34736	121,6786	6,31283
124,0356	9,34563	121,6636	6,31144
124,0236	9,34819	121,6506	6,31004
124,0116	9,34773	121,6386	6,30865
123,9986	9,35029	121,6226	6,30726
123,9836	9,34796	121,6106	6,30586
123,9706	9,34953	121,5976	6,30447
123,9586	9,34546	121,5826	6,30309
123,9426	9,34762	121,5696	6,3017
123,9306	9,34516	121,5576	6,30031
123,9176	9,35145	121,5446	6,29892
123,9026	9,3463	121,5176	6,29754
123,8896	9,35262	121,5046	6,29616
123,8776	9,35369	121,4896	6,29476
123,8626	9,35504	121,4766	6,29335
123,8496	9,3576	121,4646	6,29195
123,8376	9,35899	121,4516	6,29054
123,8216	9,35838	121,4396	6,28912
123,8096	9,36108	121,4236	6,2877
123,7966	9,3574	121,4116	6,28628
123,7846	9,35805	121,3986	6,28485
123,7686	9,35952	121,3836	6,28342
123,7566	9,36026	121,3716	6,282
123,7446	9,36099	121,3586	6,28056
123,7316	9,36444	121,3466	6,27912
123,7196	9,36625	121,3336	6,27768
123,7036	9,36834	121,3186	6,27624
123,6916	9,37218	121,3056	6,27479
123,6786	9,36985	121,2936	6,27333
123,6666	9,37266	121,2776	6,27187
123,6506	9,37222	121,2656	6,27042
123,6386	9,37368	121,2536	6,26897
123,6256	9,37215	121,2376	6,26752
123,6106	9,37575	121,2256	6,26607
123,5986	9,36969	121,2126	6,26461
123,5736	9,36987	121,1976	6,26315
123,5576	9,37089	121,1846	6,26168
123,5456	9,37493	121,1726	6,26022
123,5326	9,37595	121,1596	6,25875
123,5206	9,3745	121,1476	6,25727
123,5076	9,38045	121,1316	6,25579
123,4956	9,37784	121,1196	6,2543
123,4836	9,38107	121,1076	6,25282
123,4706	9,38032	121,0946	6,25132
123,4586	9,38313	121,0826	6,2498
123,4456	9,38446	121,0666	6,24829
123,4336	9,38668	121,0546	6,24678
123,4206	9,38346	121,0416	6,24527
123,4086	9,38412	121,0266	6,24375
123,3966	9,38508	121,0136	6,24222
123,3836	9,38279	121,0016	6,24069
123,3586	9,38396	120,9896	6,23915
123,3466	9,38324	120,9766	6,23761
123,3346	9,38384	120,9646	6,23607
123,3186	9,38406	120,9486	6,23453
123,3066	9,38822	120,9366	6,23299
123,2936	9,38954	120,9236	6,23143
123,2786	9,39479	120,9116	6,22987
123,2656	9,39235	120,8986	6,22831
123,2506	9,39571	120,8866	6,22674
123,2376	9,38921	120,8586	6,22517
123,2256	9,39296	120,8466	6,22359
123,2096	9,39227	120,8306	6,22201
123,1976	9,39259	120,8186	6,22041
123,1846	9,39287	120,8086	6,21882
123,1726	9,39265	120,7936	6,21722
123,1566	9,39149	120,7806	6,2156
123,1446	9,39208	120,7686	6,21398
123,1296	9,39012	120,7566	6,21236
123,1166	9,39388	120,7436	6,21073
123,1046	9,39791	120,7316	6,20911
123,0916	9,39611	120,7156	6,20749
123,0766	9,40029	120,7066	6,20585
123,0636	9,40255	120,6906	6,20422
123,0516	9,40157	120,6786	6,20258
123,0386	9,40134	120,6656	6,20093
123,0266	9,40569	120,6536	6,19928
123,0116	9,40552	120,6416	6,19763
122,9986	9,40492	120,6286	6,19597
122,9866	9,40272	120,6166	6,1943
122,9736	9,40425	120,6036	6,19263
122,9586	9,40595	120,5886	6,19095
122,9456	9,40768	120,5756	6,18927
122,9306	9,40954	120,5636	6,18759
122,9176	9,4106	120,5356	6,1859
122,9056	9,41099	120,5236	6,18422
122,8926	9,41467	120,5106	6,18254
122,8806	9,41634	120,4986	6,18085
122,8656	9,41744	120,4856	6,17917
122,8526	9,41633	120,4736	6,17747
122,8406	9,4157	120,4606	6,17576
122,8276	9,41612	120,4486	6,17406
122,8156	9,41544	120,4366	6,17234
122,8026	9,41539	120,4236	6,17062
122,7876	9,41458	120,4116	6,16888
122,7746	9,41423	120,3986	6,16713
122,7626	9,41334	120,3866	6,16537
122,7466	9,41752	120,3746	6,1636
122,7346	9,41539	120,3496	6,16183
122,7226	9,41989	120,3366	6,16005
122,7096	9,41836	120,3246	6,15827
122,6976	9,42529	120,3086	6,15649
122,6846	9,42481	120,2966	6,1547
122,6696	9,42973	120,2836	6,15291
122,6566	9,42639	120,2716	6,1511
122,6416	9,42657	120,2556	6,14929
122,6286	9,4282	120,2436	6,14748
122,6166	9,42653	120,2316	6,14567
122,6046	9,42827	120,2186	6,14386
122,5916	9,42731	120,2066	6,14206
122,5766	9,42783	120,1936	6,14024
122,5636	9,42562	120,1786	6,13841
122,5516	9,42588	120,1656	6,13658
122,5386	9,42975	120,1536	6,13473
122,5236	9,4299	120,1376	6,13286
122,4986	9,43417	120,1256	6,13099
122,4826	9,43264	120,1136	6,12911
122,4706	9,43521	120,0976	6,12723
122,4586	9,43634	120,0856	6,12535
122,4456	9,43757	120,0726	6,12346
122,4336	9,43574	120,0606	6,12156
122,4176	9,4359	120,0446	6,11967
122,4056	9,43464	120,0326	6,11777
122,3926	9,43375	120,0196	6,11587
122,3776	9,43468	120,0076	6,11396
122,3646	9,43687	119,9916	6,11205
122,3526	9,43704	119,9796	6,11015
122,3406	9,43608	119,9676	6,10824
122,3246	9,4383	119,9546	6,10633
122,3126	9,43821	119,9396	6,10441
122,2966	9,44082	119,9266	6,10249
122,2846	9,44286	119,9146	6,10056
122,2716	9,44269	119,8986	6,09862
122,2566	9,44519	119,8866	6,09669
122,2436	9,44369	119,8736	6,09475
122,2316	9,44527	119,8616	6,0928
122,2156	9,4427	119,8456	6,09085
122,2036	9,44388	119,8336	6,0889
122,1916	9,44057	119,8216	6,08694
122,1756	9,44488	119,8086	6,08499
122,1636	9,43987	119,7936	6,08302
122,1506	9,44858	119,7806	6,08104
122,1386	9,44032	119,7686	6,07907
122,1256	9,44525	119,7556	6,07709
122,1106	9,44782	119,7436	6,0751
122,0976	9,45004	119,7276	6,07311
122,0856	9,45242	119,7156	6,07111
122,0726	9,45509	119,7036	6,06911
122,0576	9,44894	119,6906	6,0671
122,0456	9,45176	119,6626	6,06509
122,0326	9,44793	119,6506	6,06308
122,0206	9,45383	119,6346	6,06107
122,0076	9,44905	119,6226	6,05906
121,9956	9,45757	119,6096	6,05704
121,9796	9,45039	119,5976	6,05502
121,9676	9,44671	119,5856	6,053
121,9546	9,44736	119,5726	6,05097
121,9396	9,45239	119,5606	6,04892
121,9276	9,45787	119,5476	6,04687
121,9146	9,46011	119,5356	6,04483
121,9026	9,46187	119,5226	6,04278
121,8866	9,45927	119,5106	6,04073
121,8746	9,4642	119,4986	6,03867
121,8616	9,46504	119,4856	6,0366
121,8466	9,46493	119,4736	6,03453
121,8336	9,4672	119,4486	6,03247
121,8216	9,4666	119,4356	6,0304
121,8086	9,46501	119,4206	6,02834
121,7966	9,46854	119,4086	6,02627
121,7816	9,46516	119,3956	6,02422
121,7686	9,46689	119,3806	6,02216
121,7566	9,46747	119,3676	6,02009
121,7436	9,47327	119,3556	6,01802
121,7286	9,46641	119,3426	6,01595
121,7156	9,47196	119,3276	6,01386
121,7036	9,47469	119,3146	6,01177
121,6906	9,47659	119,3026	6,00969
121,6786	9,47709	119,2906	6,0076
121,6636	9,47538	119,2776	6,00552
121,6506	9,47761	119,2656	6,00343
121,6386	9,47871	119,2526	6,00134
121,6226	9,48042	119,2406	5,99925
121,6106	9,47528	119,2276	5,99716
121,5976	9,47926	119,2156	5,99508
121,5826	9,4772	119,2036	5,99301
121,5696	9,47754	119,1906	5,99094
121,5576	9,4794	119,1756	5,98887
121,5446	9,48082	119,1656	5,98679
121,5176	9,48451	119,1536	5,98472
121,5046	9,48483	119,1286	5,98264
121,4896	9,48494	119,1126	5,98057
121,4766	9,48668	119,1006	5,9785
121,4646	9,48716	119,0886	5,97642
121,4516	9,4877	119,0756	5,97434
121,4396	9,48989	119,0606	5,97226
121,4236	9,49086	119,0476	5,97018
121,4116	9,4888	119,0356	5,96809
121,3986	9,4892	119,0226	5,96599
121,3836	9,48696	119,0076	5,96391
121,3716	9,48886	118,9946	5,96183
121,3586	9,48841	118,9826	5,95975
121,3466	9,49098	118,9706	5,95766
121,3336	9,49288	118,9546	5,95557
121,3186	9,49287	118,9426	5,95348
121,3056	9,4953	118,9296	5,95139
121,2936	9,49837	118,9176	5,94929
121,2776	9,49753	118,9016	5,94719
121,2656	9,49891	118,8896	5,94509
121,2536	9,49786	118,8766	5,94298
121,2376	9,49824	118,8616	5,94087
121,2256	9,49872	118,8486	5,93876
121,2126	9,49716	118,8366	5,93665
121,1976	9,49775	118,8246	5,93455
121,1846	9,49638	118,8086	5,93245
121,1726	9,49677	118,7966	5,93035
121,1596	9,49762	118,7806	5,92825
121,1476	9,49857	118,7686	5,92615
121,1316	9,50204	118,7556	5,92406
121,1196	9,50194	118,7436	5,92197
121,1076	9,5055	118,7276	5,91988
121,0946	9,50488	118,7156	5,9178
121,0826	9,50799	118,6996	5,91572
121,0666	9,50729	118,6876	5,91364
121,0546	9,51027	118,6756	5,91156
121,0416	9,50848	118,6626	5,90949
121,0266	9,50773	118,6506	5,90742
121,0136	9,50794	118,6376	5,90535
121,0016	9,50643	118,6226	5,90328
120,9896	9,50438	118,6096	5,90121
120,9766	9,50692	118,5976	5,89914
120,9646	9,50591	118,5846	5,89708
120,9486	9,51157	118,5726	5,89502
120,9366	9,50889	118,5576	5,89295
120,9236	9,51208	118,5446	5,89088
120,9116	9,51418	118,5326	5,88882
120,8986	9,51675	118,5166	5,88676
120,8866	9,51665	118,5046	5,88471
120,8586	9,51928	118,4886	5,88267
120,8466	9,51969	118,4766	5,88063
120,8306	9,52004	118,4636	5,8786
120,8186	9,51598	118,4516	5,87658
120,8086	9,51629	118,4386	5,87456
120,7936	9,51786	118,4236	5,87255
120,7806	9,51287	118,4116	5,87054
120,7686	9,51806	118,3956	5,86854
120,7566	9,51984	118,3836	5,86655
120,7436	9,52096	118,3706	5,86456
120,7316	9,51849	118,3556	5,86257
120,7156	9,5255	118,3426	5,86057
120,7066	9,5241	118,3306	5,85858
120,6906	9,53015	118,3146	5,8566
120,6786	9,53036	118,3026	5,85463
120,6656	9,53263	118,2896	5,85266
120,6536	9,53208	118,2776	5,85071
120,6416	9,53265	118,2616	5,84876
120,6286	9,53175	118,2496	5,84681
120,6166	9,53232	118,2376	5,84488
120,6036	9,53118	118,2246	5,84295
120,5886	9,53348	118,2096	5,84103
120,5756	9,53393	118,1966	5,83914
120,5636	9,5353	118,1846	5,83725
120,5356	9,53644	118,1716	5,83536
120,5236	9,53902	118,1566	5,83346
120,5106	9,53999	118,1316	5,83158
120,4986	9,54493	118,1156	5,82969
120,4856	9,54065	118,1066	5,82781
120,4736	9,54493	118,0946	5,82594
120,4606	9,54433	118,0786	5,82407
120,4486	9,54873	118,0696	5,82221
120,4366	9,54542	118,0566	5,82036
120,4236	9,54756	118,0446	5,81851
120,4116	9,5462	118,0326	5,81667
120,3986	9,54583	118,0196	5,81483
120,3866	9,54481	118,0076	5,813
120,3746	9,54354	117,9946	5,81117
120,3496	9,54767	117,9826	5,80936
120,3366	9,54937	117,9576	5,80755
120,3246	9,54817	117,9456	5,80574
120,3086	9,55365	117,9326	5,80394
120,2966	9,55397	117,9176	5,80214
120,2836	9,55569	117,9046	5,80035
120,2716	9,55237	117,8926	5,79856
120,2556	9,55452	117,8766	5,79679
120,2436	9,55319	117,8646	5,79502
120,2316	9,55651	117,8516	5,79325
120,2186	9,55557	117,8366	5,79149
120,2066	9,55028	117,8236	5,78975
120,1936	9,55685	117,8116	5,788
120,1786	9,54916	117,7996	5,78626
120,1656	9,55462	117,7836	5,78453
120,1536	9,5533	117,7716	5,7828
120,1376	9,55818	117,7586	5,7811
120,1256	9,55559	117,7436	5,77939
120,1136	9,5614	117,7306	5,77769
120,0976	9,56195	117,7156	5,776
120,0856	9,56412	117,7026	5,77432
120,0726	9,5658	117,6906	5,77265
120,0606	9,56527	117,6746	5,77098
120,0446	9,5664	117,6626	5,76932
120,0326	9,56293	117,6466	5,76766
120,0196	9,56221	117,6346	5,76601
120,0076	9,56638	117,6226	5,76437
119,9916	9,55889	117,6096	5,76274
119,9796	9,56776	117,5946	5,76109
119,9676	9,56325	117,5816	5,75946
119,9546	9,56715	117,5696	5,75784
119,9396	9,5693	117,5566	5,75623
119,9266	9,56876	117,5416	5,75463
119,9146	9,57161	117,5286	5,75304
119,8986	9,57448	117,5166	5,75145
119,8866	9,57547	117,5006	5,74987
119,8736	9,57236	117,4886	5,7483
119,8616	9,57544	117,4766	5,74674
119,8456	9,57069	117,4636	5,7452
119,8336	9,57719	117,4516	5,74365
119,8216	9,56922	117,4356	5,74211
119,8086	9,5739	117,4236	5,74059
119,7936	9,57863	117,4106	5,73906
119,7806	9,5769	117,3986	5,73754
119,7686	9,57867	117,3866	5,73602
119,7556	9,58053	117,3706	5,73451
119,7436	9,57928	117,3586	5,733
119,7276	9,5819	117,3456	5,7315
119,7156	9,58539	117,3306	5,73
119,7036	9,58775	117,3176	5,72851
119,6906	9,58894	117,3056	5,72703
119,6626	9,5891	117,2926	5,72555
119,6506	9,58506	117,2776	5,72407
119,6346	9,59003	117,2646	5,7226
119,6226	9,58759	117,2526	5,72113
119,6096	9,58316	117,2406	5,71967
119,5976	9,58508	117,2276	5,71822
119,5856	9,58532	117,2156	5,71677
119,5726	9,584	117,1996	5,71533
119,5606	9,58916	117,1876	5,7139
119,5476	9,5905	117,1746	5,71247
119,5356	9,58838	117,1626	5,71104
119,5226	9,59484	117,1466	5,70963
119,5106	9,59764	117,1346	5,70823
119,4986	9,59803	117,1226	5,70685
119,4856	9,59998	117,1066	5,70547
119,4736	9,59554	117,0946	5,7041
119,4486	9,5988	117,0816	5,70273
119,4356	9,5985	117,0696	5,70137
119,4206	9,60245	117,0566	5,70001
119,4086	9,59651	117,0416	5,69867
119,3956	9,59967	117,0166	5,69733
119,3806	9,60193	117,0046	5,69599
119,3676	9,60053	116,9886	5,69467
119,3556	9,60545	116,9766	5,69335
119,3426	9,60548	116,9636	5,69202
119,3276	9,60713	116,9516	5,6907
119,3146	9,60655	116,9356	5,68939
119,3026	9,61339	116,9236	5,68809
119,2906	9,60895	116,9076	5,6868
119,2776	9,61304	116,8956	5,68551
119,2656	9,6106	116,8826	5,68423
119,2526	9,61157	116,8706	5,68295
119,2406	9,6113	116,8546	5,68167
119,2276	9,61026	116,8426	5,6804
119,2156	9,60868	116,8306	5,67911
119,2036	9,61193	116,8146	5,67783
119,1906	9,61273	116,8026	5,67656
119,1756	9,61079	116,7896	5,6753
119,1656	9,61558	116,7746	5,67404
119,1536	9,61473	116,7616	5,67279
119,1286	9,61399	116,7496	5,67155
119,1126	9,61595	116,7366	5,67031
119,1006	9,6205	116,7246	5,66908
119,0886	9,62069	116,7086	5,66785
119,0756	9,62092	116,6966	5,66662
119,0606	9,62131	116,6806	5,66539
119,0476	9,62156	116,6686	5,66418
119,0356	9,6163	116,6566	5,66298
119,0226	9,61989	116,6436	5,66177
119,0076	9,61605	116,6286	5,66057
118,9946	9,61509	116,6156	5,65938
118,9826	9,61575	116,6036	5,65818
118,9706	9,61397	116,5906	5,657
118,9546	9,62124	116,5756	5,65581
118,9426	9,61972	116,5626	5,65464
118,9296	9,62354	116,5506	5,65346
118,9176	9,63044	116,5386	5,65228
118,9016	9,62464	116,5226	5,65109
118,8896	9,62766	116,5106	5,6499
118,8766	9,6247	116,4946	5,64872
118,8616	9,62693	116,4826	5,64753
118,8486	9,62102	116,4696	5,64636
118,8366	9,62143	116,4546	5,64518
118,8246	9,61823	116,4416	5,64401
118,8086	9,62101	116,4296	5,64285
118,7966	9,6216	116,4166	5,64168
118,7806	9,62037	116,4046	5,64052
118,7686	9,62145	116,3896	5,63936
118,7556	9,61847	116,3766	5,6382
118,7436	9,62424	116,3646	5,63704
118,7276	9,62529	116,3486	5,63588
118,7156	9,63161	116,3366	5,63473
118,6996	9,6306	116,3236	5,63358
118,6876	9,63198	116,3116	5,63242
118,6756	9,63094	116,2956	5,63126
118,6626	9,63387	116,2836	5,6301
118,6506	9,63287	116,2706	5,62895
118,6376	9,63272	116,2556	5,6278
118,6226	9,63123	116,2436	5,62667
118,6096	9,63022	116,2306	5,62553
118,5976	9,62777	116,2156	5,62441
118,5846	9,62862	116,2026	5,62329
118,5726	9,62928	116,1906	5,62219
118,5576	9,62751	116,1776	5,62108
118,5446	9,63062	116,1656	5,61999
118,5326	9,63192	116,1496	5,61891
118,5166	9,63464	116,1376	5,61784
118,5046	9,63556	116,1256	5,61676
118,4886	9,63674	116,1096	5,6157
118,4766	9,63519	116,0976	5,61463
118,4636	9,64014	116,0846	5,61357
118,4516	9,63738	116,0726	5,61251
118,4386	9,64215	116,0566	5,61144
118,4236	9,63869	116,0446	5,61037
118,4116	9,63751	116,0316	5,6093
118,3956	9,63751	116,0196	5,60823
118,3836	9,63886	116,0036	5,60716
118,3706	9,64487	115,9916	5,60609
118,3556	9,64676	115,9796	5,60502
118,3426	9,64775	115,9666	5,60395
118,3306	9,64953	115,9546	5,60288
118,3146	9,6471	115,9386	5,60181
118,3026	9,65386	115,9266	5,60074
118,2896	9,6545	115,9136	5,59968
118,2776	9,653	115,8986	5,59862
118,2616	9,65525	115,8856	5,59756
118,2496	9,65401	115,8736	5,59649
118,2376	9,65662	115,8576	5,59543
118,2246	9,6555	115,8456	5,59437
118,2096	9,65585	115,8336	5,5933
118,1966	9,65545	115,8056	5,59224
118,1846	9,65703	115,7926	5,59117
118,1716	9,65708	115,7806	5,5901
118,1566	9,66085	115,7676	5,58903
118,1316	9,65902	115,7556	5,58796
118,1156	9,66285	115,7426	5,58689
118,1066	9,66339	115,7276	5,58581
118,0946	9,66659	115,7186	5,58473
118,0786	9,6645	115,7056	5,58365
118,0696	9,66573	115,6906	5,58257
118,0566	9,66957	115,6806	5,58148
118,0446	9,66439	115,6686	5,5804
118,0326	9,66313	115,6566	5,57932
118,0196	9,66786	115,6436	5,57824
118,0076	9,66387	115,6316	5,57716
117,9946	9,6652	115,6186	5,57607
117,9826	9,66716	115,6036	5,57498
117,9576	9,67002	115,5816	5,57389
117,9456	9,67307	115,5656	5,57279
117,9326	9,67476	115,5536	5,5717
117,9176	9,67685	115,5416	5,57061
117,9046	9,67797	115,5286	5,56952
117,8926	9,6777	115,5166	5,56842
117,8766	9,67949	115,5006	5,56731
117,8646	9,68113	115,4916	5,5662
117,8516	9,67971	115,4786	5,56508
117,8366	9,67794	115,4666	5,56398
117,8236	9,67849	115,4546	5,56287
117,8116	9,67935	115,4416	5,56176
117,7996	9,67795	115,4266	5,56065
117,7836	9,67871	115,4166	5,55954
117,7716	9,67941	115,4016	5,55844
117,7586	9,67836	115,3886	5,55733
117,7436	9,68294	115,3646	5,55622
117,7306	9,68719	115,3486	5,55511
117,7156	9,69097	115,3366	5,554
117,7026	9,69285	115,3236	5,55288
117,6906	9,69048	115,3116	5,55177
117,6746	9,69156	115,2986	5,55066
117,6626	9,69152	115,2866	5,54954
117,6466	9,69734	115,2736	5,54841
117,6346	9,6969	115,2616	5,54728
117,6226	9,69671	115,2496	5,54615
117,6096	9,69716	115,2366	5,54502
117,5946	9,6912	115,2246	5,54388
117,5816	9,68461	115,2116	5,54275
117,5696	9,68747	115,1996	5,54161
117,5566	9,69187	115,1866	5,54046
117,5416	9,69611	115,1626	5,53932
117,5286	9,69452	115,1496	5,53818
117,5166	9,68557	115,1346	5,53704
117,5006	9,69526	115,1216	5,5359
117,4886	9,69205	115,1096	5,53475
117,4766	9,69438	115,0936	5,5336
117,4636	9,69831	115,0816	5,53246
117,4516	9,70141	115,0656	5,5313
117,4356	9,69901	115,0536	5,53014
117,4236	9,70229	115,0416	5,52898
117,4106	9,69655	115,0286	5,52781
117,3986	9,70115	115,0166	5,52664
117,3866	9,6983	115,0066	5,52547
117,3706	9,69814	114,9916	5,5243
117,3586	9,7003	114,9786	5,52314
117,3456	9,70554	114,9666	5,52199
117,3306	9,70392	114,9546	5,52084
117,3176	9,7048	114,9416	5,5197
117,3056	9,70727	114,9296	5,51854
117,2926	9,70735	114,9166	5,5174
117,2776	9,70683	114,9046	5,51627
117,2646	9,70684	114,8916	5,51515
117,2526	9,70575	114,8796	5,51403
117,2406	9,70549	114,8516	5,51289
117,2276	9,70653	114,8396	5,51174
117,2156	9,70573	114,8266	5,51059
117,1996	9,70463	114,8146	5,50944
117,1876	9,70691	114,8016	5,50829
117,1746	9,71008	114,7896	5,50714
117,1626	9,70836	114,7776	5,50597
117,1466	9,71248	114,7676	5,50481
117,1346	9,71237	114,7526	5,50364
117,1226	9,71774	114,7396	5,50248
117,1066	9,71947	114,7276	5,50131
117,0946	9,71887	114,7146	5,50015
117,0816	9,71803	114,7026	5,499
117,0696	9,71659	114,6776	5,49785
117,0566	9,71679	114,6656	5,49669
117,0416	9,71807	114,6526	5,49554
117,0166	9,71791	114,6376	5,49439
117,0046	9,71388	114,6246	5,49324
116,9886	9,71864	114,6126	5,49209
116,9766	9,71512	114,5996	5,49094
116,9636	9,71828	114,5876	5,48978
116,9516	9,71785	114,5726	5,48862
116,9356	9,71917	114,5596	5,48747
116,9236	9,72086	114,5476	5,48631
116,9076	9,72494	114,5346	5,48516
116,8956	9,72485	114,5196	5,48401
116,8826	9,72612	114,5066	5,48286
116,8706	9,72714	114,4946	5,48171
116,8546	9,72226	114,4816	5,48056
116,8426	9,72125	114,4696	5,47941
116,8306	9,72456	114,4536	5,47827
116,8146	9,72398	114,4416	5,47712
116,8026	9,72357	114,4296	5,47596
116,7896	9,72908	114,4166	5,47479
116,7746	9,72481	114,4046	5,47362
116,7616	9,72744	114,3886	5,47245
116,7496	9,72766	114,3766	5,47129
116,7366	9,73459	114,3636	5,47012
116,7246	9,73397	114,3516	5,46895
116,7086	9,73551	114,3356	5,46779
116,6966	9,74023	114,3236	5,46662
116,6806	9,73683	114,3116	5,46545
116,6686	9,74169	114,2956	5,46429
116,6566	9,73846	114,2836	5,46315
116,6436	9,74037	114,2676	5,462
116,6286	9,73781	114,2556	5,46086
116,6156	9,73634	114,2426	5,45971
116,6036	9,73877	114,2276	5,45856
116,5906	9,73833	114,2146	5,45741
116,5756	9,73846	114,2026	5,45626
116,5626	9,73849	114,1896	5,4551
116,5506	9,73956	114,1776	5,45395
116,5386	9,7454	114,1626	5,45279
116,5226	9,74558	114,1496	5,45165
116,5106	9,74876	114,1376	5,45051
116,4946	9,74839	114,1246	5,44937
116,4826	9,75084	114,1096	5,44823
116,4696	9,75083	114,0966	5,44709
116,4546	9,75217	114,0846	5,44596
116,4416	9,74903	114,0686	5,44482
116,4296	9,75062	114,0566	5,4437
116,4166	9,74847	114,0436	5,44257
116,4046	9,74916	114,0286	5,44145
116,3896	9,75027	114,0166	5,44032
116,3766	9,75254	114,0036	5,4392
116,3646	9,75358	113,9886	5,43808
116,3486	9,75592	113,9756	5,43696
116,3366	9,75557	113,9636	5,43584
116,3236	9,76006	113,9506	5,43473
116,3116	9,76071	113,9386	5,43363
116,2956	9,76157	113,9226	5,43253
116,2836	9,7602	113,9106	5,43142
116,2706	9,76134	113,8986	5,43032
116,2556	9,76044	113,8826	5,42922
116,2436	9,75961	113,8706	5,42812
116,2306	9,75678	113,8576	5,42702
116,2156	9,75817	113,8456	5,42593
116,2026	9,75741	113,8176	5,42485
116,1906	9,7589	113,8046	5,42378
116,1776	9,75995	113,7926	5,4227
116,1656	9,75998	113,7796	5,42163
116,1496	9,76122	113,7676	5,42054
116,1376	9,76357	113,7556	5,41946
116,1256	9,76379	113,7426	5,41839
116,1096	9,76693	113,7306	5,41732
116,0976	9,76535	113,7176	5,41625
116,0846	9,76229	113,7056	5,41518
116,0726	9,76242	113,6936	5,41412
116,0566	9,76048	113,6806	5,41306
116,0446	9,76465	113,6686	5,41201
116,0316	9,76624	113,6556	5,41096
116,0196	9,76941	113,6306	5,40991
116,0036	9,76799	113,6186	5,40887
115,9916	9,76556	113,6066	5,40784
115,9796	9,76779	113,5906	5,40682
115,9666	9,76769	113,5786	5,4058
115,9546	9,77088	113,5656	5,40479
115,9386	9,77441	113,5506	5,40379
115,9266	9,77339	113,5376	5,40277
115,9136	9,77466	113,5256	5,40176
115,8986	9,77534	113,5126	5,40076
115,8856	9,7755	113,5006	5,39974
115,8736	9,77674	113,4846	5,39872
115,8576	9,77504	113,4726	5,39772
115,8456	9,77406	113,4606	5,39671
115,8336	9,77416	113,4446	5,39569
115,8056	9,77345	113,4326	5,39467
115,7926	9,77619	113,4196	5,39365
115,7806	9,77747	113,4076	5,39263
115,7676	9,77798	113,3916	5,39162
115,7556	9,78074	113,3796	5,39061
115,7426	9,7788	113,3636	5,3896
115,7276	9,78264	113,3516	5,38861
115,7186	9,78146	113,3356	5,38762
115,7056	9,78367	113,3236	5,38665
115,6906	9,78367	113,3106	5,38568
115,6806	9,78306	113,2986	5,38471
115,6686	9,78511	113,2836	5,38374
115,6566	9,78482	113,2706	5,38277
115,6436	9,78373	113,2586	5,3818
115,6316	9,78139	113,2456	5,38084
115,6186	9,78422	113,2306	5,37988
115,6036	9,78716	113,2176	5,37893
115,5816	9,78875	113,2056	5,37798
115,5656	9,79247	113,1926	5,37703
115,5536	9,79394	113,1776	5,37609
115,5416	9,79659	113,1646	5,37515
115,5286	9,79586	113,1526	5,37422
115,5166	9,79638	113,1406	5,37329
115,5006	9,79672	113,1246	5,37237
115,4916	9,79367	113,1126	5,37145
115,4786	9,79842	113,0996	5,37053
115,4666	9,79783	113,0846	5,36962
115,4546	9,79847	113,0716	5,3687
115,4416	9,79491	113,0596	5,36779
115,4266	9,79521	113,0466	5,36688
115,4166	9,79443	113,0346	5,36599
115,4016	9,7958	113,0196	5,3651
115,3886	9,79631	113,0066	5,36421
115,3646	9,7973	112,9946	5,36334
115,3486	9,80028	112,9816	5,36246
115,3366	9,80101	112,9696	5,3616
115,3236	9,80471	112,9536	5,36073
115,3116	9,80611	112,9416	5,35987
115,2986	9,80847	112,9286	5,35901
115,2866	9,80834	112,9166	5,35815
115,2736	9,80702	112,9006	5,35729
115,2616	9,80667	112,8886	5,35643
115,2496	9,8066	112,8766	5,35558
115,2366	9,80412	112,8636	5,35473
115,2246	9,80644	112,8486	5,35388
115,2116	9,80419	112,8356	5,35303
115,1996	9,80725	112,8236	5,35219
115,1866	9,80446	112,8076	5,35135
115,1626	9,81008	112,7956	5,35051
115,1496	9,80828	112,7826	5,34967
115,1346	9,8134	112,7676	5,34884
115,1216	9,81524	112,7546	5,34802
115,1096	9,81661	112,7426	5,3472
115,0936	9,81787	112,7176	5,34638
115,0816	9,81923	112,7026	5,34556
115,0656	9,81859	112,6896	5,34474
115,0536	9,81809	112,6776	5,34392
115,0416	9,81842	112,6616	5,3431
115,0286	9,82069	112,6496	5,34228
115,0166	9,82081	112,6336	5,34147
115,0066	9,82248	112,6216	5,34066
114,9916	9,82426	112,6096	5,33985
114,9786	9,82152	112,5936	5,33905
114,9666	9,83082	112,5816	5,33825
114,9546	9,82977	112,5716	5,33746
114,9416	9,83129	112,5596	5,33668
114,9296	9,83496	112,5466	5,3359
114,9166	9,83523	112,5316	5,33513
114,9046	9,8376	112,5226	5,33437
114,8916	9,83542	112,5066	5,3336
114,8796	9,83695	112,4946	5,33284
114,8516	9,8345	112,4816	5,33209
114,8396	9,83526	112,4696	5,33133
114,8266	9,83512	112,4566	5,33057
114,8146	9,83236	112,4446	5,32981
114,8016	9,83458	112,4316	5,32906
114,7896	9,83798	112,4196	5,3283
114,7776	9,83942	112,3946	5,32756
114,7676	9,83928	112,3826	5,32681
114,7526	9,84302	112,3696	5,32607
114,7396	9,84272	112,3546	5,32534
114,7276	9,8457	112,3416	5,32461
114,7146	9,84635	112,3296	5,32389
114,7026	9,84639	112,3176	5,32317
114,6776	9,84602	112,3016	5,32246
114,6656	9,84141	112,2896	5,32176
114,6526	9,84468	112,2766	5,32104
114,6376	9,84054	112,2646	5,32033
114,6246	9,84079	112,2516	5,31961
114,6126	9,84016	112,2366	5,31889
114,5996	9,83992	112,2236	5,31817
114,5876	9,84134	112,2086	5,31744
114,5726	9,8415	112,1956	5,31671
114,5596	9,84177	112,1806	5,31598
114,5476	9,84588	112,1676	5,31525
114,5346	9,8483	112,1556	5,31454
114,5196	9,84921	112,1436	5,31383
114,5066	9,85109	112,1306	5,31313
114,4946	9,85056	112,1156	5,31243
114,4816	9,84905	112,1026	5,31173
114,4696	9,8515	112,0906	5,31103
114,4536	9,84737	112,0746	5,31033
114,4416	9,84851	112,0626	5,30963
114,4296	9,84791	112,0496	5,30894
114,4166	9,85041	112,0376	5,30825
114,4046	9,85244	112,0216	5,30755
114,3886	9,85217	112,0096	5,30686
114,3766	9,85429	111,9976	5,30616
114,3636	9,85318	111,9846	5,30547
114,3516	9,85616	111,9726	5,30478
114,3356	9,85735	111,9566	5,30409
114,3236	9,86094	111,9446	5,30341
114,3116	9,86136	111,9316	5,30273
114,2956	9,86067	111,9166	5,30205
114,2836	9,85923	111,9036	5,30137
114,2676	9,85741	111,8916	5,30071
114,2556	9,85642	111,8756	5,30004
114,2426	9,85677	111,8636	5,29937
114,2276	9,85905	111,8516	5,2987
114,2146	9,86062	111,8356	5,29804
114,2026	9,85946	111,8236	5,29737
114,1896	9,86026	111,8106	5,2967
114,1776	9,8607	111,7986	5,29604
114,1626	9,87048	111,7856	5,29538
114,1496	9,86868	111,7706	5,29472
114,1376	9,87314	111,7576	5,29407
114,1246	9,87155	111,7456	5,29341
114,1096	9,87644	111,7336	5,29276
114,0966	9,8724	111,7176	5,29211
114,0846	9,87209	111,7056	5,29146
114,0686	9,87232	111,6926	5,29082
114,0566	9,87266	111,6776	5,29018
114,0436	9,87342	111,6646	5,28954
114,0286	9,87239	111,6526	5,28891
114,0166	9,87318	111,6366	5,28829
114,0036	9,87382	111,6246	5,28767
113,9886	9,8742	111,6116	5,28706
113,9756	9,87456	111,5996	5,28644
113,9636	9,8776	111,5876	5,28581
113,9506	9,87847	111,5716	5,28518
113,9386	9,88337	111,5596	5,28456
113,9226	9,88317	111,5466	5,28394
113,9106	9,88446	111,5316	5,28332
113,8986	9,88513	111,5186	5,28272
113,8826	9,88605	111,5066	5,28211
113,8706	9,88416	111,4906	5,2815
113,8576	9,88601	111,4786	5,2809
113,8456	9,88407	111,4666	5,2803
113,8176	9,88488	111,4536	5,2797
113,8046	9,88597	111,4386	5,2791
113,7926	9,88434	111,4256	5,27851
113,7796	9,8861	111,4006	5,27792
113,7676	9,88846	111,3886	5,27734
113,7556	9,8883	111,3726	5,27676
113,7426	9,89318	111,3606	5,27617
113,7306	9,89434	111,3476	5,27559
113,7176	9,89558	111,3356	5,27501
113,7056	9,89341	111,3236	5,27442
113,6936	9,89418	111,3076	5,27385
113,6806	9,89688	111,2956	5,27327
113,6686	9,89514	111,2826	5,27269
113,6556	9,89396	111,2676	5,27212
113,6306	9,89355	111,2546	5,27154
113,6186	9,8928	111,2426	5,27096
113,6066	9,89481	111,2266	5,27036
113,5906	9,89364	111,2146	5,26976
113,5786	9,89673	111,2016	5,26917
113,5656	9,89551	111,1866	5,26858
113,5506	9,89901	111,1746	5,268
113,5376	9,9001	111,1616	5,26742
113,5256	9,90013	111,1496	5,26683
113,5126	9,90208	111,1336	5,26626
113,5006	9,90198	111,1216	5,26569
113,4846	9,90166	111,1086	5,26512
113,4726	9,90302	111,0936	5,26456
113,4606	9,9031	111,0806	5,26399
113,4446	9,90135	111,0686	5,26344
113,4326	9,90386	111,0526	5,26289
113,4196	9,90378	111,0406	5,26234
113,4076	9,90612	111,0286	5,26178
113,3916	9,9075	111,0156	5,26123
113,3796	9,90966	111,0006	5,26069
113,3636	9,91023	110,9876	5,26013
113,3516	9,91379	110,9756	5,25957
113,3356	9,91271	110,9626	5,25901
113,3236	9,91584	110,9476	5,25845
113,3106	9,91602	110,9346	5,25789
113,2986	9,91604	110,9226	5,25732
113,2836	9,91384	110,9066	5,25676
113,2706	9,91656	110,8946	5,25619
113,2586	9,9133	110,8826	5,25563
113,2456	9,91336	110,8696	5,25507
113,2306	9,91307	110,8576	5,2545
113,2176	9,91446	110,8416	5,25394
113,2056	9,91454	110,8296	5,25338
113,1926	9,91833	110,8166	5,25283
113,1776	9,91666	110,8016	5,25227
113,1646	9,9234	110,7886	5,25171
113,1526	9,92301	110,7766	5,25116
113,1406	9,92563	110,7646	5,2506
113,1246	9,92633	110,7516	5,25005
113,1126	9,92662	110,7366	5,2495
113,0996	9,9255	110,7236	5,24895
113,0846	9,9256	110,7116	5,2484
113,0716	9,92551	110,6956	5,24784
113,0596	9,92143	110,6836	5,24729
113,0466	9,92401	110,6706	5,24674
113,0346	9,92371	110,6586	5,24619
113,0196	9,92226	110,6466	5,24563
113,0066	9,92479	110,6306	5,24507
112,9946	9,92617	110,6186	5,24451
112,9816	9,92711	110,6056	5,24395
112,9696	9,9311	110,5936	5,24338
112,9536	9,93265	110,5776	5,24283
112,9416	9,93451	110,5656	5,24229
112,9286	9,93549	110,5526	5,24174
112,9166	9,9364	110,5246	5,24119
112,9006	9,93631	110,5126	5,24065
112,8886	9,93463	110,5006	5,2401
112,8766	9,9343	110,4876	5,23956
112,8636	9,9352	110,4756	5,23902
112,8486	9,93406	110,4596	5,23847
112,8356	9,93519	110,4476	5,23792
112,8236	9,93436	110,4346	5,23737
112,8076	9,93582	110,4196	5,23683
112,7956	9,93615	110,4066	5,23629
112,7826	9,93891	110,3946	5,23575
112,7676	9,94008	110,3826	5,23522
112,7546	9,94001	110,3666	5,23468
112,7426	9,94287	110,3546	5,23414
112,7176	9,94508	110,3416	5,23359
112,7026	9,94599	110,3266	5,23304
112,6896	9,94482	110,3136	5,23249
112,6776	9,94439	110,3016	5,23193
112,6616	9,94402	110,2886	5,23136
112,6496	9,94535	110,2766	5,23079
112,6336	9,94465	110,2606	5,23022
112,6216	9,94464	110,2486	5,22964
112,6096	9,94628	110,2366	5,22907
112,5936	9,94707	110,2236	5,2285
112,5816	9,94738	110,2116	5,22794
112,5716	9,95028	110,1986	5,22739
112,5596	9,95295	110,1836	5,22685
112,5466	9,95261	110,1706	5,2263
112,5316	9,9555	110,1556	5,22575
112,5226	9,95592	110,1426	5,2252
112,5066	9,95498	110,1306	5,22466
112,4946	9,95584	110,1186	5,22411
112,4816	9,95225	110,1026	5,22355
112,4696	9,9548	110,0906	5,22299
112,4566	9,9533	110,0776	5,22243
112,4446	9,9526	110,0626	5,22186
112,4316	9,95597	110,0496	5,22128
112,4196	9,95397	110,0376	5,2207
112,3946	9,95694	110,0216	5,22012
112,3826	9,95867	110,0096	5,21953
112,3696	9,95914	109,9966	5,21895
112,3546	9,96028	109,9846	5,2184
112,3416	9,96138	109,9726	5,21784
112,3296	9,96305	109,9566	5,21728
112,3176	9,96265	109,9446	5,21672
112,3016	9,96255	109,9316	5,21615
112,2896	9,96099	109,9166	5,21559
112,2766	9,96081	109,9036	5,21503
112,2646	9,95989	109,8886	5,21446
112,2516	9,95965	109,8756	5,21388
112,2366	9,95686	109,8636	5,2133
112,2236	9,95759	109,8476	5,21272
112,2086	9,95976	109,8356	5,21213
112,1956	9,96034	109,8226	5,21154
112,1806	9,96492	109,8106	5,21095
112,1676	9,96449	109,7946	5,21036
112,1556	9,96656	109,7826	5,20978
112,1436	9,96614	109,7706	5,2092
112,1306	9,96805	109,7576	5,20862
112,1156	9,96798	109,7456	5,20803
112,1026	9,96728	109,7296	5,20744
112,0906	9,96729	109,7176	5,20686
112,0746	9,96737	109,7046	5,20628
112,0626	9,96855	109,6926	5,2057
112,0496	9,96907	109,6766	5,20511
112,0376	9,96855	109,6646	5,20452
112,0216	9,96845	109,6526	5,20393
112,0096	9,96919	109,6366	5,20333
111,9976	9,97076	109,6246	5,20272
111,9846	9,9725	109,6116	5,20211
111,9726	9,97266	109,5996	5,2015
111,9566	9,97174	109,5836	5,20088
111,9446	9,97851	109,5716	5,20025
111,9316	9,97615	109,5586	5,19963
111,9166	9,98049	109,5436	5,199
111,9036	9,97871	109,5156	5,19838
111,8916	9,98064	109,5036	5,19775
111,8756	9,97774	109,4936	5,19713
111,8636	9,98287	109,4786	5,19651
111,8516	9,97836	109,4656	5,19589
111,8356	9,97991	109,4536	5,19526
111,8236	9,98057	109,4406	5,19464
111,8106	9,9838	109,4286	5,19401
111,7986	9,98464	109,4196	5,19338
111,7856	9,98512	109,4066	5,19274
111,7706	9,98735	109,3946	5,1921
111,7576	9,98668	109,3816	5,19146
111,7456	9,99008	109,3696	5,19082
111,7336	9,98916	109,3576	5,19018
111,7176	9,9899	109,3326	5,18953
111,7056	9,98962	109,3196	5,18888
111,6926	9,9893	109,3046	5,18824
111,6776	9,9891	109,2916	5,1876
111,6646	9,98983	109,2796	5,18695
111,6526	9,98719	109,2636	5,18631
111,6366	9,98849	109,2516	5,18567
111,6246	9,98754	109,2396	5,18502
111,6116	9,98935	109,2266	5,18437
111,5996	9,98862	109,2146	5,18371
111,5876	9,98814	109,1986	5,18306
111,5716	9,99169	109,1866	5,1824
111,5596	9,99222	109,1736	5,18174
111,5466	9,99638	109,1586	5,18107
111,5316	9,99426	109,1456	5,18041
111,5186	9,9956	109,1336	5,17973
111,5066	9,9965	109,1206	5,17906
111,4906	9,99555	109,1056	5,17838
111,4786	9,99798	109,0936	5,1777
111,4666	9,9948	109,0806	5,17702
111,4536	9,99776	109,0686	5,17633
111,4386	9,99662	109,0556	5,17563
111,4256	9,99787	109,0436	5,17494
111,4006	10,0001	109,0276	5,17424
111,3886	10,0007	109,0156	5,17354
111,3726	10,0038	109,0026	5,17284
111,3606	10,0059	108,9876	5,17214
111,3476	10,0067	108,9756	5,17144
111,3356	10,0035	108,9626	5,17073
111,3236	10,0096	108,9506	5,17002
111,3076	10,005	108,9346	5,1693
111,2956	10,0059	108,9226	5,16857
111,2826	10,0041	108,9096	5,16784
111,2676	10,0031	108,8976	5,16711
111,2546	10,0026	108,8816	5,16639
111,2426	9,99946	108,8696	5,16566
111,2266	10,0008	108,8566	5,16492
111,2146	10,003	108,8446	5,16419
111,2016	10,0032	108,8326	5,16345
111,1866	10,0042	108,8196	5,1627
111,1746	10,0077	108,8046	5,16196
111,1616	10,0101	108,7916	5,16122
111,1496	10,0101	108,7666	5,16047
111,1336	10,0131	108,7516	5,15972
111,1216	10,0128	108,7386	5,15896
111,1086	10,0155	108,7266	5,15821
111,0936	10,0122	108,7146	5,15746
111,0806	10,0123	108,6986	5,15671
111,0686	10,0117	108,6866	5,15595
111,0526	10,0123	108,6706	5,15519
111,0406	10,0119	108,6586	5,15444
111,0286	10,0118	108,6456	5,15368
111,0156	10,0146	108,6336	5,15292
111,0006	10,0171	108,6206	5,15216
110,9876	10,017	108,6086	5,15139
110,9756	10,0197	108,5966	5,15063
110,9626	10,0234	108,5836	5,14986
110,9476	10,0237	108,5716	5,14909
110,9346	10,0253	108,5586	5,14833
110,9226	10,0261	108,5466	5,14756
110,9066	10,0253	108,5336	5,1468
110,8946	10,027	108,5216	5,14604
110,8826	10,0274	108,5096	5,14528
110,8696	10,0286	108,4966	5,14452
110,8576	10,0282	108,4816	5,14376
110,8416	10,0289	108,4566	5,143
110,8296	10,028	108,4436	5,14223
110,8166	10,0291	108,4316	5,14147
110,8016	10,0294	108,4196	5,1407
110,7886	10,0332	108,4066	5,13993
110,7766	10,0329	108,3946	5,13915
110,7646	10,0361	108,3816	5,13837
110,7516	10,0376	108,3696	5,13758
110,7366	10,0378	108,3566	5,13679
110,7236	10,0393	108,3446	5,136
110,7116	10,0373	108,3326	5,13521
110,6956	10,0407	108,3196	5,1344
110,6836	10,0375	108,3076	5,1336
110,6706	10,0369	108,2916	5,13279
110,6586	10,0364	108,2796	5,13199
110,6466	10,036	108,2666	5,13119
110,6306	10,0338	108,2546	5,1304
110,6186	10,0414	108,2296	5,12961
110,6056	10,0409	108,2176	5,12881
110,5936	10,0393	108,2016	5,12802
110,5776	10,0439	108,1896	5,12722
110,5656	10,0419	108,1736	5,12643
110,5526	10,048	108,1646	5,12564
110,5246	10,0489	108,1516	5,12485
110,5126	10,0478	108,1366	5,12405
110,5006	10,0476	108,1276	5,12325
110,4876	10,0474	108,1116	5,12245
110,4756	10,047	108,0996	5,12166
110,4596	10,0488	108,0896	5,12087
110,4476	10,0483	108,0776	5,12007
110,4346	10,046	108,0616	5,11928
110,4196	10,0504	108,0526	5,11848
110,4066	10,0497	108,0366	5,11768
110,3946	10,0537	108,0246	5,11688
110,3826	10,0548	108,0126	5,11608
110,3666	10,0566	107,9996	5,11529
110,3546	10,0599	107,9746	5,11449
110,3416	10,0609	107,9626	5,11369
110,3266	10,064	107,9466	5,1129
110,3136	10,0633	107,9346	5,11211
110,3016	10,0637	107,9226	5,11132
110,2886	10,0624	107,9066	5,11052
110,2766	10,0634	107,8946	5,10973
110,2606	10,0622	107,8816	5,10893
110,2486	10,0642	107,8666	5,10813
110,2366	10,0643	107,8536	5,10733
110,2236	10,068	107,8386	5,10653
110,2116	10,0679	107,8256	5,10573
110,1986	10,0704	107,8136	5,10492
110,1836	10,0711	107,8006	5,10412
110,1706	10,0736	107,7886	5,10332
110,1556	10,0758	107,7766	5,10252
110,1426	10,077	107,7606	5,10172
110,1306	10,076	107,7486	5,10093
110,1186	10,0772	107,7326	5,10013
110,1026	10,0743	107,7206	5,09932
110,0906	10,0754	107,7076	5,09851
110,0776	10,0741	107,6956	5,09771
110,0626	10,0752	107,6796	5,09691
110,0496	10,0746	107,6676	5,09611
110,0376	10,0767	107,6516	5,09532
110,0216	10,0761	107,6396	5,09453
110,0096	10,079	107,6266	5,09375
109,9966	10,0804	107,6116	5,09297
109,9846	10,083	107,5996	5,0922
109,9726	10,0857	107,5866	5,09143
109,9566	10,0853	107,5746	5,09066
109,9446	10,0867	107,5586	5,08989
109,9316	10,0879	107,5466	5,08913
109,9166	10,0871	107,5336	5,08837
109,9036	10,0864	107,5216	5,08761
109,8886	10,0872	107,5056	5,08684
109,8756	10,0876	107,4936	5,08607
109,8636	10,0851	107,4816	5,0853
109,8476	10,0891	107,4686	5,08454
109,8356	10,0867	107,4566	5,08379
109,8226	10,0895	107,4406	5,08303
109,8106	10,0875	107,4286	5,08227
109,7946	10,0929	107,4126	5,08152
109,7826	10,0916	107,4006	5,08078
109,7706	10,0992	107,3876	5,08004
109,7576	10,098	107,3756	5,07931
109,7456	10,1007	107,3626	5,07859
109,7296	10,0987	107,3476	5,07787
109,7176	10,1014	107,3356	5,07716
109,7046	10,0982	107,3226	5,07647
109,6926	10,0988	107,3106	5,07579
109,6766	10,0986	107,2976	5,0751
109,6646	10,0988	107,2826	5,0744
109,6526	10,0982	107,2696	5,07371
109,6366	10,0992	107,2576	5,07302
109,6246	10,1	107,2446	5,07234
109,6116	10,1012	107,2296	5,07166
109,5996	10,103	107,2176	5,07099
109,5836	10,1069	107,2046	5,07032
109,5716	10,1093	107,1926	5,06965
109,5586	10,109	107,1766	5,06899
109,5436	10,1113	107,1646	5,06833
109,5156	10,1116	107,1516	5,06766
109,5036	10,1139	107,1396	5,067
109,4936	10,11	107,1116	5,06634
109,4786	10,1137	107,0986	5,0657
109,4656	10,1076	107,0866	5,06504
109,4536	10,1137	107,0746	5,06438
109,4406	10,1097	107,0616	5,06372
109,4286	10,1155	107,0466	5,06306
109,4196	10,1147	107,0336	5,06241
109,4066	10,114	107,0216	5,06177
109,3946	10,1182	107,0056	5,06113
109,3816	10,1187	106,9936	5,06049
109,3696	10,121	106,9806	5,05986
109,3576	10,1202	106,9656	5,05924
109,3326	10,1218	106,9526	5,05862
109,3196	10,1212	106,9376	5,058
109,3046	10,1196	106,9256	5,0574
109,2916	10,121	106,9156	5,0568
109,2796	10,1188	106,9036	5,0562
109,2636	10,1197	106,8906	5,05561
109,2516	10,1171	106,8786	5,05502
109,2396	10,12	106,8626	5,05443
109,2266	10,1211	106,8506	5,05386
109,2146	10,1236	106,8416	5,05329
109,1986	10,1229	106,8286	5,05273
109,1866	10,1264	106,8166	5,05217
109,1736	10,1278	106,8036	5,05162
109,1586	10,1288	106,7796	5,05106
109,1456	10,1316	106,7666	5,0505
109,1336	10,1295	106,7516	5,04994
109,1206	10,1293	106,7386	5,04939
109,1056	10,1284	106,7266	5,04884
109,0936	10,1303	106,7106	5,0483
109,0806	10,1279	106,6986	5,04777
109,0686	10,1273	106,6856	5,04725
109,0556	10,1288	106,6706	5,04674
109,0436	10,1283	106,6576	5,04623
109,0276	10,1282	106,6456	5,04573
109,0156	10,1314	106,6336	5,04524
109,0026	10,1321	106,6206	5,04476
108,9876	10,1371	106,6056	5,04428
108,9756	10,1376	106,5926	5,0438
108,9626	10,14	106,5806	5,04331
108,9506	10,1395	106,5676	5,04283
108,9346	10,139	106,5526	5,04235
108,9226	10,1385	106,5396	5,04187
108,9096	10,1361	106,5276	5,04141
108,8976	10,1373	106,5116	5,04095
108,8816	10,1336	106,4996	5,0405
108,8696	10,1348	106,4876	5,04005
108,8566	10,1333	106,4716	5,0396
108,8446	10,1343	106,4596	5,03917
108,8326	10,1347	106,4466	5,03874
108,8196	10,1361	106,4346	5,03831
108,8046	10,1385	106,4216	5,03789
108,7916	10,141	106,4066	5,03748
108,7666	10,1435	106,3936	5,03707
108,7516	10,1438	106,3816	5,03666
108,7386	10,1459	106,3696	5,03626
108,7266	10,1457	106,3566	5,03587
108,7146	10,1449	106,3416	5,03548
108,6986	10,1455	106,3286	5,03509
108,6866	10,1444	106,3136	5,03471
108,6706	10,1452	106,3006	5,03433
108,6586	10,1455	106,2886	5,03396
108,6456	10,1457	106,2726	5,03359
108,6336	10,1474	106,2606	5,03323
108,6206	10,1489	106,2476	5,03287
108,6086	10,1504	106,2356	5,03252
108,5966	10,1531	106,2236	5,03217
108,5836	10,1576	106,2106	5,03181
108,5716	10,1546	106,1956	5,03146
108,5586	10,1586	106,1826	5,03112
108,5466	10,1576	106,1706	5,03078
108,5336	10,16	106,1546	5,03044
108,5216	10,1595	106,1426	5,0301
108,5096	10,1576	106,1296	5,02977
108,4966	10,16	106,1176	5,02945
108,4816	10,1562	106,1016	5,02913
108,4566	10,1591	106,0896	5,02881
108,4436	10,1584	106,0776	5,02849
108,4316	10,1599	106,0646	5,02818
108,4196	10,1625	106,0496	5,02788
108,4066	10,162	106,0366	5,02758
108,3946	10,1651	106,0246	5,02729
108,3816	10,1673	105,9996	5,027
108,3696	10,1689	105,9836	5,02672
108,3566	10,1702	105,9716	5,02643
108,3446	10,1705	105,9596	5,02615
108,3326	10,1713	105,9436	5,02587
108,3196	10,1721	105,9316	5,02559
108,3076	10,1706	105,9186	5,02532
108,2916	10,1708	105,9036	5,02505
108,2796	10,1713	105,8906	5,02477
108,2666	10,1704	105,8786	5,0245
108,2546	10,172	105,8696	5,02423
108,2296	10,1696	105,8536	5,02396
108,2176	10,1746	105,8416	5,0237
108,2016	10,1756	105,8286	5,02344
108,1896	10,1774	105,8166	5,02318
108,1736	10,1798	105,8036	5,02291
108,1646	10,1814	105,7916	5,02265
108,1516	10,1818	105,7786	5,02238
108,1366	10,1831	105,7666	5,02213
108,1276	10,1818	105,7546	5,02188
108,1116	10,1821	105,7416	5,02161
108,0996	10,1789	105,7296	5,02136
108,0896	10,1824	105,7136	5,02111
108,0776	10,1772	105,7016	5,02086
108,0616	10,181	105,6796	5,02062
108,0526	10,1776	105,6646	5,02038
108,0366	10,1818	105,6516	5,02015
108,0246	10,1799	105,6396	5,01992
108,0126	10,1824	105,6266	5,0197
107,9996	10,1852	105,6146	5,01948
107,9746	10,1847	105,6016	5,01927
107,9626	10,1861	105,5896	5,01906
107,9466	10,1844	105,5776	5,01884
107,9346	10,1868	105,5616	5,01862
107,9226	10,1838	105,5526	5,0184
107,9066	10,1837	105,5366	5,01818
107,8946	10,1835	105,5246	5,01796
107,8816	10,182	105,5116	5,01774
107,8666	10,1836	105,4996	5,01752
107,8536	10,1789	105,4836	5,0173
107,8386	10,1822	105,4716	5,01708
107,8256	10,1809	105,4596	5,01686
107,8136	10,1812	105,4346	5,01664
107,8006	10,1798	105,4216	5,01642
107,7886	10,1858	105,4096	5,01621
107,7766	10,1843	105,3966	5,016
107,7606	10,1898	105,3846	5,01578
107,7486	10,1866	105,3686	5,01556
107,7326	10,1847	105,3566	5,01535
107,7206	10,1825	105,3446	5,01513
107,7076	10,1805	105,3316	5,01492
107,6956	10,18	105,3196	5,01471
107,6796	10,1768	105,3066	5,0145
107,6676	10,1793	105,2946	5,01428
107,6516	10,1799	105,2816	5,01406
107,6396	10,1834	105,2696	5,01384
107,6266	10,1855	105,2576	5,01361
107,6116	10,1869	105,2446	5,01339
107,5996	10,1898	105,2326	5,01317
107,5866	10,1917	105,2196	5,01294
107,5746	10,1918	105,1916	5,01271
107,5586	10,1954	105,1796	5,0125
107,5466	10,1945	105,1676	5,01228
107,5336	10,1939	105,1546	5,01207
107,5216	10,1938	105,1426	5,01186
107,5056	10,19	105,1296	5,01165
107,4936	10,1931	105,1176	5,01144
107,4816	10,1932	105,1046	5,01122
107,4686	10,1932	105,0926	5,011
107,4566	10,1941	105,0806	5,01078
107,4406	10,1951	105,0676	5,01057
107,4286	10,1963	105,0556	5,01035
107,4126	10,1997	105,0426	5,01013
107,4006	10,2006	105,0176	5,0099
107,3876	10,2023	105,0056	5,00968
107,3756	10,2039	104,9936	5,00945
107,3626	10,2041	104,9806	5,00922
107,3476	10,2063	104,9686	5,00899
107,3356	10,2061	104,9556	5,00876
107,3226	10,2043	104,9436	5,00853
107,3106	10,2057	104,9306	5,00829
107,2976	10,2043	104,9186	5,00806
107,2826	10,2049	104,9066	5,00782
107,2696	10,2045	104,8936	5,00758
107,2576	10,2027	104,8816	5,00734
107,2446	10,2097	104,8686	5,00709
107,2296	10,2054	104,8536	5,00684
107,2176	10,2139	104,8286	5,00659
107,2046	10,2137	104,8166	5,00634
107,1926	10,2164	104,8036	5,00608
107,1766	10,2202	104,7916	5,00583
107,1646	10,2201	104,7786	5,00557
107,1516	10,2214	104,7636	5,00531
107,1396	10,2256	104,7506	5,00505
107,1116	10,2242	104,7386	5,00478
107,0986	10,2232	104,7256	5,00452
107,0866	10,2225	104,7106	5,00424
107,0746	10,2244	104,6986	5,00397
107,0616	10,2235	104,6856	5,00369
107,0466	10,2244	104,6706	5,00342
107,0336	10,2273	104,6576	5,00313
107,0216	10,2278	104,6456	5,00285
107,0056	10,2271	104,6326	5,00255
106,9936	10,2336	104,6176	5,00225
106,9806	10,2322	104,6046	5,00194
106,9656	10,2348	104,5926	5,00162
106,9526	10,2327	104,5806	5,0013
106,9376	10,2345	104,5676	5,00098
106,9256	10,2326	104,5526	5,00065
106,9156	10,231	104,5396	5,00033
106,9036	10,2285	104,5276	5
106,8906	10,2276	104,5116	4,99967
106,8786	10,2268	104,4996	4,99934
106,8626	10,2284	104,4866	4,99902
106,8506	10,2292	104,4746	4,99869
106,8416	10,2292	104,4616	4,99836
106,8286	10,2323	104,4466	4,99803
106,8166	10,2347	104,4346	4,99771
106,8036	10,234	104,4216	4,99737
106,7796	10,2378	104,4096	4,99704
106,7666	10,2383	104,3936	4,9967
106,7516	10,2388	104,3816	4,99636
106,7386	10,2376	104,3686	4,99602
106,7266	10,2413	104,3536	4,99567
106,7106	10,2387	104,3406	4,99533
106,6986	10,2391	104,3286	4,99498
106,6856	10,2404	104,3126	4,99461
106,6706	10,2387	104,3006	4,99425
106,6576	10,2405	104,2846	4,99388
106,6456	10,238	104,2726	4,99351
106,6336	10,2378	104,2606	4,99313
106,6206	10,2383	104,2476	4,99276
106,6056	10,2397	104,2356	4,99238
106,5926	10,2432	104,2226	4,99199
106,5806	10,2475	104,2106	4,9916
106,5676	10,2467	104,1946	4,99122
106,5526	10,2465	104,1826	4,99083
106,5396	10,2473	104,1706	4,99044
106,5276	10,2455	104,1426	4,99005
106,5116	10,2468	104,1296	4,98966
106,4996	10,2485	104,1176	4,98926
106,4876	10,2471	104,1046	4,98886
106,4716	10,2441	104,0926	4,98847
106,4596	10,25	104,0796	4,98807
106,4466	10,2474	104,0646	4,98766
106,4346	10,2505	104,0516	4,98726
106,4216	10,2529	104,0396	4,98684
106,4066	10,2569	104,0246	4,98641
106,3936	10,2571	104,0116	4,98598
106,3816	10,262	103,9966	4,98554
106,3696	10,2593	103,9836	4,9851
106,3566	10,2614	103,9716	4,98465
106,3416	10,2628	103,9556	4,98421
106,3286	10,261	103,9436	4,98376
106,3136	10,2616	103,9306	4,98332
106,3006	10,2596	103,9156	4,98287
106,2886	10,2594	103,9026	4,98241
106,2726	10,2597	103,8876	4,98196
106,2606	10,2594	103,8746	4,98151
106,2476	10,2608	103,8626	4,98105
106,2356	10,2645	103,8506	4,98059
106,2236	10,264	103,8346	4,98012
106,2106	10,2657	103,8226	4,97964
106,1956	10,2703	103,8096	4,97917
106,1826	10,2708	103,7976	4,97869
106,1706	10,2701	103,7816	4,97822
106,1546	10,2711	103,7696	4,97775
106,1426	10,2708	103,7566	4,97727
106,1296	10,2719	103,7416	4,9768
106,1176	10,2701	103,7286	4,97632
106,1016	10,2735	103,7166	4,97585
106,0896	10,2685	103,7046	4,97538
106,0776	10,2729	103,6916	4,97491
106,0646	10,2712	103,6766	4,97443
106,0496	10,2753	103,6636	4,97396
106,0366	10,2745	103,6516	4,97348
106,0246	10,2792	103,6386	4,97301
105,9996	10,2815	103,6236	4,97253
105,9836	10,2867	103,6106	4,97205
105,9716	10,2853	103,5986	4,97156
105,9596	10,2845	103,5826	4,97107
105,9436	10,2858	103,5706	4,97058
105,9316	10,2847	103,5586	4,97009
105,9186	10,2855	103,5456	4,96959
105,9036	10,2842	103,5336	4,9691
105,8906	10,2862	103,5176	4,96861
105,8786	10,2848	103,5056	4,96812
105,8696	10,2834	103,4926	4,96763
105,8536	10,2836	103,4806	4,96714
105,8416	10,2857	103,4646	4,96664
105,8286	10,2901	103,4526	4,96614
105,8166	10,2916	103,4406	4,96565
105,8036	10,2941	103,4276	4,96515
105,7916	10,2942	103,4126	4,96465
105,7786	10,2979	103,3996	4,96416
105,7666	10,296	103,3876	4,96368
105,7546	10,2967	103,3746	4,9632
105,7416	10,2961	103,3596	4,96271
105,7296	10,2959	103,3466	4,96222
105,7136	10,2977	103,3346	4,96173
105,7016	10,2969	103,3226	4,96124
105,6796	10,2965	103,3066	4,96075
105,6646	10,294	103,2946	4,96025
105,6516	10,2965	103,2816	4,95977
105,6396	10,3011	103,2666	4,95928
105,6266	10,3021	103,2536	4,95879
105,6146	10,3	103,2416	4,9583
105,6016	10,3033	103,2286	4,95781
105,5896	10,3032	103,2166	4,95732
105,5776	10,3052	103,2006	4,95684
105,5616	10,3046	103,1886	4,95636
105,5526	10,308	103,1636	4,95588
105,5366	10,3041	103,1486	4,95539
105,5246	10,3042	103,1356	4,95491
105,5116	10,3027	103,1236	4,95443
105,4996	10,304	103,1076	4,95396
105,4836	10,3051	103,0986	4,95348
105,4716	10,3084	103,0826	4,95302
105,4596	10,3063	103,0706	4,95257
105,4346	10,3083	103,0616	4,95212
105,4216	10,3107	103,0456	4,95167
105,4096	10,3156	103,0336	4,95121
105,3966	10,3134	103,0206	4,95076
105,3846	10,3178	103,0086	4,9503
105,3686	10,3172	102,9956	4,94985
105,3566	10,3174	102,9836	4,9494
105,3446	10,3187	102,9716	4,94894
105,3316	10,3176	102,9586	4,94849
105,3196	10,3187	102,9466	4,94804
105,3066	10,3159	102,9336	4,94759
105,2946	10,3163	102,9086	4,94714
105,2816	10,3164	102,8936	4,94669
105,2696	10,3194	102,8816	4,94624
105,2576	10,3179	102,8686	4,94581
105,2446	10,3233	102,8566	4,94539
105,2326	10,32	102,8436	4,94497
105,2196	10,3252	102,8286	4,94456
105,1916	10,3229	102,8156	4,94415
105,1796	10,3271	102,8036	4,94374
105,1676	10,3257	102,7876	4,94333
105,1546	10,3264	102,7756	4,94293
105,1426	10,3296	102,7636	4,94253
105,1296	10,3249	102,7476	4,94212
105,1176	10,3265	102,7356	4,94172
105,1046	10,3265	102,7196	4,94132
105,0926	10,3292	102,7076	4,94092
105,0806	10,3303	102,6946	4,94052
105,0676	10,3265	102,6826	4,94012
105,0556	10,3307	102,6696	4,93973
105,0426	10,3314	102,6576	4,93933
105,0176	10,3341	102,6416	4,93894
105,0056	10,331	102,6296	4,93855
104,9936	10,3363	102,6176	4,93816
104,9806	10,3342	102,6046	4,93777
104,9686	10,3334	102,5926	4,9374
104,9556	10,3378	102,5766	4,93703
104,9436	10,3358	102,5646	4,93667
104,9306	10,3333	102,5516	4,93632
104,9186	10,3344	102,5366	4,93596
104,9066	10,3319	102,5236	4,93561
104,8936	10,3351	102,5116	4,93527
104,8816	10,3327	102,4996	4,93494
104,8686	10,3345	102,4866	4,93461
104,8536	10,3337	102,4716	4,93428
104,8286	10,3375	102,4586	4,93396
104,8166	10,3392	102,4466	4,93363
104,8036	10,3417	102,4336	4,93331
104,7916	10,3441	102,4216	4,93299
104,7786	10,3458	102,4056	4,93267
104,7636	10,3475	102,3936	4,93235
104,7506	10,3501	102,3776	4,93204
104,7386	10,3463	102,3656	4,93173
104,7256	10,3465	102,3536	4,93142
104,7106	10,3458	102,3406	4,93112
104,6986	10,3441	102,3256	4,93082
104,6856	10,3452	102,3126	4,93054
104,6706	10,3428	102,2976	4,93026
104,6576	10,3435	102,2846	4,92998
104,6456	10,3422	102,2696	4,92972
104,6326	10,3465	102,2566	4,92945
104,6176	10,3461	102,2446	4,9292
104,6046	10,3473	102,2286	4,92896
104,5926	10,3491	102,2166	4,92872
104,5806	10,3499	102,2036	4,92848
104,5676	10,3503	102,1916	4,92826
104,5526	10,3491	102,1796	4,92805
104,5396	10,3511	102,1666	4,92784
104,5276	10,3478	102,1516	4,92764
104,5116	10,3492	102,1386	4,92743
104,4996	10,3516	102,1266	4,92723
104,4866	10,3495	102,1106	4,92703
104,4746	10,3474	102,0986	4,92682
104,4616	10,3468	102,0856	4,92662
104,4466	10,3455	102,0736	4,92643
104,4346	10,3472	102,0616	4,92624
104,4216	10,347	102,0456	4,92606
104,4096	10,3512	102,0336	4,92589
104,3936	10,3511	102,0206	4,92571
104,3816	10,3511	102,0086	4,92554
104,3686	10,353	101,9926	4,92537
104,3536	10,3528	101,9806	4,92521
104,3406	10,3578	101,9556	4,92506
104,3286	10,3525	101,9396	4,92491
104,3126	10,3581	101,9276	4,92476
104,3006	10,3482	101,9156	4,92462
104,2846	10,3624	101,8996	4,92448
104,2726	10,3473	101,8876	4,92436
104,2606	10,3596	101,8746	4,92424
104,2476	10,3541	101,8596	4,92412
104,2356	10,3584	101,8468	4,92401
104,2226	10,3624	101,8344	4,9239
104,2106	10,3649	101,822	4,9238
104,1946	10,3687	101,8065	4,92369
104,1826	10,3722	101,794	4,92359
104,1706	10,369	101,7816	4,9235
104,1426	10,3679	101,7692	4,92341
104,1296	10,3715	101,7568	4,92332
104,1176	10,3697	101,7412	4,92324
104,1046	10,3692	101,7288	4,92317
104,0926	10,3733	101,7164	4,9231
104,0796	10,3655	101,704	4,92304
104,0646	10,3714	101,6884	4,92299
104,0516	10,3705	101,676	4,92294
104,0396	10,3732	101,6605	4,92289
104,0246	10,3754	101,648	4,92285
104,0116	10,377	101,6356	4,92282
103,9966	10,3801	101,6232	4,92279
103,9836	10,381	101,6077	4,92276
103,9716	10,383	101,5953	4,92274
103,9556	10,3823	101,5828	4,92273
103,9436	10,3835	101,5704	4,92271
103,9306	10,3814	101,5549	4,92271
103,9156	10,3837	101,5424	4,9227
103,9026	10,3788	101,53	4,92269
103,8876	10,3827	101,5176	4,92268
103,8746	10,3786	101,5021	4,92267
103,8626	10,3863	101,4896	4,92265
103,8506	10,3854	101,4772	4,92265
103,8346	10,3884	101,4648	4,92263
103,8226	10,3879	101,4493	4,92261
103,8096	10,392	101,4369	4,92259
103,7976	10,3936	101,4244	4,92258
103,7816	10,3952	101,412	4,92257
103,7696	10,3968	101,3965	4,92257
103,7566	10,397	101,384	4,92258
103,7416	10,3958	101,3716	4,9226
103,7286	10,3925	101,3592	4,92262
103,7166	10,3942	101,3437	4,92265
103,7046	10,3939	101,3313	4,92269
103,6916	10,3895	101,3188	4,92274
103,6766	10,3905	101,3064	4,92278
103,6636	10,3917	101,2909	4,92284
103,6516	10,3916	101,2784	4,9229
103,6386	10,3926	101,266	4,92295
103,6236	10,396	101,2505	4,92299
103,6106	10,3933	101,2381	4,92304
103,5986	10,3964	101,2256	4,92309
103,5826	10,3985	101,2132	4,92315
103,5706	10,3976	101,1977	4,9232
103,5586	10,3965	101,1853	4,92326
103,5456	10,3972	101,1728	4,92333
103,5336	10,3972	101,1573	4,92341
103,5176	10,3965	101,1449	4,92349
103,5056	10,3963	101,1325	4,92357
103,4926	10,3979	101,12	4,92365
103,4806	10,3976	101,1045	4,92373
103,4646	10,4016	101,0921	4,92382
103,4526	10,4017	101,0672	4,9239
103,4406	10,4035	101,0548	4,92398
103,4276	10,4071	101,0424	4,92407
103,4126	10,4096	101,0269	4,92415
103,3996	10,4116	101,0144	4,92424
103,3876	10,4131	101,002	4,92432
103,3746	10,4134	100,9865	4,92441
103,3596	10,4141	100,974	4,92451
103,3466	10,4128	100,9616	4,9246
103,3346	10,4135	100,9461	4,92469
103,3226	10,4119	100,9337	4,92479
103,3066	10,415	100,9213	4,9249
103,2946	10,4113	100,9057	4,92502
103,2816	10,4141	100,8933	4,92513
103,2666	10,412	100,8809	4,92525
103,2536	10,4173	100,8684	4,92538
103,2416	10,4174	100,8529	4,9255
103,2286	10,4211	100,8405	4,92563
103,2166	10,4217	100,8281	4,92576
103,2006	10,4255	100,8156	4,92589
103,1886	10,4245	100,8001	4,92602
103,1636	10,4279	100,7877	4,92616
103,1486	10,4275	100,7753	4,92629
103,1356	10,4283	100,7597	4,92643
103,1236	10,4268	100,7473	4,92658
103,1076	10,426	100,7349	4,92673
103,0986	10,4282	100,7225	4,92688
103,0826	10,429	100,7069	4,92703
103,0706	10,429	100,6945	4,92717
103,0616	10,4306	100,679	4,92731
103,0456	10,4321	100,6666	4,92744
103,0336	10,4331	100,6541	4,92759
103,0206	10,4355	100,6417	4,92774
103,0086	10,4381	100,6293	4,92789
102,9956	10,4403	100,6169	4,92805
102,9836	10,4409	100,6013	4,92822
102,9716	10,4414	100,5889	4,92838
102,9586	10,4397	100,5734	4,92855
102,9466	10,4394	100,5609	4,92872
102,9336	10,4376	100,5485	4,92889
102,9086	10,4411	100,5361	4,92906
102,8936	10,4382	100,5206	4,92922
102,8816	10,4383	100,5082	4,92939
102,8686	10,4391	100,4957	4,92956
102,8566	10,4432	100,4833	4,92972
102,8436	10,4451	100,4678	4,92989
102,8286	10,4499	100,4553	4,93006
102,8156	10,4502	100,4429	4,93022
102,8036	10,4528	100,4305	4,93039
102,7876	10,4513	100,4181	4,93055
102,7756	10,4524	100,4056	4,93072
102,7636	10,4507	100,3901	4,93088
102,7476	10,4511	100,3777	4,93103
102,7356	10,4483	100,3653	4,93117
102,7196	10,4499	100,3529	4,93132
102,7076	10,4449	100,3373	4,93147
102,6946	10,4457	100,3249	4,93162
102,6826	10,4455	100,3125	4,93178
102,6696	10,4489	100,3	4,93194
102,6576	10,4501	100,2845	4,93211
102,6416	10,4537	100,2721	4,93228
102,6296	10,4563	100,2566	4,93245
102,6176	10,4594	100,2441	4,93262
102,6046	10,4594	100,2286	4,93279
102,5926	10,4598	100,2162	4,93297
102,5766	10,4591	100,2007	4,93313
102,5646	10,4623	100,1882	4,9333
102,5516	10,4589	100,1758	4,93347
102,5366	10,4608	100,1634	4,93363
102,5236	10,458	100,1479	4,93377
102,5116	10,4574	100,1354	4,93392
102,4996	10,459	100,123	4,93407
102,4866	10,4586	100,1106	4,93422
102,4716	10,4615	100,0982	4,93438
102,4586	10,4596	100,0826	4,93453
102,4466	10,4639	100,0702	4,9347
102,4336	10,4655	100,0578	4,93487
102,4216	10,4688	100,0423	4,93504
102,4056	10,4695	100,0298	4,93521
102,3936	10,4728	100,0174	4,93538
102,3776	10,4712	100,0019	4,93556
102,3656	10,4722	99,9894	4,93574
102,3536	10,4722	99,977	4,93592
102,3406	10,4706	99,9615	4,93611
102,3256	10,4701	99,9491	4,9363
102,3126	10,4681	99,9367	4,93649
102,2976	10,4711	99,9242	4,93668
102,2846	10,4702	99,9087	4,93686
102,2696	10,4743	99,8963	4,93705
102,2566	10,4748	99,8838	4,93723
102,2446	10,4788	99,8714	4,93741
102,2286	10,4775	99,8559	4,93759
102,2166	10,4807	99,8435	4,93777
102,2036	10,4795	99,8186	4,93796
102,1916	10,4805	99,8062	4,93816
102,1796	10,4814	99,7907	4,93835
102,1666	10,4818	99,7782	4,93854
102,1516	10,4798	99,7627	4,93873
102,1386	10,4797	99,7503	4,93892
102,1266	10,4758	99,7379	4,93912
102,1106	10,4784	99,7254	4,93931
102,0986	10,4769	99,7099	4,93951
102,0856	10,4811	99,6975	4,93971
102,0736	10,4803	99,6851	4,93992
102,0616	10,4854	99,6695	4,94013
102,0456	10,4856	99,6571	4,94034
102,0336	10,4881	99,6447	4,94055
102,0206	10,4903	99,6292	4,94077
102,0086	10,4921	99,6167	4,94099
101,9926	10,4906	99,6043	4,94121
101,9806	10,4919	99,5919	4,94142
101,9556	10,491	99,5764	4,94163
101,9396	10,4908	99,5639	4,94185
101,9276	10,4912	99,5515	4,94206
101,9156	10,4898	99,536	4,94227
101,8996	10,4878	99,5236	4,94247
101,8876	10,4912	99,508	4,94267
101,8746	10,4882	99,4956	4,94287
101,8596	10,4937	99,4832	4,94307
101,8468	10,4911	99,4708	4,94326
101,8344	10,4939	99,4552	4,94346
101,822	10,4963	99,4428	4,94367
101,8065	10,4977	99,4304	4,94389
101,794	10,4995	99,4179	4,94411
101,7816	10,4984	99,4055	4,94433
101,7692	10,4998	99,3931	4,94456
101,7568	10,4964	99,3776	4,94478
101,7412	10,4968	99,3651	4,94501
101,7288	10,4975	99,3496	4,94524
101,7164	10,4965	99,3372	4,94547
101,704	10,4963	99,3248	4,94569
101,6884	10,4933	99,3124	4,94593
101,676	10,4981	99,2968	4,94616
101,6605	10,4945	99,2844	4,9464
101,648	10,499	99,272	4,94664
101,6356	10,5006	99,2564	4,94688
101,6232	10,5048	99,244	4,94711
101,6077	10,5045	99,2316	4,94736
101,5953	10,506	99,2192	4,94761
101,5828	10,5048	99,2036	4,94785
101,5704	10,5079	99,1912	4,9481
101,5549	10,509	99,1788	4,94835
101,5424	10,5078	99,1633	4,9486
101,53	10,5053	99,1508	4,94885
101,5176	10,5084	99,1384	4,9491
101,5021	10,5047	99,126	4,94935
101,4896	10,5104	99,1136	4,9496
101,4772	10,5088	99,098	4,94986
101,4648	10,5122	99,0856	4,95011
101,4493	10,5103	99,0701	4,95036
101,4369	10,5149	99,0577	4,95063
101,4244	10,5167	99,0452	4,95088
101,412	10,5165	99,0328	4,95113
101,3965	10,5175	99,0173	4,95138
101,384	10,5165	99,0048	4,95164
101,3716	10,5163	98,9924	4,9519
101,3592	10,5148	98,98	4,95217
101,3437	10,5152	98,9645	4,95243
101,3313	10,5153	98,952	4,9527
101,3188	10,5142	98,9396	4,95296
101,3064	10,5146	98,9272	4,95323
101,2909	10,5165	98,9117	4,95351
101,2784	10,5192	98,8992	4,95378
101,266	10,5202	98,8868	4,95405
101,2505	10,522	98,8744	4,95431
101,2381	10,5235	98,862	4,95458
101,2256	10,5271	98,8464	4,95484
101,2132	10,5272	98,834	4,95511
101,1977	10,5276	98,8216	4,9554
101,1853	10,5274	98,8061	4,9557
101,1728	10,5288	98,7936	4,95599
101,1573	10,5287	98,7812	4,9563
101,1449	10,5274	98,7688	4,95663
101,1325	10,5275	98,7564	4,95696
101,12	10,5247	98,7284	4,9573
101,1045	10,5266	98,716	4,95764
101,0921	10,5287	98,7036	4,95798
101,0672	10,5287	98,6911	4,95833
101,0548	10,5298	98,6756	4,95867
101,0424	10,532	98,6632	4,95902
101,0269	10,5354	98,6508	4,95937
101,0144	10,5377	98,6383	4,95972
101,002	10,539	98,6259	4,96007
100,9865	10,5414	98,6135	4,96042
100,974	10,5398	98,6011	4,96077
100,9616	10,5407	98,5886	4,96113
100,9461	10,5388	98,5762	4,96149
100,9337	10,5393	98,5638	4,96186
100,9213	10,536	98,5545	4,96224
100,9057	10,5369	98,5421	4,96262
100,8933	10,537	98,5141	4,96301
100,8809	10,5383	98,5017	4,96341
100,8684	10,5389	98,4861	4,96382
100,8529	10,5414	98,4737	4,96421
100,8405	10,5414	98,4613	4,9646
100,8281	10,5461	98,4489	4,965
100,8156	10,545	98,4365	4,96539
100,8001	10,5499	98,424	4,96579
100,7877	10,5466	98,4085	4,96619
100,7753	10,55	98,3961	4,96659
100,7597	10,549	98,3837	4,96699
100,7473	10,5472	98,3712	4,96739
100,7349	10,5484	98,3557	4,96781
100,7225	10,5458	98,3433	4,96822
100,7069	10,5455	98,3309	4,96864
100,6945	10,5482	98,3153	4,96905
100,679	10,5475	98,3029	4,96946
100,6666	10,5532	98,2905	4,96988
100,6541	10,5518	98,278	4,97029
100,6417	10,5547	98,2625	4,97071
100,6293	10,5574	98,2501	4,97113
100,6169	10,5591	98,2377	4,97155
100,6013	10,5586	98,2221	4,97196
100,5889	10,56	98,2097	4,97239
100,5734	10,5581	98,1973	4,97281
100,5609	10,5604	98,1849	4,97323
100,5485	10,5574	98,1724	4,97365
100,5361	10,558	98,1569	4,97407
100,5206	10,5555	98,1445	4,9745
100,5082	10,5575	98,1321	4,97492
100,4957	10,5574	98,1196	4,97535
100,4833	10,5581	98,1041	4,97577
100,4678	10,5601	98,0917	4,97619
100,4553	10,5598	98,0793	4,97662
100,4429	10,565	98,0637	4,97705
100,4305	10,5679	98,0513	4,97748
100,4181	10,5674	98,0389	4,9779
100,4056	10,5669	98,0265	4,97833
100,3901	10,5682	98,014	4,97876
100,3777	10,5658	97,9985	4,9792
100,3653	10,5652	97,9861	4,97963
100,3529	10,5645	97,9737	4,98007
100,3373	10,5651	97,9612	4,9805
100,3249	10,5653	97,9457	4,98093
100,3125	10,5662	97,9333	4,98136
100,3	10,5678	97,9208	4,98178
100,2845	10,5661	97,9053	4,9822
100,2721	10,5706	97,8929	4,98262
100,2566	10,5707	97,8805	4,98305
100,2441	10,5745	97,8681	4,98347
100,2286	10,5762	97,8556	4,98389
100,2162	10,5791	97,8432	4,98431
100,2007	10,5764	97,8153	4,98475
100,1882	10,5801	97,8028	4,98518
100,1758	10,5749	97,7904	4,98563
100,1634	10,5797	97,778	4,98608
100,1479	10,5784	97,7624	4,98654
100,1354	10,5808	97,75	4,987
100,123	10,5771	97,7345	4,98747
100,1106	10,5791	97,7221	4,98793
100,0982	10,5771	97,7065	4,98839
100,0826	10,5807	97,6941	4,98885
100,0702	10,5809	97,6848	4,98932
100,0578	10,5869	97,6693	4,98977
100,0423	10,587	97,6568	4,99023
100,0298	10,5911	97,6444	4,9907
100,0174	10,5889	97,632	4,99116
100,0019	10,5905	97,6196	4,99161
99,9894	10,5908	97,6071	4,99206
99,977	10,5918	97,5947	4,99251
99,9615	10,5912	97,5823	4,99295
99,9491	10,59	97,5699	4,99338
99,9367	10,5894	97,5574	4,99381
99,9242	10,5904	97,545	4,99424
99,9087	10,5898	97,5326	4,99469
99,8963	10,5916	97,5078	4,99514
99,8838	10,5917	97,4922	4,9956
99,8714	10,5955	97,4798	4,99605
99,8559	10,5962	97,4674	4,99651
99,8435	10,6013	97,455	4,99698
99,8186	10,5981	97,4425	4,99746
99,8062	10,6012	97,427	4,99794
99,7907	10,6007	97,4146	4,99842
99,7782	10,6018	97,4022	4,9989
99,7627	10,6002	97,3897	4,99939
99,7503	10,6011	97,3742	4,99987
99,7379	10,5995	97,3618	5,00033
99,7254	10,5987	97,3493	5,00079
99,7099	10,6001	97,3369	5,00126
99,6975	10,6001	97,3245	5,00172
99,6851	10,6008	97,309	5,00218
99,6695	10,6034	97,2965	5,00264
99,6571	10,6053	97,2841	5,0031
99,6447	10,606	97,2686	5,00356
99,6292	10,607	97,2562	5,00402
99,6167	10,6089	97,2437	5,00447
99,6043	10,6119	97,2313	5,00493
99,5919	10,6104	97,2158	5,00538
99,5764	10,6115	97,2034	5,00583
99,5639	10,609	97,1909	5,00629
99,5515	10,61	97,1785	5,00674
99,536	10,6101	97,163	5,00719
99,5236	10,6091	97,1506	5,00765
99,508	10,6074	97,135	5,0081
99,4956	10,6057	97,1226	5,00854
99,4832	10,6095	97,1102	5,00897
99,4708	10,6081	97,0947	5,0094
99,4552	10,6125	97,0822	5,00983
99,4428	10,6123	97,0698	5,01026
99,4304	10,6166	97,0543	5,01069
99,4179	10,6149	97,0419	5,01111
99,4055	10,6166	97,0294	5,01153
99,3931	10,6162	97,0139	5,01196
99,3776	10,6174	97,0015	5,01238
99,3651	10,6162	96,9891	5,01281
99,3496	10,6159	96,9735	5,01322
99,3372	10,6146	96,9611	5,01364
99,3248	10,6153	96,9487	5,01405
99,3124	10,6133	96,9363	5,01445
99,2968	10,6136	96,9207	5,01485
99,2844	10,6155	96,9083	5,01526
99,272	10,6167	96,8959	5,01567
99,2564	10,6188	96,8804	5,01607
99,244	10,6192	96,8679	5,01647
99,2316	10,6231	96,8555	5,01687
99,2192	10,6234	96,8431	5,01728
99,2036	10,6267	96,8275	5,01768
99,1912	10,6251	96,8151	5,01808
99,1788	10,6263	96,8027	5,01847
99,1633	10,6266	96,7872	5,01887
99,1508	10,6257	96,7747	5,01926
99,1384	10,6235	96,7623	5,01964
99,126	10,6236	96,7499	5,02002
99,1136	10,6242	96,7375	5,0204
99,098	10,6261	96,7251	5,02078
99,0856	10,627	96,7095	5,02115
99,0701	10,6306	96,6971	5,02152
99,0577	10,6316	96,6847	5,02189
99,0452	10,6345	96,6722	5,02225
99,0328	10,634	96,6567	5,02262
99,0173	10,636	96,6443	5,02298
99,0048	10,6339	96,6319	5,02334
98,9924	10,6363	96,6194	5,0237
98,98	10,6338	96,6039	5,02405
98,9645	10,6338	96,5915	5,02441
98,952	10,6332	96,5791	5,02477
98,9396	10,6325	96,5635	5,02514
98,9272	10,6333	96,5511	5,02549
98,9117	10,6348	96,5356	5,02585
98,8992	10,6359	96,5232	5,0262
98,8868	10,6377	96,5076	5,02655
98,8744	10,637	96,4952	5,02691
98,862	10,6401	96,4828	5,02726
98,8464	10,6433	96,4704	5,0276
98,834	10,6463	96,4548	5,02795
98,8216	10,6485	96,4424	5,02829
98,8061	10,6492	96,43	5,02863
98,7936	10,6484	96,4176	5,02897
98,7812	10,6487	96,402	5,0293
98,7688	10,6465	96,3896	5,02964
98,7564	10,6478	96,3772	5,02997
98,7284	10,6466	96,3648	5,0303
98,716	10,6491	96,3492	5,03062
98,7036	10,6495	96,3368	5,03095
98,6911	10,6503	96,3213	5,03127
98,6756	10,6516	96,3088	5,03159
98,6632	10,6523	96,2964	5,03191
98,6508	10,6558	96,2809	5,03223
98,6383	10,6578	96,2685	5,03254
98,6259	10,6606	96,256	5,03285
98,6135	10,6595	96,2405	5,03316
98,6011	10,6595	96,2281	5,03347
98,5886	10,6602	96,2157	5,03377
98,5762	10,6586	96,2032	5,03406
98,5638	10,6595	96,1877	5,03437
98,5545	10,6602	96,1753	5,03468
98,5421	10,6583	96,1598	5,03498
98,5141	10,6588	96,1473	5,03529
98,5017	10,6596	96,1349	5,03559
98,4861	10,6587	96,1194	5,03589
98,4737	10,6631	96,107	5,03618
98,4613	10,6633	96,0945	5,03647
98,4489	10,668	96,079	5,03676
98,4365	10,6712	96,0666	5,03703
98,424	10,6745	96,0541	5,03729
98,4085	10,6747	96,0386	5,03756
98,3961	10,676	96,0262	5,03782
98,3837	10,6761	96,0138	5,03808
98,3712	10,675	95,9982	5,03832
98,3557	10,6769	95,9858	5,03857
98,3433	10,675	95,9703	5,03881
98,3309	10,6769	95,9579	5,03905
98,3153	10,674	95,9454	5,03929
98,3029	10,6757	95,933	5,03952
98,2905	10,6785	95,9175	5,03976
98,278	10,6801	95,9051	5,04
98,2625	10,6839	95,8926	5,04024
98,2501	10,6843	95,8802	5,04047
98,2377	10,6882	95,8678	5,0407
98,2221	10,6897	95,8523	5,04092
98,2097	10,6933	95,8398	5,04112
98,1973	10,6868	95,8274	5,04133
98,1849	10,6922	95,7995	5,04153
98,1724	10,691	95,787	5,04172
98,1569	10,6873	95,7746	5,04193
98,1445	10,6874	95,7591	5,04214
98,1321	10,6865	95,7467	5,04234
98,1196	10,6905	95,7342	5,04255
98,1041	10,688	95,7218	5,04275
98,0917	10,6924	95,7094	5,04296
98,0793	10,6924	95,697	5,04316
98,0637	10,6955	95,6845	5,04337
98,0513	10,6972	95,6721	5,04358
98,0389	10,6993	95,6597	5,04379
98,0265	10,701	95,6473	5,04399
98,014	10,7017	95,6348	5,04419
97,9985	10,7008	95,6224	5,0444
97,9861	10,7003	95,61	5,04461
97,9737	10,7005	95,5976	5,0448
97,9612	10,7001	95,5851	5,04499
97,9457	10,701	95,5727	5,04518
97,9333	10,6984	95,5479	5,04537
97,9208	10,7011	95,5323	5,04555
97,9053	10,6999	95,5199	5,04574
97,8929	10,7016	95,5075	5,04592
97,8805	10,7033	95,4951	5,0461
97,8681	10,7063	95,4795	5,04629
97,8556	10,7078	95,4671	5,04648
97,8432	10,7108	95,4547	5,04666
97,8153	10,7122	95,4423	5,04686
97,8028	10,7113	95,4267	5,04705
97,7904	10,7113	95,4143	5,04724
97,778	10,7122	95,4019	5,04743
97,7624	10,7103	95,3864	5,04763
97,75	10,7109	95,3739	5,04783
97,7345	10,7087	95,3615	5,04801
97,7221	10,7105	95,346	5,0482
97,7065	10,7089	95,3336	5,04839
97,6941	10,7087	95,3211	5,04858
97,6848	10,7116	95,3056	5,04877
97,6693	10,7126	95,2932	5,04896
97,6568	10,7164	95,2777	5,04915
97,6444	10,717	95,2652	5,04935
97,632	10,7207	95,2528	5,04954
97,6196	10,7189	95,2404	5,04974
97,6071	10,7187	95,2248	5,04994
97,5947	10,7196	95,2124	5,05013
97,5823	10,7179	95,2	5,05032
97,5699	10,7195	95,1845	5,05051
97,5574	10,7182	95,172	5,0507
97,545	10,72	95,1596	5,05088
97,5326	10,7192	95,1472	5,05106
97,5078	10,7207	95,1317	5,05125
97,4922	10,7221	95,1192	5,05143
97,4798	10,7216	95,1068	5,05161
97,4674	10,727	95,0913	5,05178
97,455	10,7264	95,0789	5,05195
97,4425	10,7318	95,0664	5,05211
97,427	10,731	95,054	5,05227
97,4146	10,7291	95,0385	5,05242
97,4022	10,7297	95,0261	5,05258
97,3897	10,7282	95,0136	5,05274
97,3742	10,7276	95,0012	5,0529
97,3618	10,7271	94,9888	5,05306
97,3493	10,7251	94,9764	5,05323
97,3369	10,725	94,9608	5,05339
97,3245	10,7257	94,9484	5,05356
97,309	10,7259	94,936	5,05372
97,2965	10,729	94,9236	5,05388
97,2841	10,7312	94,908	5,05405
97,2686	10,7331	94,8956	5,05422
97,2562	10,7354	94,8832	5,05438
97,2437	10,7374	94,8708	5,05456
97,2313	10,7404	94,8553	5,05474
97,2158	10,743	94,8428	5,05492
97,2034	10,7421	94,8273	5,05509
97,1909	10,7439	94,8149	5,05525
97,1785	10,74	94,8024	5,05542
97,163	10,7402	94,79	5,05557
97,1506	10,7359	94,7776	5,05573
97,135	10,7384	94,7621	5,05589
97,1226	10,7369	94,7496	5,05604
97,1102	10,7401	94,7341	5,05618
97,0947	10,7375	94,7217	5,05631
97,0822	10,7423	94,7093	5,05645
97,0698	10,7424	94,6968	5,05658
97,0543	10,7453	94,6813	5,05671
97,0419	10,7469	94,6689	5,05685
97,0294	10,7507	94,6565	5,05699
97,0139	10,7463	94,644	5,05713
97,0015	10,7495	94,6285	5,05728
96,9891	10,748	94,6161	5,05743
96,9735	10,7462	94,6036	5,05757
96,9611	10,7462	94,5881	5,05772
96,9487	10,7486	94,5757	5,05786
96,9363	10,7468	94,5602	5,058
96,9207	10,7478	94,5477	5,05814
96,9083	10,749	94,5353	5,05828
96,8959	10,7512	94,5198	5,05843
96,8804	10,7521	94,5074	5,05858
96,8679	10,7574	94,4949	5,05871
96,8555	10,7573	94,4825	5,05885
96,8431	10,7616	94,467	5,05899
96,8275	10,7609	94,4546	5,05914
96,8151	10,7643	94,4421	5,05929
96,8027	10,7629	94,4297	5,05944
96,7872	10,7643	94,4173	5,0596
96,7747	10,7629	94,4018	5,05975
96,7623	10,7613	94,3893	5,05989
96,7499	10,7622	94,3738	5,06003
96,7375	10,765	94,3614	5,06018
96,7251	10,7641	94,349	5,06033
96,7095	10,7659	94,321	5,06048
96,6971	10,7662	94,3086	5,06064
96,6847	10,7682	94,2962	5,0608
96,6722	10,7728	94,2806	5,06095
96,6567	10,7725	94,2682	5,06112
96,6443	10,7758	94,2558	5,06128
96,6319	10,7766	94,2434	5,06144
96,6194	10,7764	94,2309	5,0616
96,6039	10,7769	94,2185	5,06176
96,5915	10,7743	94,2061	5,06192
96,5791	10,7758	94,1937	5,06207
96,5635	10,7729	94,1781	5,06223
96,5511	10,7725	94,1688	5,06238
96,5356	10,771	94,1564	5,06254
96,5232	10,7721	94,1409	5,0627
96,5076	10,7722	94,1315	5,06286
96,4952	10,7758	94,1191	5,06301
96,4828	10,7757	94,1067	5,06317
96,4704	10,7781	94,0943	5,06332
96,4548	10,7789	94,0694	5,06348
96,4424	10,7806	94,0539	5,06364
96,43	10,783	94,0415	5,06379
96,4176	10,7834	94,0259	5,06394
96,402	10,785	94,0135	5,06409
96,3896	10,7829	94,0011	5,06424
96,3772	10,7831	93,9887	5,06439
96,3648	10,7818	93,9731	5,06455
96,3492	10,7849	93,9607	5,0647
96,3368	10,7826	93,9483	5,06485
96,3213	10,7859	93,9328	5,065
96,3088	10,785	93,9203	5,06515
96,2964	10,7864	93,9079	5,0653
96,2809	10,7882	93,8955	5,06544
96,2685	10,7915	93,8831	5,06559
96,256	10,7931	93,8706	5,06572
96,2405	10,7973	93,8551	5,06585
96,2281	10,7936	93,8427	5,06598
96,2157	10,7969	93,8303	5,06611
96,2032	10,7946	93,8178	5,06624
96,1877	10,7947	93,8023	5,06637
96,1753	10,7933	93,7899	5,0665
96,1598	10,793	93,7775	5,06663
96,1473	10,7914	93,765	5,06675
96,1349	10,7931	93,7526	5,06688
96,1194	10,7921	93,7371	5,067
96,107	10,7939	93,7247	5,06713
96,0945	10,7969	93,7122	5,06725
96,079	10,7982	93,6998	5,06738
96,0666	10,8029	93,6843	5,06751
96,0541	10,8018	93,6719	5,06764
96,0386	10,8045	93,6594	5,06776
96,0262	10,8053	93,647	5,06788
96,0138	10,8047	93,6346	5,06801
95,9982	10,8048	93,6191	5,06813
95,9858	10,8063	93,6066	5,06825
95,9703	10,8051	93,5942	5,06836
95,9579	10,8052	93,5818	5,06848
95,9454	10,8063	93,5662	5,0686
95,933	10,8045	93,5538	5,06871
95,9175	10,8105	93,5414	5,06882
95,9051	10,808	93,529	5,06894
95,8926	10,8127	93,5135	5,06905
95,8802	10,8121	93,501	5,06916
95,8678	10,8153	93,4886	5,06927
95,8523	10,8155	93,4762	5,06937
95,8398	10,817	93,4607	5,06948
95,8274	10,8149	93,4358	5,06959
95,7995	10,816	93,4234	5,0697
95,787	10,8129	93,4078	5,0698
95,7746	10,8114	93,3954	5,06991
95,7591	10,8131	93,383	5,07001
95,7467	10,8072	93,3706	5,07011
95,7342	10,8126	93,3581	5,07021
95,7218	10,809	93,3426	5,07032
95,7094	10,8121	93,3302	5,07042
95,697	10,8109	93,3178	5,07053
95,6845	10,8118	93,3022	5,07063
95,6721	10,8143	93,2898	5,07073
95,6597	10,8148	93,2774	5,07083
95,6473	10,8206	93,265	5,07093
95,6348	10,8203	93,2494	5,07103
95,6224	10,8229	93,237	5,07112
95,61	10,8198	93,2215	5,07121
95,5976	10,8229	93,2091	5,07129
95,5851	10,8225	93,1966	5,07138
95,5727	10,8221	93,1811	5,07146
95,5479	10,8227	93,1687	5,07153
95,5323	10,819	93,1562	5,07159
95,5199	10,8248	93,1407	5,07166
95,5075	10,8218	93,1283	5,07174
95,4951	10,828	93,1128	5,07182
95,4795	10,8256	93,1003	5,07189
95,4671	10,8307	93,0879	5,07196
95,4547	10,8329	93,0724	5,07202
95,4423	10,8343	93,06	5,07209
95,4267	10,8356	93,0475	5,07215
95,4143	10,8365	93,032	5,07222
95,4019	10,8338	93,0196	5,07228
95,3864	10,8363	93,0072	5,07233
95,3739	10,8334	92,9916	5,07238
95,3615	10,8345	92,9792	5,07242
95,346	10,8334	92,9637	5,07247
95,3336	10,835	92,9513	5,07251
95,3211	10,8342	92,9388	5,07254
95,3056	10,8361	92,9264	5,07259
95,2932	10,8382	92,914	5,07262
95,2777	10,8409	92,9016	5,07265
95,2652	10,8437	92,886	5,07269
95,2528	10,8445	92,8736	5,07273
95,2404	10,8483	92,8612	5,07278
95,2248	10,8498	92,8488	5,07283
95,2124	10,8494	92,8332	5,07286
95,2	10,8512	92,8208	5,07289
95,1845	10,8476	92,8084	5,07292
95,172	10,851	92,796	5,07294
95,1596	10,8481	92,7835	5,07297
95,1472	10,8515	92,7711	5,07299
95,1317	10,8503	92,7556	5,07301
95,1192	10,8493	92,7432	5,07303
95,1068	10,8525	92,7307	5,07305
95,0913	10,8553	92,7183	5,07306
95,0789	10,8557	92,7028	5,07308
95,0664	10,8592	92,6904	5,07308
95,054	10,8575	92,6779	5,07309
95,0385	10,8599	92,6655	5,0731
95,0261	10,8592	92,65	5,07311
95,0136	10,8544	92,6376	5,07312
95,0012	10,8576	92,6251	5,07313
94,9888	10,8503	92,6096	5,07314
94,9764	10,8486	92,5972	5,07313
94,9608	10,8503	92,5848	5,07312
94,9484	10,8475	92,5723	5,0731
94,936	10,8505	92,5599	5,07308
94,9236	10,8522	92,5475	5,07306
94,908	10,8524	92,5351	5,07303
94,8956	10,8593	92,5195	5,07301
94,8832	10,8594	92,5071	5,07299
94,8708	10,8634	92,4947	5,07297
94,8553	10,8634	92,4823	5,07295
94,8428	10,8661	92,4543	5,07293
94,8273	10,8671	92,4419	5,07291
94,8149	10,8671	92,4295	5,0729
94,8024	10,8646	92,417	5,0729
94,79	10,8633	92,4015	5,07289
94,7776	10,8602	92,3891	5,07289
94,7621	10,8622	92,3735	5,07288
94,7496	10,8621	92,3611	5,07288
94,7341	10,8627	92,3487	5,07288
94,7217	10,8642	92,3363	5,07288
94,7093	10,8635	92,3207	5,07288
94,6968	10,8675	92,3083	5,07287
94,6813	10,8701	92,2959	5,07285
94,6689	10,8736	92,2804	5,07283
94,6565	10,8759	92,2679	5,07281
94,644	10,8764	92,2555	5,07279
94,6285	10,8777	92,2431	5,07276
94,6161	10,8778	92,2276	5,07274
94,6036	10,8781	92,2151	5,07271
94,5881	10,8793	92,2027	5,07269
94,5757	10,8773	92,1903	5,07265
94,5602	10,8775	92,1779	5,07262
94,5477	10,8794	92,1623	5,07258
94,5353	10,8784	92,1499	5,07254
94,5198	10,8805	92,1375	5,07251
94,5074	10,8813	92,122	5,07247
94,4949	10,8863	92,1095	5,07244
94,4825	10,8882	92,094	5,07241
94,467	10,8912	92,0816	5,07238
94,4546	10,8903	92,0661	5,07234
94,4421	10,8944	92,0536	5,0723
94,4297	10,8911	92,0412	5,07227
94,4173	10,8946	92,0288	5,07224
94,4018	10,8921	92,0132	5,07221
94,3893	10,8943	92,0008	5,07218
94,3738	10,8929	91,9884	5,07215
94,3614	10,8958	91,9729	5,07212
94,349	10,8928	91,9605	5,07209
94,321	10,8985	91,9449	5,07205
94,3086	10,8942	91,9325	5,07201
94,2962	10,9004	91,9201	5,07197
94,2806	10,8994	91,9045	5,07193
94,2682	10,9022	91,8921	5,07189
94,2558	10,9027	91,8797	5,07186
94,2434	10,905	91,8673	5,07182
94,2309	10,9048	91,8548	5,07179
94,2185	10,9025	91,8393	5,07175
94,2061	10,9025	91,8269	5,07171
94,1937	10,9009	91,8145	5,07167
94,1781	10,9003	91,802	5,07163
94,1688	10,8985	91,7896	5,0716
94,1564	10,8989	91,7741	5,07156
94,1409	10,8993	91,7617	5,07152
94,1315	10,8988	91,7492	5,07148
94,1191	10,9014	91,7368	5,07144
94,1067	10,9032	91,7213	5,07139
94,0943	10,904	91,7089	5,07134
94,0694	10,9072	91,6964	5,0713
94,0539	10,9099	91,684	5,07127
94,0415	10,9105	91,6716	5,07124
94,0259	10,9131	91,6592	5,0712
94,0135	10,9131	91,6436	5,07117
94,0011	10,9154	91,6312	5,07113
93,9887	10,9159	91,6188	5,07109
93,9731	10,9166	91,6064	5,07105
93,9607	10,9164	91,5908	5,07101
93,9483	10,9128	91,5784	5,07096
93,9328	10,9165	91,566	5,07091
93,9203	10,9146	91,5504	5,07085
93,9079	10,9168	91,538	5,0708
93,8955	10,9165	91,5256	5,07075
93,8831	10,9194	91,5132	5,0707
93,8706	10,9209	91,5008	5,07064
93,8551	10,9218	91,4852	5,07059
93,8427	10,9228	91,4728	5,07054
93,8303	10,9232	91,4604	5,07048
93,8178	10,9244	91,4449	5,07043
93,8023	10,9236	91,4324	5,07037
93,7899	10,9236	91,4169	5,07032
93,7775	10,9229	91,4045	5,07028
93,765	10,9254	91,3921	5,07023
93,7526	10,925	91,3765	5,07018
93,7371	10,926	91,3641	5,07013
93,7247	10,9269	91,3486	5,07008
93,7122	10,928	91,3361	5,07004
93,6998	10,9332	91,3206	5,07
93,6843	10,9361	91,3082	5,06996
93,6719	10,9404	91,2958	5,06991
93,6594	10,9398	91,2833	5,06986
93,647	10,9438	91,2678	5,06982
93,6346	10,941	91,2554	5,06977
93,6191	10,9455	91,243	5,06973
93,6066	10,9396	91,2274	5,06968
93,5942	10,9426	91,215	5,06964
93,5818	10,9405	91,2026	5,06959
93,5662	10,9413	91,1902	5,06955
93,5538	10,9397	91,1746	5,06951
93,5414	10,9404	91,1622	5,06948
93,529	10,9412	91,1498	5,06944
93,5135	10,9439	91,1374	5,06941
93,501	10,9447	91,1218	5,06938
93,4886	10,9498	91,1094	5,06935
93,4762	10,9509	91,0939	5,06932
93,4607	10,9523	91,0815	5,06929
93,4358	10,954	91,069	5,06926
93,4234	10,9547	91,0535	5,06924
93,4078	10,9546	91,0411	5,06922
93,3954	10,9527	91,0286	5,0692
93,383	10,9547	91,0131	5,06918
93,3706	10,9523	91,0007	5,06916
93,3581	10,9535	90,9883	5,06914
93,3426	10,951	90,9727	5,06912
93,3302	10,9553	90,9603	5,06911
93,3178	10,9545	90,9479	5,06909
93,3022	10,9585	90,9355	5,06908
93,2898	10,9609	90,923	5,06908
93,2774	10,9626	90,9075	5,06907
93,265	10,9636	90,8951	5,06907
93,2494	10,9652	90,8827	5,06906
93,237	10,9657	90,8671	5,06906
93,2215	10,9668	90,8547	5,06906
93,2091	10,968	90,8423	5,06906
93,1966	10,9663	90,8299	5,06906
93,1811	10,9671	90,8019	5,06906
93,1687	10,9667	90,7895	5,06907
93,1562	10,9671	90,7739	5,06908
93,1407	10,9667	90,7615	5,06909
93,1283	10,9711	90,7491	5,06911
93,1128	10,9713	90,7367	5,06912
93,1003	10,9758	90,7243	5,06914
93,0879	10,9742	90,7087	5,06916
93,0724	10,978	90,6994	5,06919
93,06	10,9809	90,687	5,06921
93,0475	10,9809	90,6715	5,06924
93,032	10,9847	90,659	5,06927
93,0196	10,9799	90,6497	5,0693
93,0072	10,9832	90,6373	5,06932
92,9916	10,9792	90,6249	5,06935
92,9792	10,978	90,6124	5,06938
92,9637	10,9763	90,5969	5,06942
92,9513	10,9761	90,5845	5,06945
92,9388	10,9783	90,5721	5,06949
92,9264	10,9779	90,5472	5,06953
92,914	10,9795	90,5348	5,06957
92,9016	10,9807	90,5224	5,06962
92,886	10,9836	90,51	5,06967
92,8736	10,9863	90,4975	5,06973
92,8612	10,9876	90,4851	5,06977
92,8488	10,9895	90,4758	5,06982
92,8332	10,9892	90,4634	5,06989
92,8208	10,9888	90,4509	5,06994
92,8084	10,9882	90,4385	5,07
92,796	10,9876	90,4261	5,07006
92,7835	10,9871	90,3981	5,07012
92,7711	10,9875	90,3857	5,07019
92,7556	10,9835	90,3733	5,07026
92,7432	10,9854	90,3578	5,07033
92,7307	10,988	90,3453	5,0704
92,7183	10,9895	90,3329	5,07048
92,7028	10,9898	90,3174	5,07055
92,6904	10,9942	90,305	5,07063
92,6779	10,9936	90,2925	5,0707
92,6655	10,9973	90,2801	5,07078
92,65	10,9954	90,2677	5,07085
92,6376	10,998	90,2521	5,07093
92,6251	10,9979	90,2397	5,071
92,6096	10,996	90,2273	5,07107
92,5972	10,9941	90,2118	5,07115
92,5848	10,9962	90,1993	5,07123
92,5723	10,9926	90,1869	5,0713
92,5599	10,9964	90,1714	5,07138
92,5475	10,9919	90,159	5,07147
92,5351	10,9982	90,1465	5,07155
92,5195	10,9985	90,1341	5,07164
92,5071	10,9994	90,1217	5,07174
92,4947	11,003	90,1062	5,07183
92,4823	11,0034	90,0937	5,07193
92,4543	11,0039	90,0813	5,07203
92,4419	11,0062	90,0658	5,07212
92,4295	11,0044	90,0534	5,07222
92,417	11,007	90,0409	5,07231
92,4015	11,0027	90,0254	5,07241
92,3891	11,0031	90,013	5,0725
92,3735	11,0006	90,0006	5,07259
92,3611	11,0017	89,9881	5,07268
92,3487	10,9993	89,9726	5,07277
92,3363	11,0026	89,9602	5,07287
92,3207	10,9986	89,9478	5,07297
92,3083	11,008	89,9353	5,07306
92,2959	11,0041	89,9198	5,07316
92,2804	11,0113	89,9074	5,07325
92,2679	11,0099	89,895	5,07336
92,2555	11,0124	89,8794	5,07347
92,2431	11,0121	89,867	5,07358
92,2276	11,0153	89,8546	5,07369
92,2151	11,0124	89,8422	5,0738
92,2027	11,0138	89,8266	5,07392
92,1903	11,0142	89,8142	5,07403
92,1779	11,0146	89,8018	5,07414
92,1623	11,0125	89,7894	5,07426
92,1499	11,0138	89,7738	5,07437
92,1375	11,0147	89,7614	5,07448
92,122	11,0178	89,749	5,07459
92,1095	11,0206	89,7366	5,07469
92,094	11,0202	89,721	5,07479
92,0816	11,0245	89,7086	5,07489
92,0661	11,0257	89,6962	5,07499
92,0536	11,0275	89,6838	5,07509
92,0412	11,0298	89,6713	5,07518
92,0288	11,0273	89,6558	5,07527
92,0132	11,0308	89,6434	5,07536
92,0008	11,0303	89,631	5,07546
91,9884	11,0314	89,6185	5,07557
91,9729	11,0319	89,603	5,07567
91,9605	11,0349	89,5906	5,07578
91,9449	11,0289	89,5782	5,07589
91,9325	11,0363	89,5657	5,076
91,9201	11,0364	89,5502	5,07611
91,9045	11,0414	89,5378	5,07622
91,8921	11,044	89,5253	5,07633
91,8797	11,0451	89,5129	5,07645
91,8673	11,0446	89,485	5,07656
91,8548	11,0479	89,4725	5,07668
91,8393	11,0463	89,457	5,0768
91,8269	11,0456	89,4477	5,07692
91,8145	11,0443	89,4322	5,07704
91,802	11,0459	89,4229	5,07715
91,7896	11,0424	89,4073	5,07726
91,7741	11,0401	89,3949	5,07737
91,7617	11,0406	89,3825	5,07747
91,7492	11,0437	89,3732	5,07758
91,7368	11,0403	89,3607	5,07768
91,7213	11,0417	89,3483	5,07778
91,7089	11,0396	89,3359	5,07788
91,6964	11,048	89,3235	5,07799
91,684	11,0488	89,2986	5,07809
91,6716	11,0538	89,2831	5,07819
91,6592	11,053	89,2707	5,07829
91,6436	11,0543	89,2582	5,0784
91,6312	11,0546	89,2427	5,07851
91,6188	11,053	89,2303	5,07862
91,6064	11,0523	89,2178	5,07873
91,5908	11,051	89,2023	5,07884
91,5784	11,0494	89,1899	5,07895
91,566	11,0501	89,1775	5,07905
91,5504	11,0496	89,165	5,07917
91,538	11,0561	89,1495	5,07928
91,5256	11,0533	89,1371	5,07939
91,5132	11,0576	89,1247	5,07951
91,5008	11,0619	89,1123	5,07962
91,4852	11,0623	89,0998	5,07973
91,4728	11,0672	89,0843	5,07984
91,4604	11,0702	89,0719	5,07995
91,4449	11,0659	89,0563	5,08006
91,4324	11,069	89,0439	5,08016
91,4169	11,0711	89,0315	5,08026
91,4045	11,0728	89,016	5,08036
91,3921	11,0731	89,0035	5,08047
91,3765	11,0735	88,9911	5,08057
91,3641	11,071	88,9756	5,08067
91,3486	11,0752	88,9632	5,08076
91,3361	11,0724	88,9507	5,08087
91,3206	11,0766	88,9383	5,08098
91,3082	11,0769	88,9228	5,08108
91,2958	11,0831	88,9104	5,08119
91,2833	11,0829	88,8948	5,08129
91,2678	11,0873	88,8824	5,08139
91,2554	11,0851	88,87	5,0815
91,243	11,0829	88,8545	5,08161
91,2274	11,0871	88,842	5,08172
91,215	11,088	88,8296	5,08182
91,2026	11,0886	88,8172	5,08192
91,1902	11,0869	88,8016	5,08203
91,1746	11,0877	88,7892	5,08213
91,1622	11,0855	88,7768	5,08222
91,1498	11,0864	88,7644	5,08232
91,1374	11,0919	88,7488	5,08241
91,1218	11,0886	88,7364	5,08249
91,1094	11,094	88,724	5,08258
91,0939	11,098	88,7085	5,08266
91,0815	11,1002	88,696	5,08274
91,069	11,1	88,6836	5,08283
91,0535	11,1029	88,6712	5,08293
91,0411	11,102	88,6557	5,08302
91,0286	11,1034	88,6432	5,08312
91,0131	11,1011	88,6277	5,08321
91,0007	11,1027	88,6153	5,0833
90,9883	11,1023	88,6029	5,08339
90,9727	11,1021	88,5904	5,08349
90,9603	11,1036	88,578	5,08358
90,9479	11,104	88,5625	5,08368
90,9355	11,1073	88,5501	5,08377
90,923	11,1107	88,5376	5,08387
90,9075	11,1114	88,5252	5,08396
90,8951	11,1132	88,5097	5,08405
90,8827	11,1173	88,4973	5,08415
90,8671	11,1156	88,4848	5,08424
90,8547	11,1199	88,4724	5,08433
90,8423	11,1179	88,4569	5,08441
90,8299	11,1187	88,4445	5,0845
90,8019	11,1184	88,432	5,08458
90,7895	11,118	88,4165	5,08466
90,7739	11,1166	88,4041	5,08474
90,7615	11,1173	88,3917	5,08481
90,7491	11,1178	88,3761	5,08489
90,7367	11,1193	88,3637	5,08496
90,7243	11,1205	88,3482	5,08504
90,7087	11,1236	88,3357	5,08512
90,6994	11,1254	88,3233	5,08518
90,687	11,1284	88,3078	5,08525
90,6715	11,1292	88,2954	5,08533
90,659	11,1319	88,2829	5,0854
90,6497	11,1306	88,2674	5,08547
90,6373	11,1324	88,255	5,08555
90,6249	11,1302	88,2426	5,08561
90,6124	11,1279	88,2301	5,08568
90,5969	11,1298	88,2146	5,08575
90,5845	11,128	88,2022	5,08581
90,5721	11,1293	88,1898	5,08586
90,5472	11,1292	88,1742	5,08591
90,5348	11,1283	88,1618	5,08596
90,5224	11,131	88,1494	5,086
90,51	11,1321	88,1339	5,08605
90,4975	11,137	88,1214	5,08609
90,4851	11,1354	88,109	5,08614
90,4758	11,1389	88,0935	5,08618
90,4634	11,1384	88,081	5,08623
90,4509	11,1396	88,0655	5,08628
90,4385	11,1397	88,0531	5,08634
90,4261	11,1394	88,0376	5,08639
90,3981	11,1385	88,0251	5,08645
90,3857	11,136	88,0127	5,08651
90,3733	11,1381	88,0003	5,08657
90,3578	11,1369	87,9848	5,08662
90,3453	11,1393	87,9724	5,08668
90,3329	11,1412	87,9599	5,08674
90,3174	11,1431	87,9444	5,0868
90,305	11,1437	87,932	5,08685
90,2925	11,1476	87,9195	5,0869
90,2801	11,1478	87,904	5,08695
90,2677	11,1493	87,8916	5,08699
90,2521	11,1488	87,8792	5,08703
90,2397	11,1488	87,8667	5,08709
90,2273	11,1485	87,8512	5,08715
90,2118	11,148	87,8388	5,08721
90,1993	11,1473	87,8264	5,08727
90,1869	11,1472	87,8139	5,08733
90,1714	11,1499	87,7984	5,08739
90,159	11,1475	87,786	5,08746
90,1465	11,1516	87,7736	5,08753
90,1341	11,1517	87,7611	5,0876
90,1217	11,1568	87,7456	5,08766
90,1062	11,155	87,7332	5,08773
90,0937	11,161	87,7208	5,08778
90,0813	11,163	87,7083	5,08784
90,0658	11,1629	87,6928	5,0879
90,0534	11,1636	87,6804	5,08795
90,0409	11,1671	87,6679	5,088
90,0254	11,1663	87,6555	5,08806
90,013	11,1653	87,64	5,08812
90,0006	11,1662	87,6276	5,08817
89,9881	11,1646	87,6152	5,08822
89,9726	11,1649	87,6027	5,08828
89,9602	11,1674	87,5903	5,08834
89,9478	11,1673	87,5748	5,0884
89,9353	11,1719	87,5624	5,08846
89,9198	11,1717	87,5499	5,08851
89,9074	11,1734	87,5375	5,08857
89,895	11,1791	87,5095	5,08862
89,8794	11,1792	87,494	5,08868
89,867	11,1824	87,4816	5,08874
89,8546	11,1801	87,4692	5,08879
89,8422	11,1822	87,4568	5,08883
89,8266	11,1818	87,4443	5,08887
89,8142	11,1809	87,4319	5,08892
89,8018	11,1798	87,4195	5,08895
89,7894	11,1788	87,407	5,08899
89,7738	11,1791	87,3946	5,08903
89,7614	11,1804	87,3822	5,08906
89,749	11,1811	87,3729	5,0891
89,7366	11,1837	87,3574	5,08913
89,721	11,1846	87,3449	5,08916
89,7086	11,188	87,3325	5,08919
89,6962	11,193	87,3232	5,08922
89,6838	11,1912	87,2952	5,08925
89,6713	11,1948	87,2828	5,08928
89,6558	11,1944	87,2704	5,08931
89,6434	11,1942	87,258	5,08933
89,631	11,1924	87,2455	5,08936
89,6185	11,1937	87,2331	5,08939
89,603	11,1896	87,2207	5,08942
89,5906	11,1933	87,2083	5,08945
89,5782	11,1906	87,199	5,08947
89,5657	11,1948	87,1865	5,08949
89,5502	11,1963	87,171	5,08951
89,5378	11,1979	87,1617	5,08953
89,5253	11,1978	87,1337	5,08955
89,5129	11,2026	87,1213	5,08957
89,485	11,2019	87,1058	5,08959
89,4725	11,2052	87,0933	5,08961
89,457	11,2055	87,0809	5,08963
89,4477	11,2042	87,0685	5,08967
89,4322	11,203	87,053	5,08969
89,4229	11,2028	87,0406	5,08972
89,4073	11,2031	87,0281	5,08975
89,3949	11,2029	87,0126	5,08978
89,3825	11,2021	87,0002	5,0898
89,3732	11,2029	86,9877	5,08984
89,3607	11,2042	86,9753	5,08987
89,3483	11,2042	86,9598	5,0899
89,3359	11,2057	86,9474	5,08994
89,3235	11,2098	86,9349	5,08997
89,2986	11,2121	86,9225	5,09
89,2831	11,2123	86,907	5,09004
89,2707	11,2135	86,8946	5,09008
89,2582	11,2145	86,8821	5,09012
89,2427	11,2146	86,8697	5,09014
89,2303	11,2165	86,8542	5,09016
89,2178	11,2167	86,8418	5,09019
89,2023	11,2142	86,8293	5,09022
89,1899	11,2155	86,8169	5,09024
89,1775	11,2151	86,8014	5,09027
89,165	11,216	86,789	5,0903
89,1495	11,216	86,7765	5,09033
89,1371	11,2176	86,7641	5,09036
89,1247	11,2209	86,7486	5,09039
89,1123	11,2217	86,7362	5,09042
89,0998	11,2245	86,7237	5,09046
89,0843	11,2271	86,7113	5,0905
89,0719	11,2276	86,6989	5,09056
89,0563	11,2297	86,6834	5,09061
89,0439	11,2268	86,6709	5,09066
89,0315	11,2279	86,6585	5,0907
89,016	11,2264	86,643	5,09075
89,0035	11,2294	86,6305	5,0908
88,9911	11,2237	86,615	5,09085
88,9756	11,2274	86,6026	5,0909
88,9632	11,2269	86,5902	5,09094
88,9507	11,2268	86,5778	5,09099
88,9383	11,236	86,5653	5,09105
88,9228	11,2279	86,5529	5,0911
88,9104	11,2317	86,5405	5,09114
88,8948	11,2347	86,525	5,09119
88,8824	11,2398	86,5125	5,09124
88,87	11,2373	86,497	5,09128
88,8545	11,2409	86,4846	5,09132
88,842	11,2356	86,4721	5,09136
88,8296	11,2395	86,4597	5,0914
88,8172	11,2372	86,4473	5,09144
88,8016	11,2388	86,4318	5,09147
88,7892	11,2367	86,4193	5,09151
88,7768	11,2379	86,4069	5,09154
88,7644	11,2381	86,3945	5,09158
88,7488	11,242	86,3821	5,09161
88,7364	11,2448	86,3665	5,09164
88,724	11,2478	86,3541	5,09167
88,7085	11,2491	86,3417	5,09171
88,696	11,2523	86,3137	5,09174
88,6836	11,2521	86,2982	5,09177
88,6712	11,2547	86,2889	5,0918
88,6557	11,2537	86,2734	5,09182
88,6432	11,2513	86,2609	5,09185
88,6277	11,252	86,2516	5,09186
88,6153	11,2541	86,2392	5,09188
88,6029	11,2497	86,2268	5,09189
88,5904	11,2528	86,2144	5,0919
88,578	11,2501	86,2019	5,09191
88,5625	11,2527	86,1864	5,09192
88,5501	11,2542	86,174	5,09193
88,5376	11,2567	86,1616	5,09195
88,5252	11,2592	86,1491	5,09196
88,5097	11,262	86,1367	5,09197
88,4973	11,2645	86,1212	5,09198
88,4848	11,2675	86,1087	5,092
88,4724	11,2653	86,0963	5,09201
88,4569	11,2659	86,087	5,09203
88,4445	11,2684	86,059	5,09205
88,432	11,2663	86,0466	5,09207
88,4165	11,2642	86,0342	5,0921
88,4041	11,267	86,0187	5,09212
88,3917	11,2643	86,0063	5,09215
88,3761	11,2658	85,9938	5,09218
88,3637	11,2645	85,9814	5,09219
88,3482	11,2668	85,9659	5,09221
88,3357	11,2676	85,9534	5,09223
88,3233	11,2696	85,941	5,09225
88,3078	11,2752	85,9255	5,09227
88,2954	11,2776	85,9131	5,09229
88,2829	11,2787	85,9006	5,0923
88,2674	11,2792	85,8882	5,09232
88,255	11,279	85,8727	5,09233
88,2426	11,2786	85,8603	5,09235
88,2301	11,2784	85,8478	5,09236
88,2146	11,2783	85,8323	5,09238
88,2022	11,2768	85,8199	5,0924
88,1898	11,2772	85,8075	5,09241
88,1742	11,2754	85,7919	5,09243
88,1618	11,2768	85,7795	5,09244
88,1494	11,2777	85,7671	5,09245
88,1339	11,28	85,7547	5,09246
88,1214	11,2831	85,7391	5,09245
88,109	11,2859	85,7267	5,09245
88,0935	11,29	85,7143	5,09244
88,081	11,2897	85,7019	5,09243
88,0655	11,2897	85,6863	5,09243
88,0531	11,2908	85,6739	5,09244
88,0376	11,2906	85,6615	5,09245
88,0251	11,2903	85,6491	5,09244
88,0127	11,2904	85,6335	5,09244
88,0003	11,2889	85,6211	5,09245
87,9848	11,2912	85,6087	5,09245
87,9724	11,2917	85,5963	5,09245
87,9599	11,2942	85,5807	5,09246
87,9444	11,2952	85,5683	5,09246
87,932	11,297	85,5528	5,09246
87,9195	11,3005	85,5404	5,09246
87,904	11,3035	85,5279	5,09247
87,8916	11,3057	85,5155	5,09247
87,8792	11,305	85,5031	5,09247
87,8667	11,3057	85,4876	5,09248
87,8512	11,3035	85,4751	5,09248
87,8388	11,3013	85,4627	5,09249
87,8264	11,3018	85,4503	5,09249
87,8139	11,2987	85,4348	5,09251
87,7984	11,298	85,4223	5,09253
87,786	11,2979	85,4099	5,09255
87,7736	11,2968	85,3944	5,09257
87,7611	11,2994	85,3819	5,09259
87,7456	11,3014	85,3695	5,0926
87,7332	11,3026	85,354	5,0926
87,7208	11,3077	85,3416	5,09261
87,7083	11,3088	85,3291	5,09259
87,6928	11,3112	85,3136	5,09257
87,6804	11,3131	85,3012	5,09254
87,6679	11,3129	85,2857	5,09251
87,6555	11,3149	85,2732	5,09248
87,64	11,3134	85,2608	5,09243
87,6276	11,3138	85,2484	5,09238
87,6152	11,3124	85,2329	5,09233
87,6027	11,3136	85,2204	5,09229
87,5903	11,3114	85,208	5,09224
87,5748	11,3155	85,1956	5,09219
87,5624	11,3145	85,18	5,09215
87,5499	11,3186	85,1676	5,0921
87,5375	11,3209	85,1521	5,09204
87,5095	11,3228	85,1397	5,09198
87,494	11,3269	85,1272	5,09191
87,4816	11,3268	85,1148	5,09184
87,4692	11,3277	85,0993	5,09176
87,4568	11,3295	85,0869	5,09167
87,4443	11,3294	85,0745	5,09158
87,4319	11,3288	85,062	5,0915
87,4195	11,327	85,0465	5,0914
87,407	11,3278	85,0341	5,09131
87,3946	11,3273	85,0185	5,09123
87,3822	11,3255	85,0061	5,09114
87,3729	11,3266	84,9937	5,09106
87,3574	11,3281	84,9813	5,09097
87,3449	11,3314	84,9657	5,09088
87,3325	11,3327	84,9533	5,0908
87,3232	11,3347	84,9378	5,09071
87,2952	11,3396	84,9254	5,09062
87,2828	11,3394	84,9129	5,09052
87,2704	11,3401	84,9005	5,09043
87,258	11,3421	84,885	5,09033
87,2455	11,3391	84,8726	5,09023
87,2331	11,3399	84,8601	5,09014
87,2207	11,3383	84,8446	5,09004
87,2083	11,3384	84,8322	5,08995
87,199	11,3385	84,8198	5,08985
87,1865	11,3401	84,8073	5,08976
87,171	11,3408	84,7949	5,08966
87,1617	11,342	84,7825	5,08956
87,1337	11,3439	84,7545	5,08947
87,1213	11,347	84,7421	5,08937
87,1058	11,3503	84,7297	5,08927
87,0933	11,3499	84,7173	5,08918
87,0809	11,3501	84,7048	5,08909
87,0685	11,3464	84,6924	5,089
87,053	11,3488	84,68	5,0889
87,0406	11,3455	84,6676	5,08881
87,0281	11,3424	84,6551	5,08873
87,0126	11,3451	84,6427	5,08864
87,0002	11,3414	84,6303	5,08856
86,9877	11,3421	84,6148	5,08847
86,9753	11,3463	84,6023	5,08838
86,9598	11,3453	84,5899	5,0883
86,9474	11,3464	84,5775	5,08821
86,9349	11,3487	84,5651	5,08812
86,9225	11,3499	84,5526	5,08803
86,907	11,3528	84,5402	5,08793
86,8946	11,3541	84,5154	5,08783
86,8821	11,3523	84,4998	5,08773
86,8697	11,3548	84,4874	5,08764
86,8542	11,3541	84,475	5,08754
86,8418	11,3543	84,4595	5,08745
86,8293	11,3517	84,447	5,08736
86,8169	11,3465	84,4346	5,08728
86,8014	11,3475	84,4222	5,08719
86,789	11,3407	84,4098	5,08709
86,7765	11,3456	84,3973	5,08701
86,7641	11,3479	84,3849	5,08692
86,7486	11,3501	84,3725	5,08683
86,7362	11,352	84,3601	5,08674
86,7237	11,3558	84,3476	5,08664
86,7113	11,3615	84,3352	5,08655
86,6989	11,3637	84,3228	5,08646
86,6834	11,3648	84,3104	5,08636
86,6709	11,3627	84,298	5,08626
86,6585	11,3646	84,2855	5,08614
86,643	11,3615	84,27	5,08603
86,6305	11,3623	84,2452	5,08591
86,615	11,3626	84,2327	5,0858
86,6026	11,3614	84,2203	5,08569
86,5902	11,3619	84,2048	5,08557
86,5778	11,3639	84,1923	5,08545
86,5653	11,3656	84,1799	5,08534
86,5529	11,3684	84,1675	5,08524
86,5405	11,3707	84,152	5,08514
86,525	11,3762	84,1395	5,08504
86,5125	11,3778	84,1271	5,08494
86,497	11,3811	84,1147	5,08484
86,4846	11,383	84,0992	5,08475
86,4721	11,3828	84,0867	5,08465
86,4597	11,3817	84,0743	5,08455
86,4473	11,3798	84,0619	5,08445
86,4318	11,3833	84,0464	5,08434
86,4193	11,3837	84,0339	5,08423
86,4069	11,3844	84,0215	5,08411
86,3945	11,383	84,006	5,08399
86,3821	11,3873	83,9936	5,08385
86,3665	11,3874	83,9811	5,08372
86,3541	11,3903	83,9687	5,08359
86,3417	11,3951	83,9563	5,08346
86,3137	11,3953	83,9408	5,08332
86,2982	11,3981	83,9283	5,0832
86,2889	11,3998	83,9159	5,08308
86,2734	11,3992	83,9035	5,08296
86,2609	11,402	83,888	5,08284
86,2516	11,3992	83,8755	5,08272
86,2392	11,3961	83,86	5,0826
86,2268	11,3976	83,8476	5,08248
86,2144	11,3935	83,8352	5,08236
86,2019	11,3956	83,8227	5,08224
86,1864	11,3965	83,8103	5,08212
86,174	11,3992	83,7948	5,082
86,1616	11,4002	83,7824	5,08189
86,1491	11,4018	83,7668	5,08178
86,1367	11,4055	83,7544	5,08167
86,1212	11,4045	83,742	5,08156
86,1087	11,4067	83,7296	5,08145
86,0963	11,4089	83,714	5,08135
86,087	11,4093	83,7016	5,08125
86,059	11,4086	83,6892	5,08115
86,0466	11,4079	83,6767	5,08106
86,0342	11,4069	83,6612	5,08096
86,0187	11,4094	83,6488	5,08087
86,0063	11,4065	83,6364	5,08079
85,9938	11,4087	83,6239	5,0807
85,9814	11,405	83,6115	5,08061
85,9659	11,4093	83,596	5,08053
85,9534	11,4078	83,5836	5,08046
85,941	11,4136	83,5711	5,08038
85,9255	11,415	83,5587	5,0803
85,9131	11,4189	83,5463	5,08024
85,9006	11,4183	83,5308	5,08017
85,8882	11,4215	83,5183	5,0801
85,8727	11,4204	83,5059	5,08004
85,8603	11,4199	83,478	5,07998
85,8478	11,4213	83,4655	5,07993
85,8323	11,4173	83,4531	5,07987
85,8199	11,4202	83,4407	5,07981
85,8075	11,4166	83,4252	5,07976
85,7919	11,4183	83,4127	5,07971
85,7795	11,4175	83,4003	5,07967
85,7671	11,4199	83,3879	5,07962
85,7547	11,419	83,3724	5,07958
85,7391	11,4197	83,3599	5,07954
85,7267	11,4253	83,3475	5,0795
85,7143	11,4295	83,3351	5,07946
85,7019	11,4299	83,3196	5,07943
85,6863	11,4334	83,3071	5,0794
85,6739	11,4294	83,2947	5,07936
85,6615	11,4299	83,2823	5,07932
85,6491	11,429	83,2668	5,07928
85,6335	11,4284	83,2543	5,07924
85,6211	11,4292	83,2419	5,0792
85,6087	11,4288	83,2264	5,07917
85,5963	11,4295	83,214	5,07914
85,5807	11,4324	83,1984	5,07911
85,5683	11,4322	83,186	5,07908
85,5528	11,4309	83,1736	5,07906
85,5404	11,4359	83,1581	5,07904
85,5279	11,4358	83,1456	5,07902
85,5155	11,4425	83,1301	5,079
85,5031	11,4432	83,1177	5,07898
85,4876	11,4473	83,1053	5,07898
85,4751	11,445	83,0928	5,07897
85,4627	11,4451	83,0804	5,07896
85,4503	11,4455	83,0649	5,07896
85,4348	11,4426	83,0524	5,07897
85,4223	11,4427	83,04	5,079
85,4099	11,443	83,0276	5,07902
85,3944	11,4444	83,0121	5,07905
85,3819	11,4461	82,9996	5,07908
85,3695	11,4475	82,9872	5,07911
85,354	11,45	82,9748	5,07914
85,3416	11,4522	82,9624	5,07917
85,3291	11,4553	82,9499	5,07921
85,3136	11,4558	82,9344	5,07925
85,3012	11,459	82,922	5,07929
85,2857	11,4594	82,9096	5,07933
85,2732	11,458	82,894	5,07938
85,2608	11,4585	82,8816	5,07942
85,2484	11,4567	82,8692	5,07946
85,2329	11,4561	82,8568	5,07951
85,2204	11,4569	82,8412	5,07956
85,208	11,4561	82,8288	5,07961
85,1956	11,457	82,8164	5,07966
85,18	11,4569	82,804	5,07972
85,1676	11,4611	82,7884	5,07978
85,1521	11,461	82,776	5,07985
85,1397	11,4658	82,7636	5,07992
85,1272	11,4635	82,7481	5,08
85,1148	11,4699	82,7356	5,08008
85,0993	11,468	82,7232	5,08015
85,0869	11,4715	82,7077	5,08022
85,0745	11,4689	82,6953	5,08029
85,062	11,47	82,6828	5,08036
85,0465	11,4694	82,6704	5,08044
85,0341	11,4698	82,658	5,08053
85,0185	11,4668	82,6424	5,08061
85,0061	11,4668	82,63	5,0807
84,9937	11,4657	82,6176	5,08081
84,9813	11,467	82,6021	5,08093
84,9657	11,4668	82,5897	5,08104
84,9533	11,4689	82,5772	5,08117
84,9378	11,4702	82,5617	5,0813
84,9254	11,4728	82,5493	5,08144
84,9129	11,4752	82,5368	5,08159
84,9005	11,4778	82,5244	5,08174
84,885	11,4736	82,5089	5,08189
84,8726	11,476	82,4965	5,08204
84,8601	11,4746	82,484	5,0822
84,8446	11,4753	82,4716	5,08236
84,8322	11,4775	82,4561	5,08251
84,8198	11,4751	82,4437	5,08267
84,8073	11,4754	82,4312	5,08284
84,7949	11,4776	82,4033	5,08301
84,7825	11,4793	82,3909	5,08319
84,7545	11,4848	82,3785	5,08338
84,7421	11,484	82,366	5,08356
84,7297	11,4896	82,3536	5,08375
84,7173	11,4904	82,3381	5,08395
84,7048	11,4943	82,3256	5,08414
84,6924	11,4944	82,3132	5,08433
84,68	11,4944	82,3008	5,08454
84,6676	11,4923	82,2853	5,08474
84,6551	11,4917	82,2728	5,08494
84,6427	11,4931	82,2604	5,08516
84,6303	11,4924	82,248	5,08537
84,6148	11,4928	82,2356	5,08559
84,6023	11,4923	82,22	5,08582
84,5899	11,4926	82,2076	5,08605
84,5775	11,4947	82,1952	5,08629
84,5651	11,4968	82,1828	5,08654
84,5526	11,4979	82,1672	5,08678
84,5402	11,5011	82,1548	5,08702
84,5154	11,5039	82,1424	5,08728
84,4998	11,5051	82,13	5,08754
84,4874	11,5061	82,1175	5,08781
84,475	11,5056	82,102	5,08808
84,4595	11,505	82,0896	5,08836
84,447	11,505	82,0741	5,08864
84,4346	11,5029	82,0616	5,08892
84,4222	11,5045	82,0492	5,0892
84,4098	11,5018	82,0337	5,08949
84,3973	11,5028	82,0213	5,08978
84,3849	11,5037	82,0088	5,09007
84,3725	11,5038	81,9964	5,09037
84,3601	11,5054	81,9809	5,09065
84,3476	11,5062	81,9685	5,09094
84,3352	11,5107	81,9529	5,09122
84,3228	11,5124	81,9405	5,09151
84,3104	11,5149	81,9281	5,0918
84,298	11,5163	81,9125	5,0921
84,2855	11,5161	81,9001	5,09241
84,27	11,5157	81,8877	5,09272
84,2452	11,5129	81,8753	5,09304
84,2327	11,515	81,8597	5,09336
84,2203	11,514	81,8473	5,0937
84,2048	11,5147	81,8349	5,09403
84,1923	11,516	81,8194	5,09437
84,1799	11,5156	81,8069	5,09471
84,1675	11,5206	81,7945	5,09505
84,152	11,5206	81,7821	5,09538
84,1395	11,5261	81,7666	5,09571
84,1271	11,5256	81,7541	5,09605
84,1147	11,5316	81,7417	5,09639
84,0992	11,5315	81,7293	5,09674
84,0867	11,5339	81,7138	5,0971
84,0743	11,5339	81,7013	5,09744
84,0619	11,5359	81,6889	5,09779
84,0464	11,5303	81,6765	5,09814
84,0339	11,5329	81,661	5,0985
84,0215	11,5304	81,6485	5,09886
84,006	11,5332	81,6361	5,09922
83,9936	11,5337	81,6206	5,09958
83,9811	11,5345	81,6082	5,09995
83,9687	11,5356	81,5957	5,10032
83,9563	11,5402	81,5833	5,10071
83,9408	11,5448	81,5678	5,1011
83,9283	11,5435	81,5554	5,10149
83,9159	11,5457	81,5429	5,10189
83,9035	11,5469	81,5274	5,10228
83,888	11,5458	81,515	5,10268
83,8755	11,5486	81,5026	5,10308
83,86	11,5455	81,487	5,10349
83,8476	11,5454	81,4746	5,1039
83,8352	11,5443	81,4622	5,10431
83,8227	11,5449	81,4467	5,10473
83,8103	11,5439	81,4342	5,10515
83,7948	11,5437	81,4218	5,10557
83,7824	11,547	81,4094	5,10598
83,7668	11,5485	81,3938	5,10639
83,7544	11,5505	81,3814	5,10681
83,742	11,5549	81,369	5,10724
83,7296	11,5539	81,3535	5,10767
83,714	11,5578	81,341	5,10811
83,7016	11,556	81,3286	5,10854
83,6892	11,558	81,3038	5,10899
83,6767	11,5553	81,2914	5,10944
83,6612	11,5558	81,2758	5,1099
83,6488	11,5528	81,2634	5,11036
83,6364	11,5534	81,251	5,11083
83,6239	11,5536	81,2385	5,11131
83,6115	11,5541	81,223	5,11179
83,596	11,5546	81,2106	5,11225
83,5836	11,5557	81,1982	5,11272
83,5711	11,5574	81,1857	5,1132
83,5587	11,56	81,1733	5,11367
83,5463	11,562	81,1578	5,11414
83,5308	11,5646	81,1454	5,11461
83,5183	11,5662	81,1329	5,11508
83,5059	11,5681	81,1205	5,11555
83,478	11,5687	81,105	5,11603
83,4655	11,5666	81,0926	5,11651
83,4531	11,5692	81,0801	5,11699
83,4407	11,5652	81,0646	5,11747
83,4252	11,567	81,0522	5,11795
83,4127	11,5655	81,0398	5,11845
83,4003	11,5666	81,0242	5,11894
83,3879	11,5671	81,0118	5,11944
83,3724	11,5702	80,9963	5,11993
83,3599	11,5731	80,9839	5,12044
83,3475	11,5759	80,9714	5,12094
83,3351	11,5793	80,9559	5,12145
83,3196	11,5812	80,9435	5,12196
83,3071	11,586	80,931	5,12247
83,2947	11,5853	80,9155	5,12298
83,2823	11,5848	80,9031	5,12349
83,2668	11,5859	80,8907	5,12401
83,2543	11,5836	80,8751	5,12452
83,2419	11,5837	80,8627	5,12502
83,2264	11,5843	80,8503	5,12553
83,214	11,5841	80,8348	5,12604
83,1984	11,5845	80,8223	5,12654
83,186	11,5867	80,8099	5,12704
83,1736	11,5895	80,7975	5,12755
83,1581	11,592	80,782	5,12805
83,1456	11,5956	80,7695	5,12856
83,1301	11,5947	80,7571	5,12907
83,1177	11,5997	80,7416	5,12958
83,1053	11,5992	80,7292	5,1301
83,0928	11,6006	80,7167	5,13061
83,0804	11,5991	80,7043	5,13112
83,0649	11,5999	80,6888	5,13164
83,0524	11,5972	80,6764	5,13216
83,04	11,5961	80,6639	5,13268
83,0276	11,5981	80,6515	5,1332
83,0121	11,5956	80,636	5,13372
82,9996	11,5989	80,6236	5,13425
82,9872	11,5981	80,6111	5,13477
82,9748	11,6001	80,5956	5,1353
82,9624	11,6028	80,5832	5,13584
82,9499	11,6084	80,5708	5,13638
82,9344	11,6061	80,5552	5,13692
82,922	11,6083	80,5428	5,13746
82,9096	11,6097	80,5304	5,138
82,894	11,6081	80,518	5,13854
82,8816	11,6115	80,5024	5,13907
82,8692	11,61	80,49	5,13961
82,8568	11,6095	80,4776	5,14015
82,8412	11,608	80,462	5,14069
82,8288	11,6089	80,4496	5,14124
82,8164	11,6085	80,4372	5,14178
82,804	11,61	80,4248	5,14233
82,7884	11,6101	80,4123	5,14287
82,776	11,6132	80,3968	5,14342
82,7636	11,6151	80,3844	5,14396
82,7481	11,6176	80,372	5,1445
82,7356	11,6212	80,3564	5,14505
82,7232	11,6188	80,344	5,1456
82,7077	11,6219	80,3285	5,14615
82,6953	11,6227	80,3161	5,1467
82,6828	11,6204	80,3036	5,14725
82,6704	11,6225	80,2912	5,1478
82,658	11,6214	80,2788	5,14835
82,6424	11,6197	80,2633	5,1489
82,63	11,6208	80,2508	5,14945
82,6176	11,6176	80,2384	5,15
82,6021	11,6211	80,226	5,15054
82,5897	11,6213	80,2136	5,15109
82,5772	11,621	80,2011	5,15164
82,5617	11,6273	80,1887	5,15219
82,5493	11,629	80,1732	5,15275
82,5368	11,6326	80,1608	5,1533
82,5244	11,634	80,1483	5,15386
82,5089	11,6349	80,1204	5,15441
82,4965	11,6349	80,108	5,15497
82,484	11,6344	80,0955	5,15553
82,4716	11,6329	80,08	5,15609
82,4561	11,6317	80,0676	5,15665
82,4437	11,6305	80,0521	5,15721
82,4312	11,6297	80,0396	5,15776
82,4033	11,6287	80,0272	5,15832
82,3909	11,6305	80,0148	5,15888
82,3785	11,6331	80,0024	5,15943
82,366	11,6337	79,9899	5,15999
82,3536	11,6378	79,9775	5,16054
82,3381	11,6419	79,9651	5,1611
82,3256	11,6424	79,9527	5,16166
82,3132	11,646	79,9402	5,16222
82,3008	11,6429	79,9278	5,16278
82,2853	11,6461	79,9154	5,16333
82,2728	11,6416	79,903	5,16388
82,2604	11,6415	79,8905	5,16444
82,248	11,6402	79,8781	5,165
82,2356	11,6405	79,8533	5,16557
82,22	11,6414	79,8409	5,16614
82,2076	11,643	79,8284	5,16671
82,1952	11,6432	79,816	5,16728
82,1828	11,6466	79,8036	5,16786
82,1672	11,6487	79,7942	5,16844
82,1548	11,6507	79,7818	5,16902
82,1424	11,6556	79,7694	5,16961
82,13	11,6534	79,757	5,17019
82,1175	11,6586	79,7415	5,17078
82,102	11,6584	79,7321	5,17135
82,0896	11,661	79,7042	5,17193
82,0741	11,66	79,6918	5,17251
82,0616	11,6603	79,6793	5,1731
82,0492	11,6599	79,6669	5,17369
82,0337	11,6604	79,6545	5,17427
82,0213	11,6607	79,639	5,17487
82,0088	11,6633	79,6265	5,17546
81,9964	11,6621	79,6141	5,17604
81,9809	11,6653	79,5986	5,17662
81,9685	11,6671	79,5862	5,17721
81,9529	11,6695	79,5737	5,17779
81,9405	11,6731	79,5582	5,17838
81,9281	11,675	79,5458	5,17896
81,9125	11,6769	79,5333	5,17955
81,9001	11,6748	79,5178	5,18013
81,8877	11,6763	79,5054	5,18071
81,8753	11,6758	79,493	5,18129
81,8597	11,6723	79,4774	5,18187
81,8473	11,6725	79,465	5,18245
81,8349	11,6711	79,4526	5,18304
81,8194	11,6687	79,4402	5,18363
81,8069	11,6722	79,4246	5,1842
81,7945	11,6715	79,4122	5,18477
81,7821	11,6743	79,3998	5,18534
81,7666	11,6751	79,3843	5,18591
81,7541	11,6778	79,3718	5,18649
81,7417	11,6797	79,3563	5,18707
81,7293	11,6852	79,3439	5,18765
81,7138	11,6764	79,3315	5,18823
81,7013	11,6818	79,3159	5,1888
81,6889	11,6838	79,3035	5,18938
81,6765	11,6808	79,288	5,18996
81,661	11,6803	79,2756	5,19054
81,6485	11,6783	79,2631	5,19113
81,6361	11,676	79,2476	5,19172
81,6206	11,6793	79,2352	5,19232
81,6082	11,6812	79,2228	5,19291
81,5957	11,6853	79,2103	5,19349
81,5833	11,6862	79,1948	5,19407
81,5678	11,6903	79,1824	5,19464
81,5554	11,6924	79,17	5,19521
81,5429	11,6951	79,1575	5,19578
81,5274	11,6983	79,1451	5,19635
81,515	11,6966	79,1296	5,19693
81,5026	11,6977	79,1171	5,19752
81,487	11,6956	79,1047	5,19811
81,4746	11,6997	79,0923	5,1987
81,4622	11,6939	79,0768	5,1993
81,4467	11,6991	79,0643	5,1999
81,4342	11,6968	79,0519	5,2005
81,4218	11,6973	79,0395	5,20109
81,4094	11,6969	79,0271	5,20167
81,3938	11,6984	79,0115	5,20226
81,3814	11,7037	78,9991	5,20285
81,369	11,7032	78,9867	5,20343
81,3535	11,7077	78,9743	5,20402
81,341	11,7083	78,9587	5,20461
81,3286	11,7106	78,9463	5,2052
81,3038	11,711	78,9339	5,20578
81,2914	11,7111	78,9215	5,20636
81,2758	11,7101	78,9091	5,20695
81,2634	11,7093	78,8966	5,20753
81,251	11,7104	78,8842	5,20812
81,2385	11,7097	78,8687	5,20872
81,223	11,7106	78,8562	5,20932
81,2106	11,7123	78,8438	5,20993
81,1982	11,7113	78,8314	5,21053
81,1857	11,7149	78,8034	5,21114
81,1733	11,7157	78,7879	5,21174
81,1578	11,7042	78,7755	5,21234
81,1454	11,7116	78,7631	5,21294
81,1329	11,7206	78,7506	5,21355
81,1205	11,7245	78,7382	5,21415
81,105	11,7288	78,7258	5,21476
81,0926	11,7257	78,7134	5,21535
81,0801	11,7298	78,7009	5,21595
81,0646	11,7285	78,6885	5,21655
81,0522	11,731	78,6761	5,21715
81,0398	11,726	78,6637	5,21776
81,0242	11,7294	78,6512	5,21836
81,0118	11,7291	78,6419	5,21896
80,9963	11,7338	78,6295	5,21957
80,9839	11,7322	78,6046	5,22017
80,9714	11,7363	78,5891	5,22078
80,9559	11,7393	78,5767	5,22139
80,9435	11,7445	78,5643	5,222
80,931	11,7403	78,5519	5,22261
80,9155	11,7418	78,5394	5,22322
80,9031	11,7446	78,5239	5,22383
80,8907	11,7352	78,5115	5,22445
80,8751	11,7364	78,499	5,22507
80,8627	11,7372	78,4866	5,2257
80,8503	11,7412	78,4742	5,22633
80,8348	11,7385	78,4587	5,22696
80,8223	11,7385	78,4463	5,22759
80,8099	11,7414	78,4338	5,22821
80,7975	11,7425	78,4183	5,22884
80,782	11,7438	78,4059	5,22947
80,7695	11,7461	78,3935	5,2301
80,7571	11,747	78,3779	5,23073
80,7416	11,7523	78,3655	5,23136
80,7292	11,7517	78,3531	5,23199
80,7167	11,7524	78,3375	5,23261
80,7043	11,7502	78,3251	5,23324
80,6888	11,7469	78,3127	5,23386
80,6764	11,7471	78,2972	5,23449
80,6639	11,7463	78,2847	5,23512
80,6515	11,7448	78,2692	5,23574
80,636	11,7433	78,2568	5,23637
80,6236	11,7461	78,2444	5,23699
80,6111	11,7464	78,2319	5,23762
80,5956	11,7498	78,2164	5,23824
80,5832	11,7513	78,204	5,23888
80,5708	11,7543	78,1916	5,23951
80,5552	11,7593	78,176	5,24015
80,5428	11,7571	78,1636	5,24079
80,5304	11,7645	78,1512	5,24144
80,518	11,7615	78,1388	5,24209
80,5024	11,7636	78,1232	5,24274
80,49	11,763	78,1108	5,24341
80,4776	11,7643	78,0984	5,24407
80,462	11,7617	78,086	5,24474
80,4496	11,7621	78,0704	5,24541
80,4372	11,7591	78,058	5,24608
80,4248	11,7628	78,0456	5,24675
80,4123	11,7639	78,03	5,24742
80,3968	11,7674	78,0176	5,24809
80,3844	11,7682	78,0052	5,24877
80,372	11,7742	77,9928	5,24946
80,3564	11,7718	77,9772	5,25013
80,344	11,777	77,9648	5,25081
80,3285	11,7761	77,9524	5,25149
80,3161	11,7796	77,9369	5,25216
80,3036	11,7786	77,9244	5,25284
80,2912	11,779	77,912	5,25353
80,2788	11,7771	77,8996	5,25421
80,2633	11,7792	77,8872	5,2549
80,2508	11,7747	77,8716	5,25559
80,2384	11,7748	77,8592	5,25628
80,226	11,7767	77,8468	5,25697
80,2136	11,7779	77,8344	5,25766
80,2011	11,7785	77,8188	5,25836
80,1887	11,7837	77,8064	5,25906
80,1732	11,7845	77,794	5,25977
80,1608	11,7906	77,7816	5,26048
80,1483	11,7921	77,7691	5,26118
80,1204	11,7929	77,7536	5,26188
80,108	11,7953	77,7412	5,26258
80,0955	11,7945	77,7288	5,26327
80,08	11,7934	77,7163	5,26397
80,0676	11,7933	77,7008	5,26468
80,0521	11,7936	77,676	5,26538
80,0396	11,7917	77,6604	5,26609
80,0272	11,7934	77,648	5,2668
80,0148	11,7929	77,6325	5,26751
80,0024	11,7964	77,6201	5,26823
79,9899	11,7987	77,6107	5,26894
79,9775	11,8027	77,5983	5,26966
79,9651	11,8065	77,5828	5,27038
79,9527	11,808	77,5704	5,27111
79,9402	11,8119	77,5579	5,27183
79,9278	11,811	77,5455	5,27256
79,9154	11,8122	77,5331	5,27329
79,903	11,8135	77,5207	5,27401
79,8905	11,8107	77,5082	5,27474
79,8781	11,8084	77,4958	5,27547
79,8533	11,8093	77,4834	5,2762
79,8409	11,8072	77,471	5,27693
79,8284	11,8074	77,4585	5,27767
79,816	11,8076	77,4461	5,27841
79,8036	11,8084	77,4213	5,27915
79,7942	11,8113	77,4089	5,27989
79,7818	11,8118	77,3964	5,28063
79,7694	11,8173	77,384	5,28137
79,757	11,815	77,3716	5,28213
79,7415	11,8173	77,3592	5,28288
79,7321	11,819	77,3467	5,28364
79,7042	11,8208	77,3343	5,28439
79,6918	11,8181	77,3219	5,28514
79,6793	11,8194	77,3095	5,28588
79,6669	11,8159	77,297	5,28663
79,6545	11,8174	77,2846	5,28738
79,639	11,8193	77,2722	5,28814
79,6265	11,8194	77,2473	5,28889
79,6141	11,8202	77,2318	5,28964
79,5986	11,8214	77,2194	5,2904
79,5862	11,8249	77,207	5,29117
79,5737	11,8259	77,1945	5,29193
79,5582	11,8302	77,179	5,29269
79,5458	11,8324	77,1666	5,29345
79,5333	11,8356	77,1541	5,29421
79,5178	11,8379	77,1386	5,29496
79,5054	11,8368	77,1262	5,29572
79,493	11,8368	77,1138	5,29648
79,4774	11,8402	77,0983	5,29723
79,465	11,8353	77,0858	5,29798
79,4526	11,8358	77,0734	5,29873
79,4402	11,8357	77,061	5,29948
79,4246	11,8369	77,0455	5,30023
79,4122	11,8419	77,033	5,301
79,3998	11,8415	77,0175	5,30177
79,3843	11,8443	77,0051	5,30255
79,3718	11,8478	76,9927	5,30332
79,3563	11,8505	76,9802	5,30411
79,3439	11,8515	76,9678	5,30489
79,3315	11,8545	76,9523	5,30568
79,3159	11,8543	76,9398	5,30646
79,3035	11,8517	76,9274	5,30725
79,288	11,8556	76,915	5,30804
79,2756	11,8536	76,8995	5,30883
79,2631	11,8527	76,887	5,30962
79,2476	11,8517	76,8746	5,31041
79,2352	11,8514	76,8591	5,3112
79,2228	11,8527	76,8467	5,312
79,2103	11,8554	76,8342	5,31279
79,1948	11,8547	76,8187	5,31359
79,1824	11,8592	76,8063	5,31438
79,17	11,8629	76,7939	5,31517
79,1575	11,862	76,7783	5,31597
79,1451	11,866	76,7659	5,31677
79,1296	11,8623	76,7535	5,31757
79,1171	11,8625	76,7411	5,31837
79,1047	11,859	76,7255	5,31918
79,0923	11,8609	76,7131	5,31999
79,0768	11,8602	76,7007	5,3208
79,0643	11,8593	76,6883	5,32161
79,0519	11,8569	76,6727	5,32242
79,0395	11,8587	76,6603	5,32322
79,0271	11,8618	76,6479	5,32404
79,0115	11,8606	76,6355	5,32485
78,9991	11,8655	76,6199	5,32567
78,9867	11,8634	76,6075	5,32649
78,9743	11,8701	76,5951	5,32731
78,9587	11,8703	76,5827	5,32814
78,9463	11,8772	76,5702	5,32897
78,9339	11,8744	76,5578	5,32981
78,9215	11,8721	76,5454	5,33064
78,9091	11,8731	76,5298	5,33147
78,8966	11,8739	76,5174	5,33231
78,8842	11,8718	76,505	5,33315
78,8687	11,8741	76,4926	5,33399
78,8562	11,8697	76,4646	5,33485
78,8438	11,8691	76,4522	5,33569
78,8314	11,8671	76,4398	5,33654
78,8034	11,864	76,4273	5,33739
78,7879	11,8718	76,4149	5,33823
78,7755	11,8747	76,4025	5,33908
78,7631	11,8785	76,3901	5,33993
78,7506	11,882	76,3777	5,34077
78,7382	11,8825	76,3652	5,34163
78,7258	11,8865	76,3528	5,34248
78,7134	11,8844	76,3373	5,34334
78,7009	11,8855	76,328	5,34421
78,6885	11,8869	76,3155	5,34507
78,6761	11,8879	76,3031	5,34594
78,6637	11,888	76,2876	5,34681
78,6512	11,8899	76,2752	5,34768
78,6419	11,8884	76,2627	5,34855
78,6295	11,8909	76,2503	5,34943
78,6046	11,8898	76,2379	5,35031
78,5891	11,8955	76,213	5,35119
78,5767	11,8978	76,1975	5,35207
78,5643	11,8997	76,1851	5,35296
78,5519	11,898	76,1727	5,35385
78,5394	11,9014	76,1602	5,35472
78,5239	11,8987	76,1447	5,3556
78,5115	11,8986	76,1323	5,35648
78,499	11,899	76,1199	5,35736
78,4866	11,8974	76,1074	5,35824
78,4742	11,9003	76,095	5,35913
78,4587	11,8976	76,0795	5,36002
78,4463	11,8991	76,0671	5,36091
78,4338	11,9024	76,0546	5,3618
78,4183	11,901	76,0391	5,36269
78,4059	11,9059	76,0267	5,36359
78,3935	11,9047	76,0143	5,36448
78,3779	11,9121	75,9987	5,36537
78,3655	11,9121	75,9863	5,36626
78,3531	11,9143	75,9739	5,36715
78,3375	11,9152	75,9615	5,36804
78,3251	11,9159	75,949	5,36894
78,3127	11,9146	75,9366	5,36984
78,2972	11,9185	75,9211	5,37074
78,2847	11,9162	75,9087	5,37165
78,2692	11,9176	75,8962	5,37255
78,2568	11,9192	75,8807	5,37346
78,2444	11,9186	75,8683	5,37436
78,2319	11,9177	75,8559	5,37526
78,2164	11,9208	75,8434	5,37616
78,204	11,9205	75,8279	5,37706
78,1916	11,9271	75,8155	5,37796
78,176	11,928	75,803	5,37886
78,1636	11,9342	75,7875	5,37975
78,1512	11,9338	75,7751	5,38064
78,1388	11,9354	75,7627	5,38154
78,1232	11,9327	75,7471	5,38245
78,1108	11,9362	75,7347	5,38336
78,0984	11,9323	75,7223	5,38428
78,086	11,9338	75,7099	5,38519
78,0704	11,9324	75,6975	5,3861
78,058	11,9326	75,6819	5,38702
78,0456	11,933	75,6695	5,38793
78,03	11,9338	75,6571	5,38885
78,0176	11,9338	75,6446	5,38978
78,0052	11,9379	75,6291	5,3907
77,9928	11,9388	75,6167	5,39163
77,9772	11,9439	75,6043	5,39256
77,9648	11,9462	75,5887	5,39349
77,9524	11,9485	75,5763	5,39443
77,9369	11,9498	75,5639	5,39537
77,9244	11,95	75,5484	5,3963
77,912	11,9509	75,5359	5,39725
77,8996	11,9526	75,5235	5,39819
77,8872	11,9511	75,508	5,39913
77,8716	11,9506	75,4956	5,40007
77,8592	11,9486	75,4831	5,40101
77,8468	11,9481	75,4707	5,40195
77,8344	11,9487	75,4552	5,4029
77,8188	11,9529	75,4428	5,40385
77,8064	11,9533	75,4303	5,40479
77,794	11,9592	75,4179	5,40573
77,7816	11,9589	75,4024	5,40666
77,7691	11,9615	75,3899	5,40759
77,7536	11,9658	75,3775	5,40853
77,7412	11,966	75,362	5,40947
77,7288	11,967	75,3496	5,4104
77,7163	11,9657	75,3371	5,41133
77,7008	11,9644	75,3216	5,41227
77,676	11,9634	75,3092	5,4132
77,6604	11,9642	75,2968	5,41414
77,648	11,9621	75,2843	5,41507
77,6325	11,9666	75,2688	5,41601
77,6201	11,9673	75,2564	5,41695
77,6107	11,9681	75,244	5,41788
77,5983	11,9711	75,216	5,41882
77,5828	11,9694	75,2036	5,41976
77,5704	11,9761	75,1881	5,42069
77,5579	11,9761	75,1756	5,42161
77,5455	11,9793	75,1632	5,42253
77,5331	11,9804	75,1508	5,42345
77,5207	11,9799	75,1384	5,42437
77,5082	11,9785	75,1259	5,4253
77,4958	11,9791	75,1104	5,42622
77,4834	11,978	75,098	5,42714
77,471	11,9774	75,0856	5,42806
77,4585	11,9781	75,07	5,42898
77,4461	11,9786	75,0576	5,4299
77,4213	11,9798	75,0452	5,43083
77,4089	11,9827	75,0328	5,43177
77,3964	11,9868	75,0203	5,43271
77,384	11,9913	75,0079	5,43367
77,3716	11,9939	74,9924	5,43461
77,3592	11,9951	74,98	5,43555
77,3467	11,9956	74,9675	5,43649
77,3343	11,9962	74,952	5,43742
77,3219	11,9981	74,9396	5,43835
77,3095	11,9962	74,9272	5,43928
77,297	11,9963	74,9147	5,44021
77,2846	11,9961	74,8992	5,44113
77,2722	11,9973	74,8868	5,44205
77,2473	11,9969	74,8744	5,44298
77,2318	11,9968	74,8619	5,4439
77,2194	11,9982	74,8495	5,44482
77,207	12,0017	74,834	5,44574
77,1945	12,0032	74,8216	5,44667
77,179	12,0078	74,806	5,44758
77,1666	12,0079	74,7936	5,4485
77,1541	12,0106	74,7812	5,44942
77,1386	12,0133	74,7657	5,45034
77,1262	12,0147	74,7532	5,45125
77,1138	12,0126	74,7408	5,45217
77,0983	12,0099	74,7253	5,4531
77,0858	12,0101	74,7128	5,45402
77,0734	12,0078	74,7004	5,45494
77,061	12,0134	74,688	5,45586
77,0455	12,0093	74,6756	5,45677
77,033	12,0117	74,6631	5,45768
77,0175	12,0117	74,6476	5,45859
77,0051	12,0175	74,6352	5,4595
76,9927	12,0174	74,6228	5,46041
76,9802	12,0221	74,6072	5,46133
76,9678	12,0261	74,5948	5,46224
76,9523	12,0283	74,5824	5,46316
76,9398	12,0293	74,5669	5,46406
76,9274	12,0276	74,5544	5,46496
76,915	12,0276	74,542	5,46586
76,8995	12,0232	74,5265	5,46676
76,887	12,0247	74,5141	5,46765
76,8746	12,0213	74,5016	5,46854
76,8591	12,0231	74,4861	5,46944
76,8467	12,023	74,4737	5,47033
76,8342	12,0267	74,4613	5,47123
76,8187	12,0288	74,4488	5,47213
76,8063	12,0322	74,4333	5,47303
76,7939	12,0348	74,4209	5,47392
76,7783	12,04	74,4084	5,4748
76,7659	12,0398	74,396	5,47568
76,7535	12,0453	74,3805	5,47655
76,7411	12,0419	74,3681	5,47743
76,7255	12,0448	74,3556	5,4783
76,7131	12,0401	74,3432	5,47917
76,7007	12,0418	74,3153	5,48003
76,6883	12,0429	74,3029	5,4809
76,6727	12,0399	74,2873	5,48176
76,6603	12,0435	74,2749	5,48261
76,6479	12,0417	74,2625	5,48347
76,6355	12,0435	74,25	5,48432
76,6199	12,0422	74,2376	5,48517
76,6075	12,0472	74,2252	5,48603
76,5951	12,0484	74,2128	5,48688
76,5827	12,0533	74,2003	5,48773
76,5702	12,0545	74,1879	5,48857
76,5578	12,0576	74,1755	5,48942
76,5454	12,0587	74,1631	5,49027
76,5298	12,0567	74,1507	5,49112
76,5174	12,0569	74,1382	5,49197
76,505	12,0571	74,1258	5,49282
76,4926	12,0547	74,1134	5,49366
76,4646	12,057	74,0885	5,49451
76,4522	12,0548	74,0761	5,49535
76,4398	12,0577	74,0637	5,49619
76,4273	12,0588	74,0513	5,49703
76,4149	12,062	74,0388	5,49787
76,4025	12,0643	74,0264	5,49871
76,3901	12,068	74,014	5,49954
76,3777	12,0701	74,0016	5,50037
76,3652	12,0695	73,986	5,5012
76,3528	12,0734	73,9736	5,50204
76,3373	12,0711	73,9612	5,50287
76,328	12,0731	73,9488	5,5037
76,3155	12,0717	73,9363	5,50453
76,3031	12,0711	73,9239	5,50536
76,2876	12,0728	73,8991	5,50619
76,2752	12,0691	73,8866	5,50702
76,2627	12,0704	73,8711	5,50784
76,2503	12,0688	73,8618	5,50867
76,2379	12,0723	73,8463	5,50949
76,213	12,0728	73,8338	5,51031
76,1975	12,0775	73,8245	5,51113
76,1851	12,0814	73,8121	5,51195
76,1727	12,0854	73,7997	5,51277
76,1602	12,0858	73,7873	5,51359
76,1447	12,0857	73,7748	5,51439
76,1323	12,0887	73,7624	5,51521
76,1199	12,088	73,75	5,51601
76,1074	12,0854	73,7376	5,51681
76,095	12,0892	73,7251	5,5176
76,0795	12,0812	73,6972	5,5184
76,0671	12,0854	73,6848	5,51919
76,0546	12,0867	73,6723	5,51998
76,0391	12,0839	73,6599	5,52077
76,0267	12,0876	73,6475	5,52156
76,0143	12,0893	73,632	5,52234
75,9987	12,0886	73,6195	5,52312
75,9863	12,095	73,6071	5,5239
75,9739	12,0952	73,5947	5,52468
75,9615	12,0957	73,5792	5,52545
75,949	12,0967	73,5667	5,52622
75,9366	12,0943	73,5543	5,52699
75,9211	12,0951	73,5419	5,52775
75,9087	12,0913	73,5264	5,52851
75,8962	12,0874	73,5139	5,52926
75,8807	12,0871	73,5015	5,53001
75,8683	12,0865	73,486	5,53076
75,8559	12,0874	73,4735	5,53151
75,8434	12,0886	73,4611	5,53225
75,8279	12,0906	73,4456	5,53298
75,8155	12,0912	73,4332	5,53371
75,803	12,0976	73,4207	5,53445
75,7875	12,099	73,4083	5,5352
75,7751	12,1015	73,3959	5,53593
75,7627	12,1042	73,3835	5,53666
75,7471	12,1032	73,3679	5,53739
75,7347	12,1071	73,3555	5,53812
75,7223	12,1052	73,3431	5,53885
75,7099	12,1055	73,3276	5,53957
75,6975	12,1062	73,3152	5,5403
75,6819	12,1046	73,3027	5,54103
75,6695	12,1067	73,2872	5,54176
75,6571	12,1082	73,2748	5,54249
75,6446	12,1101	73,2623	5,54321
75,6291	12,1107	73,2499	5,54393
75,6167	12,1145	73,2375	5,54464
75,6043	12,1183	73,222	5,54536
75,5887	12,1223	73,2095	5,54608
75,5763	12,1226	73,1971	5,54679
75,5639	12,1251	73,1847	5,54751
75,5484	12,1271	73,1723	5,54822
75,5359	12,126	73,1567	5,54892
75,5235	12,127	73,1443	5,54961
75,508	12,1255	73,1319	5,5503
75,4956	12,1255	73,1195	5,55098
75,4831	12,1269	73,107	5,55167
75,4707	12,1236	73,0791	5,55237
75,4552	12,1262	73,0667	5,55307
75,4428	12,1283	73,0542	5,55376
75,4303	12,132	73,0387	5,55446
75,4179	12,1338	73,0263	5,55515
75,4024	12,1386	73,0139	5,55584
75,3899	12,1406	73,0014	5,55653
75,3775	12,1425	72,989	5,55723
75,362	12,1468	72,9766	5,55792
75,3496	12,1438	72,9642	5,55861
75,3371	12,1449	72,9517	5,55928
75,3216	12,1423	72,9393	5,55995
75,3092	12,1441	72,9269	5,56061
75,2968	12,1425	72,9145	5,56128
75,2843	12,1402	72,902	5,56194
75,2688	12,1414	72,8896	5,5626
75,2564	12,1424	72,8648	5,56324
75,244	12,1416	72,8523	5,56389
75,216	12,1463	72,8399	5,56453
75,2036	12,1463	72,8244	5,56518
75,1881	12,1544	72,812	5,56582
75,1756	12,1549	72,7995	5,56646
75,1632	12,1603	72,7871	5,5671
75,1508	12,1583	72,7747	5,56774
75,1384	12,161	72,7592	5,56838
75,1259	12,1594	72,7467	5,56901
75,1104	12,1597	72,7312	5,56963
75,098	12,1596	72,7188	5,57026
75,0856	12,1587	72,7064	5,57089
75,07	12,1592	72,6939	5,57152
75,0576	12,1562	72,6815	5,57215
75,0452	12,1588	72,6691	5,57277
75,0328	12,16	72,6567	5,57339
75,0203	12,1622	72,6411	5,57402
75,0079	12,1665	72,6287	5,57464
74,9924	12,1682	72,6163	5,57526
74,98	12,1727	72,6039	5,57588
74,9675	12,1726	72,5884	5,57649
74,952	12,1777	72,5759	5,57711
74,9396	12,1692	72,5635	5,57773
74,9272	12,1755	72,5511	5,57834
74,9147	12,1729	72,5355	5,57895
74,8992	12,1747	72,5231	5,57955
74,8868	12,1729	72,5107	5,58015
74,8744	12,1736	72,4952	5,58076
74,8619	12,1709	72,4827	5,58138
74,8495	12,1766	72,4703	5,582
74,834	12,1768	72,4548	5,58261
74,8216	12,1823	72,4424	5,58322
74,806	12,1813	72,4268	5,58383
74,7936	12,1861	72,4144	5,58443
74,7812	12,1882	72,402	5,58503
74,7657	12,1882	72,3896	5,58563
74,7532	12,1917	72,374	5,58623
74,7408	12,1912	72,3616	5,58683
74,7253	12,1904	72,3492	5,58742
74,7128	12,191	72,3336	5,58801
74,7004	12,1874	72,3212	5,58858
74,688	12,191	72,3088	5,58916
74,6756	12,1881	72,2964	5,58975
74,6631	12,1886	72,2839	5,59035
74,6476	12,1913	72,2684	5,59094
74,6352	12,1929	72,256	5,59154
74,6228	12,1956	72,2436	5,59213
74,6072	12,1974	72,2312	5,59272
74,5948	12,1996	72,2156	5,5933
74,5824	12,2006	72,2032	5,59388
74,5669	12,2056	72,1908	5,59446
74,5544	12,2061	72,1752	5,59504
74,542	12,2049	72,1628	5,59562
74,5265	12,2066	72,1504	5,59619
74,5141	12,2022	72,1349	5,59676
74,5016	12,2029	72,1224	5,59734
74,4861	12,2046	72,11	5,59792
74,4737	12,2063	72,0945	5,59849
74,4613	12,2039	72,0821	5,59906
74,4488	12,2109	72,0696	5,59962
74,4333	12,2077	72,0572	5,60019
74,4209	12,2148	72,0448	5,60075
74,4084	12,2136	72,0293	5,60131
74,396	12,2195	72,0168	5,60187
74,3805	12,2228	72,0044	5,60241
74,3681	12,2248	71,9889	5,60296
74,3556	12,2249	71,9765	5,6035
74,3432	12,2249	71,964	5,60404
74,3153	12,2253	71,9485	5,60458
74,3029	12,2209	71,9361	5,60512
74,2873	12,2249	71,9237	5,60566
74,2749	12,2218	71,9081	5,6062
74,2625	12,2214	71,8957	5,60675
74,25	12,2246	71,8833	5,6073
74,2376	12,2234	71,8709	5,60786
74,2252	12,2263	71,8429	5,60843
74,2128	12,2281	71,8274	5,60901
74,2003	12,2331	71,818	5,60959
74,1879	12,2361	71,8056	5,61018
74,1755	12,2367	71,7932	5,61077
74,1631	12,2403	71,7808	5,61135
74,1507	12,2303	71,7684	5,61192
74,1382	12,2382	71,7559	5,61249
74,1258	12,2359	71,7466	5,61306
74,1134	12,234	71,7311	5,61363
74,0885	12,2367	71,7187	5,61422
74,0761	12,2329	71,7062	5,61481
74,0637	12,2342	71,6938	5,61539
74,0513	12,2387	71,6814	5,61598
74,0388	12,2392	71,6565	5,61657
74,0264	12,2408	71,6441	5,61716
74,014	12,2483	71,6317	5,61775
74,0016	12,2403	71,6162	5,61834
73,986	12,2482	71,6037	5,61893
73,9736	12,2458	71,5882	5,61952
73,9612	12,2534	71,5758	5,62011
73,9488	12,2495	71,5634	5,6207
73,9363	12,2564	71,5478	5,6213
73,9239	12,2486	71,5354	5,62189
73,8991	12,2525	71,523	5,62248
73,8866	12,2419	71,5106	5,62307
73,8711	12,2441	71,495	5,62366
73,8618	12,2468	71,4826	5,62426
73,8463	12,2498	71,4702	5,62485
73,8338	12,2507	71,4578	5,62544
73,8245	12,2589	71,4422	5,62603
73,8121	12,258	71,4298	5,62662
73,7997	12,2673	71,4174	5,62722
73,7873	12,2678	71,405	5,62781
73,7748	12,2693	71,3894	5,6284
73,7624	12,2691	71,377	5,629
73,75	12,2712	71,3646	5,6296
73,7376	12,2707	71,3522	5,6302
73,7251	12,2681	71,3366	5,63079
73,6972	12,2689	71,3242	5,63139
73,6848	12,2688	71,3118	5,63199
73,6723	12,2647	71,2962	5,63259
73,6599	12,2724	71,2838	5,63319
73,6475	12,273	71,2714	5,63377
73,632	12,2771	71,2559	5,63435
73,6195	12,278	71,2434	5,63493
73,6071	12,2814	71,231	5,63552
73,5947	12,2871	71,2186	5,6361
73,5792	12,288	71,2031	5,63669
73,5667	12,289	71,1906	5,63728
73,5543	12,2947	71,1782	5,63787
73,5419	12,2849	71,1658	5,63847
73,5264	12,285	71,1534	5,63907
73,5139	12,2886	71,1378	5,63968
73,5015	12,2874	71,1254	5,64028
73,486	12,2869	71,1099	5,64089
73,4735	12,2897	71,0975	5,64149
73,4611	12,2886	71,085	5,6421
73,4456	12,2926	71,0726	5,64271
73,4332	12,2914	71,0571	5,64332
73,4207	12,2969	71,0447	5,64394
73,4083	12,3015	71,0322	5,64455
73,3959	12,3042	71,0198	5,64516
73,3835	12,308	71,0074	5,64578
73,3679	12,308	70,9919	5,6464
73,3555	12,3067	70,9794	5,64702
73,3431	12,3085	70,9639	5,64765
73,3276	12,3056	70,9515	5,64828
73,3152	12,3065	70,9391	5,6489
73,3027	12,3065	70,9235	5,64952
73,2872	12,3049	70,9142	5,65014
73,2748	12,3068	70,8987	5,65076
73,2623	12,3065	70,8863	5,65138
73,2499	12,3064	70,8738	5,65199
73,2375	12,3102	70,8583	5,65261
73,222	12,3123	70,8459	5,65323
73,2095	12,3159	70,8335	5,65387
73,1971	12,3192	70,8179	5,6545
73,1847	12,3196	70,8055	5,65514
73,1723	12,3218	70,7931	5,65578
73,1567	12,321	70,7806	5,65642
73,1443	12,3202	70,7682	5,65707
73,1319	12,3183	70,7527	5,65773
73,1195	12,3195	70,7403	5,65838
73,107	12,3169	70,7247	5,65902
73,0791	12,3181	70,7123	5,65965
73,0667	12,3188	70,6999	5,6603
73,0542	12,3177	70,6875	5,66094
73,0387	12,3189	70,675	5,66159
73,0263	12,322	70,6471	5,66224
73,0139	12,3235	70,6347	5,66289
73,0014	12,3264	70,6222	5,66354
72,989	12,3293	70,6098	5,6642
72,9766	12,3323	70,5943	5,66486
72,9642	12,3303	70,5819	5,66552
72,9517	12,3307	70,5663	5,66618
72,9393	12,3332	70,5539	5,66685
72,9269	12,3332	70,5415	5,66752
72,9145	12,3324	70,5291	5,66819
72,902	12,335	70,5166	5,66885
72,8896	12,3322	70,5042	5,66951
72,8648	12,3356	70,4918	5,67018
72,8523	12,3373	70,4794	5,67084
72,8399	12,3359	70,467	5,67152
72,8244	12,3409	70,4545	5,6722
72,812	12,3465	70,4421	5,67289
72,7995	12,348	70,4297	5,67358
72,7871	12,3505	70,4173	5,67427
72,7747	12,3501	70,4048	5,67497
72,7592	12,3456	70,38	5,67565
72,7467	12,3465	70,3675	5,67634
72,7312	12,343	70,3551	5,67703
72,7188	12,3399	70,3396	5,67772
72,7064	12,3388	70,3272	5,67841
72,6939	12,3341	70,3117	5,6791
72,6815	12,3324	70,2992	5,67978
72,6691	12,3363	70,2868	5,68046
72,6567	12,3341	70,2713	5,68115
72,6411	12,3403	70,2588	5,68184
72,6287	12,3433	70,2464	5,68254
72,6163	12,3509	70,234	5,68325
72,6039	12,3537	70,2185	5,68395
72,5884	12,3581	70,206	5,68465
72,5759	12,3574	70,1936	5,68535
72,5635	12,3592	70,1812	5,68606
72,5511	12,3568	70,1688	5,68677
72,5355	12,3572	70,1532	5,68748
72,5231	12,3564	70,1408	5,6882
72,5107	12,3536	70,1284	5,68891
72,4952	12,3554	70,116	5,68962
72,4827	12,3543	70,1004	5,69033
72,4703	12,3558	70,088	5,69104
72,4548	12,3609	70,0756	5,69176
72,4424	12,3622	70,0632	5,69247
72,4268	12,3679	70,0508	5,69319
72,4144	12,3686	70,0352	5,69391
72,402	12,374	70,0228	5,69463
72,3896	12,3759	70,0104	5,69536
72,374	12,3776	69,9948	5,69608
72,3616	12,3756	69,9824	5,6968
72,3492	12,3743	69,97	5,69753
72,3336	12,3714	69,9576	5,69825
72,3212	12,3739	69,9451	5,69898
72,3088	12,3708	69,9327	5,6997
72,2964	12,3694	69,9172	5,70043
72,2839	12,3671	69,9048	5,70116
72,2684	12,3728	69,8923	5,70189
72,256	12,3754	69,8768	5,70262
72,2436	12,3779	69,8644	5,70334
72,2312	12,371	69,852	5,70408
72,2156	12,3757	69,8395	5,70483
72,2032	12,3852	69,8271	5,70558
72,1908	12,3883	69,8116	5,70634
72,1752	12,393	69,7992	5,70709
72,1628	12,3938	69,7867	5,70784
72,1504	12,3947	69,7712	5,70859
72,1349	12,3932	69,7588	5,70934
72,1224	12,3925	69,7463	5,7101
72,11	12,3943	69,7339	5,71085
72,0945	12,3938	69,7215	5,71161
72,0821	12,3953	69,706	5,71237
72,0696	12,3941	69,6936	5,71313
72,0572	12,3984	69,6656	5,71389
72,0448	12,401	69,6532	5,71463
72,0293	12,4032	69,6407	5,71537
72,0168	12,4062	69,6283	5,71612
72,0044	12,4106	69,6159	5,71687
71,9889	12,4098	69,6035	5,71762
71,9765	12,4088	69,5911	5,71836
71,964	12,406	69,5786	5,7191
71,9485	12,4083	69,5662	5,71984
71,9361	12,4071	69,5538	5,72059
71,9237	12,4095	69,5414	5,72134
71,9081	12,4073	69,5289	5,72211
71,8957	12,4062	69,5165	5,72288
71,8833	12,4105	69,5041	5,72365
71,8709	12,4075	69,4917	5,72442
71,8429	12,4108	69,4792	5,72519
71,8274	12,4126	69,4544	5,72595
71,818	12,4154	69,442	5,72672
71,8056	12,4228	69,4295	5,72749
71,7932	12,4247	69,4171	5,72826
71,7808	12,4264	69,4047	5,72904
71,7684	12,4274	69,3923	5,72981
71,7559	12,427	69,3798	5,7306
71,7466	12,4278	69,3674	5,73139
71,7311	12,4273	69,3519	5,73217
71,7187	12,4238	69,3395	5,73295
71,7062	12,4275	69,327	5,73372
71,6938	12,4225	69,3146	5,73451
71,6814	12,4277	69,3022	5,7353
71,6565	12,4278	69,2898	5,73609
71,6441	12,4316	69,2773	5,73689
71,6317	12,4309	69,2525	5,7377
71,6162	12,4366	69,237	5,7385
71,6037	12,4387	69,2245	5,73931
71,5882	12,442	69,2121	5,74012
71,5758	12,4423	69,1997	5,74092
71,5634	12,4434	69,1873	5,74173
71,5478	12,442	69,1717	5,74254
71,5354	12,4423	69,1593	5,74333
71,523	12,4437	69,1438	5,74412
71,5106	12,4409	69,1314	5,74491
71,495	12,4434	69,1189	5,74569
71,4826	12,4412	69,1034	5,74647
71,4702	12,4437	69,091	5,74726
71,4578	12,4436	69,0755	5,74805
71,4422	12,4429	69,063	5,74884
71,4298	12,4452	69,0506	5,74964
71,4174	12,4517	69,0351	5,75044
71,405	12,4531	69,0227	5,75124
71,3894	12,4544	69,0102	5,75203
71,377	12,4569	68,9978	5,75283
71,3646	12,4588	68,9823	5,75363
71,3522	12,4597	68,9699	5,75443
71,3366	12,4629	68,9574	5,75522
71,3242	12,4614	68,9419	5,75603
71,3118	12,4594	68,9295	5,75683
71,2962	12,4621	68,9171	5,75764
71,2838	12,4565	68,9046	5,75845
71,2714	12,465	68,8891	5,75927
71,2559	12,4586	68,8767	5,76008
71,2434	12,4685	68,8642	5,76089
71,231	12,4717	68,8487	5,7617
71,2186	12,4743	68,8363	5,76251
71,2031	12,4761	68,8239	5,76332
71,1906	12,4781	68,8114	5,76412
71,1782	12,4778	68,7959	5,76494
71,1658	12,4813	68,7835	5,76574
71,1534	12,4813	68,7711	5,76655
71,1378	12,4838	68,7555	5,76735
71,1254	12,4795	68,7431	5,76816
71,1099	12,4777	68,7276	5,76896
71,0975	12,4758	68,7152	5,76977
71,085	12,4825	68,7027	5,77058
71,0726	12,4803	68,6903	5,7714
71,0571	12,4796	68,6748	5,77221
71,0447	12,4866	68,6624	5,77302
71,0322	12,4832	68,6499	5,77384
71,0198	12,4921	68,6375	5,77465
71,0074	12,4993	68,622	5,77546
70,9919	12,5038	68,6096	5,77627
70,9794	12,5044	68,594	5,77708
70,9639	12,4993	68,5816	5,77789
70,9515	12,5017	68,5692	5,77871
70,9391	12,4981	68,5537	5,77954
70,9235	12,5006	68,5412	5,78037
70,9142	12,5013	68,5288	5,7812
70,8987	12,5026	68,5133	5,78204
70,8863	12,5067	68,5008	5,78287
70,8738	12,5043	68,4853	5,78371
70,8583	12,5066	68,4729	5,78453
70,8459	12,5086	68,4605	5,78536
70,8335	12,5135	68,448	5,78617
70,8179	12,514	68,4325	5,78697
70,8055	12,5186	68,4201	5,78778
70,7931	12,5186	68,4077	5,78858
70,7806	12,5177	68,3921	5,78938
70,7682	12,5197	68,3797	5,79018
70,7527	12,5168	68,3673	5,79098
70,7403	12,5186	68,3549	5,79178
70,7247	12,5162	68,3424	5,79258
70,7123	12,5158	68,3269	5,79339
70,6999	12,5138	68,3145	5,7942
70,6875	12,5154	68,3021	5,79501
70,675	12,514	68,2896	5,79581
70,6471	12,5168	68,2741	5,79662
70,6347	12,5213	68,2617	5,79742
70,6222	12,5215	68,2493	5,79823
70,6098	12,5272	68,2368	5,79905
70,5943	12,5266	68,2213	5,79986
70,5819	12,5283	68,2089	5,80067
70,5663	12,5246	68,1965	5,80149
70,5539	12,5261	68,184	5,80232
70,5415	12,5266	68,1685	5,80314
70,5291	12,5273	68,1561	5,80397
70,5166	12,527	68,1437	5,8048
70,5042	12,5244	68,1312	5,80561
70,4918	12,5279	68,1188	5,80643
70,4794	12,5276	68,1033	5,80725
70,467	12,5319	68,0909	5,80807
70,4545	12,5335	68,0784	5,80889
70,4421	12,5378	68,066	5,80971
70,4297	12,5378	68,0505	5,81052
70,4173	12,5421	68,0381	5,81134
70,4048	12,5452	68,0256	5,81216
70,38	12,5474	68,0132	5,81299
70,3675	12,5509	68,0008	5,81381
70,3551	12,5478	67,9852	5,81463
70,3396	12,5476	67,9728	5,81545
70,3272	12,5458	67,9604	5,81627
70,3117	12,547	67,9356	5,8171
70,2992	12,5462	67,92	5,81792
70,2868	12,5473	67,9076	5,81874
70,2713	12,5483	67,8952	5,81956
70,2588	12,5514	67,8796	5,82039
70,2464	12,553	67,8672	5,82122
70,234	12,5568	67,8548	5,82204
70,2185	12,5601	67,8424	5,82287
70,206	12,5633	67,8268	5,82369
70,1936	12,5667	67,8144	5,82452
70,1812	12,5675	67,7989	5,82535
70,1688	12,5676	67,7865	5,82617
70,1532	12,5702	67,774	5,82699
70,1408	12,5652	67,7616	5,82781
70,1284	12,5679	67,7492	5,82863
70,116	12,5658	67,7337	5,82945
70,1004	12,5661	67,7212	5,83027
70,088	12,5647	67,7057	5,83109
70,0756	12,5621	67,6933	5,83191
70,0632	12,5656	67,6809	5,83274
70,0508	12,5689	67,6684	5,83357
70,0352	12,5691	67,656	5,8344
70,0228	12,5748	67,6436	5,83523
70,0104	12,575	67,6281	5,83606
69,9948	12,5792	67,6156	5,8369
69,9824	12,577	67,6001	5,83773
69,97	12,5791	67,5877	5,83856
69,9576	12,5814	67,5753	5,83939
69,9451	12,5805	67,5628	5,84022
69,9327	12,5809	67,5504	5,84105
69,9172	12,5809	67,538	5,84187
69,9048	12,58	67,5225	5,8427
69,8923	12,5819	67,5131	5,84353
69,8768	12,5831	67,4976	5,84436
69,8644	12,586	67,4852	5,8452
69,852	12,5855	67,4728	5,84604
69,8395	12,5889	67,4572	5,84688
69,8271	12,5892	67,4448	5,84772
69,8116	12,5913	67,4324	5,84857
69,7992	12,5919	67,4169	5,8494
69,7867	12,5923	67,4044	5,85022
69,7712	12,5901	67,392	5,85106
69,7588	12,5826	67,3796	5,85188
69,7463	12,5853	67,3672	5,85272
69,7339	12,5883	67,3516	5,85355
69,7215	12,5895	67,3392	5,85439
69,706	12,5964	67,3237	5,85523
69,6936	12,5951	67,3113	5,85606
69,6656	12,6037	67,2988	5,85689
69,6532	12,6015	67,2864	5,85772
69,6407	12,6059	67,2709	5,85856
69,6283	12,6102	67,2584	5,85941
69,6159	12,6095	67,246	5,86025
69,6035	12,6132	67,2336	5,86109
69,5911	12,6112	67,2212	5,86194
69,5786	12,6108	67,2056	5,86279
69,5662	12,6103	67,1932	5,86363
69,5538	12,6113	67,1808	5,86447
69,5414	12,6064	67,1684	5,86532
69,5289	12,6109	67,1528	5,86616
69,5165	12,6112	67,1404	5,86699
69,5041	12,6115	67,1156	5,86782
69,4917	12,6153	67,1	5,86866
69,4792	12,6156	67,0876	5,8695
69,4544	12,6207	67,0752	5,87034
69,442	12,6243	67,0628	5,87119
69,4295	12,6271	67,0503	5,87204
69,4171	12,6304	67,0379	5,87289
69,4047	12,633	67,0224	5,87375
69,3923	12,635	67,01	5,8746
69,3798	12,6331	66,9975	5,87545
69,3674	12,636	66,9851	5,8763
69,3519	12,6326	66,9727	5,87716
69,3395	12,6323	66,9634	5,87804
69,327	12,632	66,951	5,87892
69,3146	12,633	66,9385	5,8798
69,3022	12,6333	66,9261	5,88067
69,2898	12,6347	66,9013	5,88155
69,2773	12,6336	66,8888	5,88243
69,2525	12,6384	66,8733	5,8833
69,237	12,6392	66,8609	5,88418
69,2245	12,6436	66,8485	5,88505
69,2121	12,6492	66,836	5,88592
69,1997	12,6477	66,8205	5,8868
69,1873	12,6546	66,8081	5,88766
69,1717	12,6534	66,7957	5,88852
69,1593	12,6527	66,7832	5,88938
69,1438	12,6565	66,7708	5,89025
69,1314	12,6482	66,7553	5,89112
69,1189	12,6497	66,7429	5,89199
69,1034	12,65	66,7273	5,89287
69,091	12,6425	66,7149	5,89374
69,0755	12,647	66,7025	5,89461
69,063	12,6514	66,6869	5,89549
69,0506	12,6364	66,6745	5,89637
69,0351	12,6516	66,6621	5,89726
69,0227	12,6559	66,6497	5,89815
69,0102	12,661	66,6342	5,89905
68,9978	12,6701	66,6217	5,89995
68,9823	12,6705	66,6062	5,90086
68,9699	12,679	66,5938	5,90177
68,9574	12,6724	66,5813	5,90267
68,9419	12,6732	66,5689	5,90357
68,9295	12,6737	66,5534	5,90446
68,9171	12,6706	66,541	5,90537
68,9046	12,6778	66,5285	5,90627
68,8891	12,6679	66,5161	5,90717
68,8767	12,6737	66,5006	5,90807
68,8642	12,6789	66,4882	5,90897
68,8487	12,6811	66,4726	5,90988
68,8363	12,6851	66,4602	5,9108
68,8239	12,6908	66,4478	5,91171
68,8114	12,6893	66,4323	5,91262
68,7959	12,6919	66,4198	5,91353
68,7835	12,6911	66,4043	5,91445
68,7711	12,6921	66,3919	5,91535
68,7555	12,6918	66,3795	5,91626
68,7431	12,6873	66,367	5,91717
68,7276	12,6898	66,3546	5,91807
68,7152	12,6883	66,3391	5,91896
68,7027	12,6886	66,3267	5,91986
68,6903	12,6901	66,3142	5,92077
68,6748	12,6912	66,3018	5,92166
68,6624	12,6964	66,2863	5,92257
68,6499	12,6991	66,2739	5,92348
68,6375	12,7037	66,2614	5,92439
68,622	12,7075	66,2459	5,9253
68,6096	12,7105	66,2335	5,9262
68,594	12,7134	66,221	5,92711
68,5816	12,7147	66,2055	5,92802
68,5692	12,7157	66,1931	5,92893
68,5537	12,7138	66,1776	5,92984
68,5412	12,7139	66,1651	5,93076
68,5288	12,7105	66,1527	5,93167
68,5133	12,7121	66,1372	5,93259
68,5008	12,713	66,1248	5,93352
68,4853	12,7126	66,1123	5,93445
68,4729	12,7147	66,0999	5,93537
68,4605	12,7171	66,0875	5,9363
68,448	12,7212	66,072	5,93723
68,4325	12,7247	66,0595	5,93815
68,4201	12,7301	66,0471	5,93908
68,4077	12,7334	66,0316	5,94001
68,3921	12,7312	66,0192	5,94093
68,3797	12,7351	66,0067	5,94185
68,3673	12,7341	65,9912	5,94275
68,3549	12,7338	65,9788	5,94366
68,3424	12,7345	65,9664	5,94457
68,3269	12,7335	65,9508	5,94549
68,3145	12,7301	65,9384	5,9464
68,3021	12,7308	65,926	5,94732
68,2896	12,729	65,9135	5,94824
68,2741	12,735	65,9011	5,94916
68,2617	12,735	65,8856	5,95008
68,2493	12,7396	65,8732	5,951
68,2368	12,7415	65,8608	5,95193
68,2213	12,7417	65,8452	5,95285
68,2089	12,7456	65,8328	5,95376
68,1965	12,7456	65,8204	5,95467
68,184	12,7486	65,8079	5,95558
68,1685	12,7493	65,7924	5,95649
68,1561	12,7509	65,78	5,9574
68,1437	12,7457	65,7676	5,95832
68,1312	12,7483	65,7551	5,95925
68,1188	12,7443	65,7427	5,96018
68,1033	12,7484	65,7303	5,96112
68,0909	12,7537	65,7148	5,96205
68,0784	12,7538	65,7023	5,96298
68,066	12,7564	65,6868	5,96391
68,0505	12,759	65,6744	5,96485
68,0381	12,7617	65,6589	5,9658
68,0256	12,7652	65,6464	5,96675
68,0132	12,7653	65,634	5,96768
68,0008	12,7708	65,6216	5,96861
67,9852	12,7664	65,6092	5,96955
67,9728	12,7699	65,5936	5,97048
67,9604	12,7671	65,5812	5,97142
67,9356	12,7661	65,5688	5,97236
67,92	12,7689	65,5533	5,9733
67,9076	12,7679	65,5408	5,97423
67,8952	12,767	65,5284	5,97516
67,8796	12,7721	65,5129	5,9761
67,8672	12,7678	65,5005	5,97704
67,8548	12,7768	65,4849	5,97797
67,8424	12,7767	65,4725	5,97891
67,8268	12,7816	65,4601	5,97985
67,8144	12,7856	65,4476	5,98079
67,7989	12,7869	65,4321	5,98173
67,7865	12,7864	65,4197	5,98267
67,774	12,7902	65,4073	5,98361
67,7616	12,7857	65,3793	5,98454
67,7492	12,7863	65,3669	5,98548
67,7337	12,789	65,3545	5,98641
67,7212	12,7864	65,342	5,98736
67,7057	12,7891	65,3265	5,98831
67,6933	12,7822	65,3141	5,98925
67,6809	12,7868	65,3017	5,99019
67,6684	12,7919	65,2892	5,99113
67,656	12,7912	65,2768	5,99208
67,6436	12,7957	65,2644	5,99304
67,6281	12,7981	65,252	5,99399
67,6156	12,7979	65,2396	5,99494
67,6001	12,8024	65,224	5,9959
67,5877	12,7994	65,2116	5,99685
67,5753	12,7969	65,1992	5,9978
67,5628	12,7988	65,1867	5,99875
67,5504	12,7971	65,1743	5,99971
67,538	12,7996	65,1619	6,00065
67,5225	12,7977	65,1495	6,00159
67,5131	12,8005	65,1371	6,00252
67,4976	12,8019	65,1246	6,00345
67,4852	12,8025	65,1122	6,00438
67,4728	12,8054	65,0874	6,00532
67,4572	12,8088	65,0718	6,00624
67,4448	12,8079	65,0594	6,00717
67,4324	12,8148	65,0439	6,0081
67,4169	12,8189	65,0314	6,00903
67,4044	12,8182	65,0221	6,00995
67,392	12,8215	65,0097	6,01088
67,3796	12,8192	64,9973	6,0118
67,3672	12,8188	64,9849	6,01272
67,3516	12,8232	64,9724	6,01364
67,3392	12,8174	64,96	6,01456
67,3237	12,8231	64,9476	6,01548
67,3113	12,8214	64,9352	6,0164
67,2988	12,8218	64,9227	6,01731
67,2864	12,8233	64,9103	6,01823
67,2709	12,8235	64,8855	6,01916
67,2584	12,8321	64,8699	6,02009
67,246	12,8307	64,8575	6,02101
67,2336	12,8358	64,8451	6,02193
67,2212	12,8371	64,8327	6,02287
67,2056	12,8384	64,8171	6,0238
67,1932	12,8391	64,8047	6,02472
67,1808	12,84	64,7923	6,02564
67,1684	12,8353	64,7768	6,02656
67,1528	12,8358	64,7643	6,02748
67,1404	12,8332	64,7519	6,02839
67,1156	12,8343	64,7395	6,0293
67,1	12,8309	64,7271	6,03021
67,0876	12,8364	64,7115	6,03113
67,0752	12,8419	64,6991	6,03206
67,0628	12,8433	64,6867	6,03298
67,0503	12,8479	64,6712	6,03391
67,0379	12,8555	64,6587	6,03483
67,0224	12,8563	64,6463	6,03575
67,01	12,8612	64,6339	6,03667
66,9975	12,8601	64,6215	6,03759
66,9851	12,8612	64,6059	6,03852
66,9727	12,8609	64,5935	6,03944
66,9634	12,8604	64,5811	6,04036
66,951	12,8591	64,5687	6,04128
66,9385	12,8614	64,5562	6,04219
66,9261	12,8577	64,5407	6,0431
66,9013	12,8634	64,5283	6,04401
66,8888	12,8602	64,5159	6,04492
66,8733	12,87	64,5034	6,04583
66,8609	12,8678	64,4879	6,04675
66,8485	12,8731	64,4755	6,04766
66,836	12,8816	64,4631	6,04857
66,8205	12,8786	64,4475	6,04947
66,8081	12,8841	64,4351	6,05039
66,7957	12,8846	64,4227	6,0513
66,7832	12,8843	64,4103	6,0522
66,7708	12,8847	64,3947	6,05311
66,7553	12,8822	64,3823	6,05402
66,7429	12,8846	64,3699	6,05493
66,7273	12,8821	64,3543	6,05582
66,7149	12,8826	64,3419	6,05672
66,7025	12,8833	64,3295	6,05761
66,6869	12,8841	64,3171	6,05851
66,6745	12,8858	64,3015	6,05941
66,6621	12,8922	64,2891	6,06032
66,6497	12,8959	64,2767	6,06123
66,6342	12,9012	64,2612	6,06213
66,6217	12,9022	64,2487	6,06303
66,6062	12,9016	64,2363	6,06393
66,5938	12,9038	64,2239	6,06483
66,5813	12,9032	64,2084	6,06572
66,5689	12,9041	64,1959	6,06661
66,5534	12,9025	64,1835	6,0675
66,541	12,9012	64,168	6,06838
66,5285	12,8992	64,1555	6,06925
66,5161	12,9012	64,14	6,07012
66,5006	12,9005	64,1276	6,07098
66,4882	12,9068	64,1152	6,07185
66,4726	12,9057	64,1028	6,07272
66,4602	12,911	64,0903	6,07359
66,4478	12,911	64,0748	6,07447
66,4323	12,918	64,0624	6,07535
66,4198	12,9175	64,05	6,07623
66,4043	12,9202	64,0375	6,0771
66,3919	12,9218	64,022	6,07797
66,3795	12,9192	64,0096	6,07884
66,367	12,9228	63,9941	6,07971
66,3546	12,9148	63,9816	6,08057
66,3391	12,9203	63,9692	6,08143
66,3267	12,9163	63,9568	6,08227
66,3142	12,9208	63,9288	6,08312
66,3018	12,9182	63,9164	6,08396
66,2863	12,9262	63,904	6,0848
66,2739	12,9252	63,8884	6,08564
66,2614	12,9326	63,876	6,08648
66,2459	12,933	63,8636	6,08734
66,2335	12,9392	63,8512	6,08819
66,221	12,9401	63,8387	6,08905
66,2055	12,9385	63,8263	6,0899
66,1931	12,942	63,8139	6,09075
66,1776	12,9386	63,8015	6,0916
66,1651	12,9416	63,789	6,09245
66,1527	12,9375	63,7766	6,09329
66,1372	12,9385	63,7673	6,09412
66,1248	12,9375	63,7549	6,09496
66,1123	12,9388	63,7425	6,0958
66,0999	12,9375	63,7176	6,09664
66,0875	12,9423	63,7052	6,09748
66,072	12,9434	63,6897	6,09833
66,0595	12,9477	63,6772	6,09918
66,0471	12,9468	63,6648	6,10003
66,0316	12,9562	63,6524	6,10088
66,0192	12,95	63,64	6,10174
66,0067	12,959	63,6244	6,10259
65,9912	12,9518	63,612	6,10345
65,9788	12,9537	63,5996	6,1043
65,9664	12,9509	63,584	6,10516
65,9508	12,9508	63,5716	6,106
65,9384	12,9524	63,5592	6,10685
65,926	12,95	63,5468	6,10769
65,9135	12,9551	63,5344	6,10853
65,9011	12,9469	63,5188	6,10937
65,8856	12,9567	63,5064	6,11021
65,8732	12,9571	63,494	6,11105
65,8608	12,9608	63,4785	6,11188
65,8452	12,9688	63,466	6,11272
65,8328	12,9671	63,4536	6,11356
65,8204	12,9735	63,4381	6,11439
65,8079	12,9703	63,4257	6,11523
65,7924	12,9725	63,4132	6,11606
65,78	12,9717	63,4008	6,11689
65,7676	12,9722	63,3853	6,11772
65,7551	12,9734	63,3728	6,11855
65,7427	12,9743	63,3604	6,11938
65,7303	12,974	63,348	6,12022
65,7148	12,9787	63,3325	6,12106
65,7023	12,9765	63,32	6,12189
65,6868	12,985	63,3076	6,12273
65,6744	12,9849	63,2952	6,12358
65,6589	12,9932	63,2797	6,12442
65,6464	12,9921	63,2672	6,12526
65,634	12,9951	63,2548	6,1261
65,6216	12,9978	63,2424	6,12694
65,6092	12,9957	63,23	6,12778
65,5936	12,997	63,2051	6,12862
65,5812	12,9918	63,1896	6,12946
65,5688	12,9931	63,1772	6,1303
65,5533	12,9928	63,1647	6,13114
65,5408	12,9863	63,1523	6,13197
65,5284	12,9926	63,1399	6,13281
65,5129	12,9919	63,1275	6,13365
65,5005	12,9983	63,1151	6,13449
65,4849	12,9988	63,1057	6,13533
65,4725	13,0026	63,0933	6,13618
65,4601	13,0076	63,0809	6,13702
65,4476	13,0119	63,0685	6,13786
65,4321	13,0143	63,056	6,1387
65,4197	13,0149	63,0436	6,13954
65,4073	13,0137	63,0188	6,14037
65,3793	13,0141	63,0063	6,14121
65,3669	13,0155	62,9939	6,14205
65,3545	13,0112	62,9815	6,14289
65,342	13,0124	62,9659	6,1437
65,3265	13,0115	62,9535	6,14452
65,3141	13,0111	62,9411	6,14533
65,3017	13,0143	62,9318	6,14615
65,2892	13,008	62,9163	6,14696
65,2768	13,0164	62,9038	6,14777
65,2644	13,0174	62,8914	6,14858
65,252	13,0205	62,879	6,14939
65,2396	13,0248	62,8666	6,15019
65,224	13,0204	62,8542	6,151
65,2116	13,0282	62,8293	6,15181
65,1992	13,0233	62,8169	6,15262
65,1867	13,0248	62,8013	6,15343
65,1743	13,0247	62,7889	6,15424
65,1619	13,0235	62,7734	6,15505
65,1495	13,0247	62,761	6,15585
65,1371	13,0204	62,7485	6,15666
65,1246	13,019	62,733	6,15746
65,1122	13,0234	62,7206	6,15827
65,0874	13,026	62,7082	6,15907
65,0718	13,0327	62,6957	6,15988
65,0594	13,034	62,6833	6,16068
65,0439	13,0406	62,6678	6,16149
65,0314	13,0424	62,6554	6,1623
65,0221	13,0485	62,6398	6,1631
65,0097	13,0463	62,6274	6,1639
64,9973	13,0517	62,615	6,1647
64,9849	13,0506	62,6026	6,16551
64,9724	13,0525	62,587	6,16631
64,96	13,051	62,5746	6,16711
64,9476	13,0514	62,5622	6,1679
64,9352	13,0526	62,5498	6,16871
64,9227	13,0508	62,5373	6,16952
64,9103	13,0571	62,5218	6,17033
64,8855	13,0568	62,5094	6,17113
64,8699	13,0604	62,497	6,17194
64,8575	13,0666	62,4845	6,17274
64,8451	13,067	62,4721	6,17355
64,8327	13,072	62,4566	6,17436
64,8171	13,0725	62,4442	6,17518
64,8047	13,0711	62,4317	6,17601
64,7923	13,075	62,4193	6,17684
64,7768	13,0726	62,4069	6,17768
64,7643	13,071	62,3913	6,17851
64,7519	13,0696	62,3789	6,17935
64,7395	13,0693	62,3665	6,18018
64,7271	13,0721	62,3541	6,18102
64,7115	13,0689	62,3385	6,18187
64,6991	13,0699	62,3261	6,18272
64,6867	13,0756	62,3137	6,18357
64,6712	13,0731	62,3013	6,18441
64,6587	13,0803	62,2889	6,18525
64,6463	13,0851	62,2764	6,18608
64,6339	13,0836	62,2609	6,18692
64,6215	13,0924	62,2485	6,18776
64,6059	13,0863	62,233	6,1886
64,5935	13,0849	62,2205	6,18945
64,5811	13,085	62,2081	6,1903
64,5687	13,0901	62,1957	6,19114
64,5562	13,0877	62,1801	6,19199
64,5407	13,0842	62,1677	6,19284
64,5283	13,0823	62,1522	6,19369
64,5159	13,0866	62,1398	6,19453
64,5034	13,0913	62,1273	6,19537
64,4879	13,0914	62,1149	6,19622
64,4755	13,0962	62,0994	6,19707
64,4631	13,0972	62,087	6,19792
64,4475	13,1029	62,0745	6,19877
64,4351	13,1038	62,059	6,19963
64,4227	13,1078	62,0466	6,20049
64,4103	13,1043	62,0311	6,20135
64,3947	13,1073	62,0186	6,20221
64,3823	13,1052	62,0062	6,20307
64,3699	13,1033	61,9907	6,20394
64,3543	13,1056	61,9783	6,20481
64,3419	13,1065	61,9658	6,20568
64,3295	13,1062	61,9534	6,20655
64,3171	13,1075	61,941	6,20741
64,3015	13,1096	61,9255	6,20827
64,2891	13,1128	61,913	6,20912
64,2767	13,1163	61,8975	6,20997
64,2612	13,1202	61,8851	6,21083
64,2487	13,1262	61,8726	6,21169
64,2363	13,1284	61,8571	6,21255
64,2239	13,1265	61,8447	6,21341
64,2084	13,1316	61,8323	6,21428
64,1959	13,126	61,8198	6,21515
64,1835	13,1292	61,8043	6,21603
64,168	13,1282	61,7919	6,21691
64,1555	13,1302	61,7795	6,2178
64,14	13,127	61,767	6,2187
64,1276	13,131	61,7515	6,21961
64,1152	13,127	61,7391	6,22053
64,1028	13,1345	61,7236	6,22146
64,0903	13,1356	61,7111	6,22239
64,0748	13,1375	61,6987	6,22332
64,0624	13,1455	61,6863	6,22425
64,05	13,1438	61,6708	6,22518
64,0375	13,1483	61,6583	6,22611
64,022	13,1488	61,6459	6,22703
64,0096	13,1474	61,6304	6,22796
63,9941	13,1506	61,618	6,2289
63,9816	13,1454	61,5931	6,22982
63,9692	13,1463	61,5776	6,23073
63,9568	13,1438	61,5652	6,23164
63,9288	13,1437	61,5527	6,23256
63,9164	13,1448	61,5403	6,23347
63,904	13,1477	61,5279	6,23439
63,8884	13,1492	61,5155	6,23533
63,876	13,1544	61,503	6,23627
63,8636	13,1548	61,4906	6,23722
63,8512	13,1605	61,4782	6,23817
63,8387	13,166	61,4658	6,23913
63,8263	13,1634	61,4533	6,2401
63,8139	13,1674	61,4409	6,24108
63,8015	13,1663	61,4285	6,24207
63,789	13,1656	61,4161	6,24305
63,7766	13,1692	61,3912	6,24404
63,7673	13,1636	61,3788	6,24502
63,7549	13,1662	61,3633	6,24601
63,7425	13,1652	61,3508	6,24699
63,7176	13,168	61,3384	6,24798
63,7052	13,1694	61,326	6,24897
63,6897	13,1729	61,3105	6,24997
63,6772	13,1753	61,298	6,25098
63,6648	13,1765	61,2856	6,25199
63,6524	13,1832	61,2701	6,253
63,64	13,1827	61,2577	6,25401
63,6244	13,1872	61,2421	6,25504
63,612	13,1884	61,2297	6,25606
63,5996	13,1872	61,2173	6,2571
63,584	13,1895	61,2049	6,25813
63,5716	13,1878	61,1924	6,25917
63,5592	13,1873	61,1769	6,26021
63,5468	13,1883	61,1645	6,26125
63,5344	13,1857	61,1521	6,26228
63,5188	13,1887	61,1365	6,26332
63,5064	13,1912	61,1241	6,26436
63,494	13,1921	61,1117	6,26541
63,4785	13,1976	61,0962	6,26647
63,466	13,2022	61,0837	6,26753
63,4536	13,2055	61,0713	6,26859
63,4381	13,2098	61,0558	6,26965
63,4257	13,2101	61,0434	6,27072
63,4132	13,2116	61,0278	6,2718
63,4008	13,2135	61,0154	6,27288
63,3853	13,2111	61,003	6,27396
63,3728	13,2109	60,9905	6,27504
63,3604	13,2081	60,9781	6,27613
63,348	13,2114	60,9626	6,27721
63,3325	13,2065	60,9502	6,2783
63,32	13,2149	60,9377	6,2794
63,3076	13,2139	60,9222	6,2805
63,2952	13,2193	60,9098	6,2816
63,2797	13,2212	60,8974	6,28271
63,2672	13,2201	60,8818	6,28382
63,2548	13,2282	60,8694	6,28494
63,2424	13,2262	60,857	6,28605
63,23	13,2272	60,8415	6,28718
63,2051	13,228	60,829	6,28831
63,1896	13,225	60,8166	6,28944
63,1772	13,227	60,8011	6,29057
63,1647	13,2254	60,7887	6,29171
63,1523	13,2272	60,7762	6,29285
63,1399	13,2284	60,7607	6,294
63,1275	13,2279	60,7483	6,29515
63,1151	13,2266	60,7359	6,2963
63,1057	13,2343	60,7234	6,29745
63,0933	13,2324	60,7079	6,29861
63,0809	13,244	60,6955	6,29977
63,0685	13,2429	60,6831	6,30094
63,056	13,2477	60,6706	6,30211
63,0436	13,2522	60,6551	6,30329
63,0188	13,2491	60,6427	6,30448
63,0063	13,2503	60,6302	6,30567
62,9939	13,2518	60,6178	6,30686
62,9815	13,2497	60,6023	6,30806
62,9659	13,2515	60,5899	6,30926
62,9535	13,2539	60,5774	6,31046
62,9411	13,2468	60,5619	6,31167
62,9318	13,2578	60,5495	6,31289
62,9163	13,2492	60,5371	6,31411
62,9038	13,2605	60,5215	6,31533
62,8914	13,2629	60,5091	6,31656
62,879	13,2585	60,4967	6,31778
62,8666	13,274	60,4843	6,319
62,8542	13,2655	60,4719	6,32022
62,8293	13,2786	60,4594	6,32144
62,8169	13,2738	60,4439	6,32267
62,8013	13,2756	60,4315	6,3239
62,7889	13,2752	60,419	6,32514
62,7734	13,2712	60,4035	6,32639
62,761	13,2743	60,3911	6,32764
62,7485	13,2684	60,3787	6,32889
62,733	13,2714	60,3631	6,33015
62,7206	13,2692	60,3507	6,33141
62,7082	13,2739	60,3383	6,33268
62,6957	13,2752	60,3259	6,33397
62,6833	13,2791	60,3103	6,33526
62,6678	13,2869	60,2979	6,33655
62,6554	13,2853	60,2824	6,33785
62,6398	13,2924	60,2699	6,33916
62,6274	13,2897	60,2575	6,34048
62,615	13,2962	60,242	6,34179
62,6026	13,2905	60,2296	6,34312
62,587	13,2953	60,2172	6,34445
62,5746	13,2896	60,2047	6,34578
62,5622	13,2858	60,1892	6,34712
62,5498	13,2892	60,1768	6,34846
62,5373	13,2916	60,1644	6,34981
62,5218	13,2915	60,1488	6,35116
62,5094	13,2943	60,1364	6,35252
62,497	13,2931	60,1209	6,35388
62,4845	13,3004	60,1084	6,35524
62,4721	13,3048	60,096	6,35662
62,4566	13,3063	60,0805	6,35799
62,4442	13,3146	60,0681	6,35937
62,4317	13,3123	60,0556	6,36075
62,4193	13,3137	60,0401	6,36214
62,4069	13,3094	60,0277	6,36354
62,3913	13,3076	60,0153	6,36495
62,3789	13,3111	59,9997	6,36636
62,3665	13,3134	59,9873	6,36778
62,3541	13,3121	59,9718	6,36921
62,3385	13,3147	59,9593	6,37063
62,3261	13,3126	59,9469	6,37206
62,3137	13,3168	59,9345	6,37349
62,3013	13,3224	59,919	6,37494
62,2889	13,3252	59,9066	6,37637
62,2764	13,3333	59,8941	6,37781
62,2609	13,3337	59,8786	6,37925
62,2485	13,334	59,8662	6,38069
62,233	13,3372	59,8538	6,38213
62,2205	13,3359	59,8413	6,38356
62,2081	13,3377	59,8258	6,38501
62,1957	13,3383	59,8134	6,38645
62,1801	13,3334	59,8009	6,3879
62,1677	13,3364	59,7885	6,38935
62,1522	13,3339	59,773	6,3908
62,1398	13,3349	59,7606	6,39225
62,1273	13,3366	59,7481	6,3937
62,1149	13,3399	59,7326	6,39515
62,0994	13,3461	59,7202	6,3966
62,087	13,3454	59,7047	6,39807
62,0745	13,349	59,6922	6,39955
62,059	13,3514	59,6798	6,40103
62,0466	13,3511	59,6643	6,40251
62,0311	13,3529	59,6519	6,40399
62,0186	13,3573	59,6363	6,40547
62,0062	13,3495	59,6239	6,40695
61,9907	13,3526	59,6115	6,40842
61,9783	13,3492	59,5991	6,40991
61,9658	13,3494	59,5866	6,41139
61,9534	13,3531	59,5742	6,41288
61,941	13,3533	59,5618	6,41436
61,9255	13,358	59,5463	6,41585
61,913	13,3577	59,5338	6,41733
61,8975	13,3629	59,5183	6,41882
61,8851	13,3657	59,5059	6,42033
61,8726	13,3705	59,4935	6,42184
61,8571	13,3773	59,481	6,42335
61,8447	13,38	59,4655	6,42487
61,8323	13,3759	59,4531	6,42638
61,8198	13,3787	59,4406	6,4279
61,8043	13,3764	59,4282	6,42943
61,7919	13,377	59,4127	6,43096
61,7795	13,381	59,4003	6,43249
61,767	13,3722	59,3879	6,43402
61,7515	13,3748	59,3754	6,43554
61,7391	13,3722	59,3599	6,43707
61,7236	13,3736	59,3351	6,43861
61,7111	13,3809	59,3226	6,44015
61,6987	13,3816	59,3071	6,44168
61,6863	13,3924	59,2947	6,4432
61,6708	13,3893	59,2823	6,44473
61,6583	13,3931	59,2698	6,44626
61,6459	13,3933	59,2574	6,44778
61,6304	13,394	59,2419	6,44931
61,618	13,3949	59,2294	6,45086
61,5931	13,3911	59,217	6,45241
61,5776	13,3965	59,2046	6,45398
61,5652	13,39	59,1922	6,45554
61,5527	13,3958	59,1797	6,4571
61,5403	13,3939	59,1673	6,45867
61,5279	13,3971	59,1518	6,46025
61,5155	13,4041	59,1394	6,46184
61,503	13,4026	59,1269	6,46342
61,4906	13,4128	59,1114	6,465
61,4782	13,4079	59,099	6,46658
61,4658	13,4167	59,0866	6,46816
61,4533	13,4207	59,071	6,46973
61,4409	13,4222	59,0586	6,4713
61,4285	13,425	59,0462	6,47285
61,4161	13,4199	59,0307	6,47438
61,3912	13,425	59,0182	6,47592
61,3788	13,4231	59,0058	6,47747
61,3633	13,4206	58,9934	6,47901
61,3508	13,4246	58,981	6,48056
61,3384	13,4216	58,9685	6,48212
61,326	13,4273	58,953	6,48369
61,3105	13,4268	58,9406	6,48526
61,298	13,4308	58,9251	6,48684
61,2856	13,4316	58,9126	6,48842
61,2701	13,4383	58,9002	6,49
61,2577	13,4434	58,8878	6,4916
61,2421	13,4404	58,8723	6,4932
61,2297	13,4466	58,8598	6,4948
61,2173	13,445	58,8474	6,4964
61,2049	13,4449	58,835	6,49798
61,1924	13,4444	58,8225	6,49956
61,1769	13,4421	58,8101	6,50114
61,1645	13,4453	58,7946	6,50272
61,1521	13,4402	58,7822	6,50431
61,1365	13,4412	58,7698	6,50589
61,1241	13,441	58,7573	6,50747
61,1117	13,4453	58,7294	6,50905
61,0962	13,4493	58,717	6,51063
61,0837	13,4528	58,7045	6,51222
61,0713	13,4544	58,689	6,51381
61,0558	13,457	58,6766	6,51539
61,0434	13,4615	58,6642	6,51697
61,0278	13,4631	58,6486	6,51855
61,0154	13,4585	58,6362	6,52013
61,003	13,4672	58,6238	6,52171
60,9905	13,4565	58,6114	6,52329
60,9781	13,4641	58,602	6,52487
60,9626	13,4586	58,5896	6,52645
60,9502	13,462	58,5772	6,52803
60,9377	13,4609	58,5648	6,52962
60,9222	13,4627	58,5523	6,53121
60,9098	13,4697	58,5399	6,53279
60,8974	13,474	58,5275	6,53436
60,8818	13,4791	58,5026	6,53594
60,8694	13,4809	58,4902	6,53752
60,857	13,4816	58,4778	6,5391
60,8415	13,4869	58,4654	6,54067
60,829	13,4836	58,4498	6,54225
60,8166	13,4843	58,4374	6,54382
60,8011	13,4834	58,425	6,54539
60,7887	13,4816	58,4126	6,54696
60,7762	13,4803	58,397	6,54852
60,7607	13,4782	58,3846	6,55006
60,7483	13,4844	58,3722	6,55161
60,7359	13,4842	58,3598	6,55315
60,7234	13,4873	58,3473	6,55469
60,7079	13,4896	58,3318	6,55623
60,6955	13,4967	58,3194	6,55777
60,6831	13,4982	58,307	6,55932
60,6706	13,5053	58,2945	6,56086
60,6551	13,5063	58,279	6,5624
60,6427	13,5058	58,2666	6,56395
60,6302	13,5125	58,2542	6,56548
60,6178	13,504	58,2417	6,56702
60,6023	13,512	58,2262	6,56856
60,5899	13,507	58,2138	6,57009
60,5774	13,5079	58,2014	6,57163
60,5619	13,505	58,1858	6,57315
60,5495	13,5032	58,1734	6,57468
60,5371	13,5083	58,161	6,57621
60,5215	13,5067	58,1486	6,57773
60,5091	13,515	58,1361	6,57925
60,4967	13,515	58,1237	6,58077
60,4843	13,5215	58,1082	6,58228
60,4719	13,525	58,0958	6,5838
60,4594	13,5278	58,0833	6,58532
60,4439	13,5319	58,0709	6,58684
60,4315	13,5282	58,0585	6,58835
60,419	13,5359	58,043	6,58987
60,4035	13,5303	58,0305	6,59137
60,3911	13,5277	58,0181	6,59287
60,3787	13,5333	58,0026	6,59436
60,3631	13,5255	57,9901	6,59585
60,3507	13,5357	57,9746	6,59734
60,3383	13,5301	57,9622	6,59882
60,3259	13,5377	57,9498	6,60029
60,3103	13,5399	57,9218	6,60176
60,2979	13,5413	57,9094	6,60324
60,2824	13,5516	57,897	6,6047
60,2699	13,5479	57,8846	6,60618
60,2575	13,5575	57,869	6,60764
60,242	13,5554	57,8566	6,6091
60,2296	13,5559	57,8442	6,61057
60,2172	13,5575	57,8317	6,61203
60,2047	13,5532	57,8162	6,6135
60,1892	13,5559	57,8038	6,61496
60,1768	13,5551	57,7914	6,61643
60,1644	13,5551	57,779	6,6179
60,1488	13,5547	57,7634	6,61937
60,1364	13,5581	57,751	6,62083
60,1209	13,5619	57,7386	6,62229
60,1084	13,5669	57,723	6,62374
60,096	13,5716	57,7106	6,62517
60,0805	13,5734	57,6982	6,62661
60,0681	13,5806	57,6858	6,62804
60,0556	13,576	57,6733	6,62946
60,0401	13,5836	57,6578	6,63088
60,0277	13,5758	57,6454	6,63231
60,0153	13,5804	57,6298	6,63373
59,9997	13,5774	57,6174	6,63515
59,9873	13,5773	57,605	6,63655
59,9718	13,578	57,5926	6,63797
59,9593	13,576	57,5802	6,6394
59,9469	13,58	57,5646	6,64082
59,9345	13,5786	57,5522	6,64224
59,919	13,5853	57,5398	6,64366
59,9066	13,5884	57,5243	6,64508
59,8941	13,5854	57,5118	6,64648
59,8786	13,5968	57,4994	6,64788
59,8662	13,5889	57,487	6,64927
59,8538	13,5961	57,4715	6,65066
59,8413	13,5942	57,459	6,65206
59,8258	13,5939	57,4466	6,65347
59,8134	13,5964	57,4342	6,65487
59,8009	13,5952	57,4186	6,65628
59,7885	13,596	57,4062	6,65769
59,773	13,5947	57,3938	6,65909
59,7606	13,6	57,3814	6,66049
59,7481	13,5965	57,3658	6,6619
59,7326	13,607	57,3534	6,6633
59,7202	13,6032	57,341	6,66469
59,7047	13,6134	57,3255	6,66608
59,6922	13,6134	57,313	6,66746
59,6798	13,6169	57,3006	6,66884
59,6643	13,6227	57,2882	6,67022
59,6519	13,6199	57,2758	6,6716
59,6363	13,6271	57,2602	6,67297
59,6239	13,6179	57,2478	6,67434
59,6115	13,6275	57,2354	6,67569
59,5991	13,6188	57,223	6,67705
59,5866	13,6246	57,2106	6,6784
59,5742	13,6195	57,195	6,67976
59,5618	13,6222	57,1826	6,68112
59,5463	13,6271	57,1702	6,68248
59,5338	13,6241	57,1577	6,68383
59,5183	13,6302	57,1422	6,68518
59,5059	13,6317	57,1298	6,68653
59,4935	13,6372	57,1174	6,68788
59,481	13,6392	57,1018	6,68924
59,4655	13,6401	57,0894	6,69059
59,4531	13,6401	57,0646	6,69194
59,4406	13,6429	57,0521	6,69329
59,4282	13,6391	57,0397	6,69464
59,4127	13,6404	57,0273	6,69599
59,4003	13,642	57,0118	6,69735
59,3879	13,6353	56,9993	6,69869
59,3754	13,6464	56,9869	6,70003
59,3599	13,6416	56,9745	6,70137
59,3351	13,6472	56,959	6,70271
59,3226	13,6501	56,9465	6,70405
59,3071	13,6551	56,931	6,7054
59,2947	13,6585	56,9186	6,70675
59,2823	13,6651	56,9062	6,70808
59,2698	13,6638	56,8937	6,7094
59,2574	13,6716	56,8782	6,71073
59,2419	13,6675	56,8658	6,71207
59,2294	13,6696	56,8503	6,71341
59,217	13,6707	56,8378	6,71475
59,2046	13,666	56,8254	6,71609
59,1922	13,6722	56,813	6,71741
59,1797	13,6643	56,7974	6,71873
59,1673	13,6695	56,785	6,72005
59,1518	13,6677	56,7726	6,72137
59,1394	13,6718	56,7602	6,72269
59,1269	13,6728	56,7446	6,72401
59,1114	13,679	56,7322	6,72532
59,099	13,6831	56,7198	6,72664
59,0866	13,6831	56,7074	6,72795
59,071	13,6941	56,6918	6,72926
59,0586	13,6836	56,6794	6,73057
59,0462	13,6918	56,6639	6,73189
59,0307	13,6894	56,6515	6,73321
59,0182	13,6943	56,6391	6,73452
59,0058	13,6905	56,6266	6,73583
58,9934	13,6941	56,6111	6,73714
58,981	13,6911	56,5987	6,73846
58,9685	13,6911	56,5862	6,73978
58,953	13,6949	56,5738	6,7411
58,9406	13,6943	56,5583	6,74242
58,9251	13,6996	56,5459	6,74375
58,9126	13,6975	56,5334	6,74506
58,9002	13,7065	56,521	6,74638
58,8878	13,7061	56,5086	6,74769
58,8723	13,7102	56,4931	6,749
58,8598	13,7119	56,4806	6,75031
58,8474	13,7084	56,4651	6,7516
58,835	13,7164	56,4527	6,75289
58,8225	13,7025	56,4403	6,75417
58,8101	13,7064	56,4278	6,75546
58,7946	13,7013	56,4123	6,75674
58,7822	13,7082	56,3999	6,75802
58,7698	13,6982	56,3875	6,75929
58,7573	13,6966	56,375	6,76057
58,7294	13,71	56,3626	6,76184
58,717	13,7033	56,3471	6,76312
58,7045	13,723	56,3347	6,76442
58,689	13,7185	56,3222	6,76571
58,6766	13,7285	56,3098	6,76698
58,6642	13,7348	56,2943	6,76826
58,6486	13,7356	56,2819	6,76952
58,6362	13,741	56,2694	6,77079
58,6238	13,7335	56,2539	6,77206
58,6114	13,7435	56,2415	6,77332
58,602	13,7354	56,2291	6,77459
58,5896	13,7429	56,2166	6,77586
58,5772	13,7361	56,2011	6,77714
58,5648	13,7409	56,1887	6,7784
58,5523	13,7393	56,1762	6,77966
58,5399	13,7395	56,1638	6,78093
58,5275	13,7531	56,1483	6,7822
58,5026	13,748	56,1359	6,78347
58,4902	13,7636	56,1234	6,78474
58,4778	13,7592	56,111	6,78601
58,4654	13,7619	56,0831	6,78727
58,4498	13,768	56,0707	6,78852
58,4374	13,7583	56,0582	6,78977
58,425	13,7727	56,0427	6,79102
58,4126	13,7582	56,0303	6,79227
58,397	13,7638	56,0179	6,79352
58,3846	13,7613	56,0023	6,79479
58,3722	13,7591	55,9899	6,79605
58,3598	13,7618	55,9775	6,79732
58,3473	13,759	55,965	6,79859
58,3318	13,7657	55,9495	6,79986
58,3194	13,7649	55,9371	6,80113
58,307	13,7736	55,9247	6,8024
58,2945	13,7761	55,9122	6,80367
58,279	13,782	55,8998	6,80493
58,2666	13,7828	55,8843	6,8062
58,2542	13,7859	55,8719	6,80747
58,2417	13,7865	55,8594	6,80874
58,2262	13,7859	55,847	6,81
58,2138	13,7864	55,8346	6,81126
58,2014	13,7831	55,8191	6,81252
58,1858	13,7859	55,8066	6,81379
58,1734	13,7855	55,7911	6,81506
58,161	13,785	55,7787	6,81632
58,1486	13,7849	55,7663	6,81759
58,1361	13,7884	55,7538	6,81886
58,1237	13,7942	55,7383	6,82013
58,1082	13,7975	55,7259	6,82141
58,0958	13,8029	55,7135	6,82268
58,0833	13,8051	55,6979	6,82396
58,0709	13,8034	55,6855	6,82525
58,0585	13,8064	55,6731	6,82655
58,043	13,8074	55,6575	6,82785
58,0305	13,8073	55,6451	6,82916
58,0181	13,8076	55,6327	6,83045
58,0026	13,8043	55,6203	6,83174
57,9901	13,8021	55,6047	6,83304
57,9746	13,8084	55,5923	6,83434
57,9622	13,8068	55,5799	6,83565
57,9498	13,8119	55,5675	6,83696
57,9218	13,8117	55,5519	6,83829
57,9094	13,8161	55,5395	6,83961
57,897	13,823	55,5271	6,84093
57,8846	13,8228	55,5147	6,84226
57,869	13,8324	55,4991	6,84359
57,8566	13,834	55,4867	6,84492
57,8442	13,8333	55,4712	6,84626
57,8317	13,8352	55,4619	6,84764
57,8162	13,8338	55,4464	6,84906
57,8038	13,8332	55,4339	6,85048
57,7914	13,8327	55,4184	6,8519
57,779	13,8363	55,406	6,85332
57,7634	13,8334	55,3935	6,85474
57,751	13,8369	55,3811	6,85619
57,7386	13,8391	55,3687	6,85763
57,723	13,8417	55,3532	6,85907
57,7106	13,8483	55,3407	6,86052
57,6982	13,8497	55,3252	6,86198
57,6858	13,8579	55,3128	6,86343
57,6733	13,8558	55,3004	6,86488
57,6578	13,8594	55,2848	6,86635
57,6454	13,8544	55,2724	6,86781
57,6298	13,859	55,26	6,86928
57,6174	13,8584	55,2475	6,87076
57,605	13,8554	55,232	6,87223
57,5926	13,8583	55,2196	6,87371
57,5802	13,8527	55,2072	6,87518
57,5646	13,8598	55,1917	6,87666
57,5522	13,8583	55,1792	6,87814
57,5398	13,8613	55,1637	6,87961
57,5243	13,8643	55,1513	6,88108
57,5118	13,8635	55,1389	6,88255
57,4994	13,8705	55,1264	6,88402
57,487	13,8741	55,1109	6,88549
57,4715	13,8745	55,0985	6,88696
57,459	13,8696	55,086	6,88842
57,4466	13,8771	55,0736	6,88989
57,4342	13,874	55,0581	6,89137
57,4186	13,8796	55,0457	6,89285
57,4062	13,8765	55,0332	6,89433
57,3938	13,877	55,0208	6,89583
57,3814	13,8767	55,0084	6,89732
57,3658	13,8785	54,9929	6,89885
57,3534	13,8804	54,9804	6,90038
57,341	13,8855	54,968	6,90191
57,3255	13,888	54,9525	6,90344
57,313	13,8947	54,9401	6,90496
57,3006	13,899	54,9276	6,90648
57,2882	13,9018	54,9121	6,90802
57,2758	13,9072	54,8873	6,90955
57,2602	13,9069	54,8748	6,91107
57,2478	13,9039	54,8624	6,9126
57,2354	13,9066	54,8469	6,91413
57,223	13,8996	54,8345	6,91566
57,2106	13,9069	54,822	6,91722
57,195	13,8983	54,8065	6,91879
57,1826	13,9011	54,7941	6,92036
57,1702	13,8989	54,7817	6,92194
57,1577	13,9019	54,7661	6,92352
57,1422	13,9072	54,7537	6,9251
57,1298	13,9077	54,7413	6,92668
57,1174	13,9189	54,7289	6,92826
57,1018	13,9223	54,7133	6,92986
57,0894	13,9272	54,7009	6,93145
57,0646	13,9307	54,6885	6,93306
57,0521	13,9311	54,676	6,93468
57,0397	13,9335	54,6605	6,9363
57,0273	13,9323	54,6481	6,93793
57,0118	13,9345	54,6357	6,93956
56,9993	13,9315	54,6201	6,9412
56,9869	13,9378	54,6077	6,94287
56,9745	13,9335	54,5953	6,94457
56,959	13,9384	54,5829	6,94628
56,9465	13,9392	54,5705	6,94799
56,931	13,9378	54,5549	6,94973
56,9186	13,9519	54,5425	6,95147
56,9062	13,9471	54,5301	6,95323
56,8937	13,9583	54,5177	6,95501
56,8782	13,9578	54,5021	6,9568
56,8658	13,9607	54,4897	6,95861
56,8503	13,9644	54,4773	6,96044
56,8378	13,9587	54,4617	6,96229
56,8254	13,9616	54,4493	6,96416
56,813	13,9572	54,4338	6,96606
56,7974	13,9612	54,4214	6,96797
56,785	13,9598	54,4089	6,96993
56,7726	13,9626	54,3965	6,97191
56,7602	13,9629	54,381	6,97391
56,7446	13,9666	54,3686	6,97594
56,7322	13,9687	54,3561	6,978
56,7198	13,972	54,3437	6,9801
56,7074	13,9784	54,3282	6,98223
56,6918	13,9815	54,3158	6,98441
56,6794	13,9854	54,3033	6,98661
56,6639	13,9825	54,2878	6,98889
56,6515	13,9829	54,2754	6,99121
56,6391	13,983	54,263	6,99363
56,6266	13,9815	54,2505	6,9961
56,6111	13,9879	54,235	6,99867
56,5987	13,9806	54,2226	7,0002
56,5862	13,9845	54,2102	7,00173
56,5738	13,9814	54,1946	7,00326
56,5583	13,9826	54,1822	7,0048
56,5459	13,9914	54,1698	7,00633
56,5334	13,993	54,1574	7,00787
56,521	13,9962	54,1418	7,0094
56,5086	14	54,1294	7,01095
56,4931	14,0054	54,117	7,01248
56,4806	14,0034	54,1045	7,01403
56,4651	14,0063	54,0921	7,0156
56,4527	14,0032	54,0766	7,01718
56,4403	14,0055	54,0642	7,01874
56,4278	14,0033	54,0517	7,02033
56,4123	14,0022	54,0393	7,0219
56,3999	14,0069	54,0238	7,02347
56,3875	14,0025	54,0114	7,02503
56,375	14,0108	53,9989	7,0266
56,3626	14,0106	53,9834	7,02818
56,3471	14,0124	53,971	7,02976
56,3347	14,0178	53,9586	7,03134
56,3222	14,0208	53,9462	7,03293
56,3098	14,0262	53,9337	7,03451
56,2943	14,0297	53,9182	7,03608
56,2819	14,0312	53,9058	7,03766
56,2694	14,033	53,8933	7,03925
56,2539	14,036	53,8778	7,04081
56,2415	14,0327	53,853	7,04236
56,2291	14,0316	53,8405	7,04392
56,2166	14,029	53,825	7,04548
56,2011	14,0279	53,8126	7,04705
56,1887	14,0314	53,8002	7,04863
56,1762	14,0294	53,7846	7,05024
56,1638	14,0349	53,7722	7,05185
56,1483	14,0395	53,7567	7,05345
56,1359	14,0427	53,7442	7,05505
56,1234	14,0465	53,7349	7,05666
56,111	14,0491	53,7225	7,05824
56,0831	14,0534	53,707	7,0598
56,0707	14,0562	53,6977	7,06135
56,0582	14,0557	53,6853	7,06291
56,0427	14,0519	53,6728	7,06449
56,0303	14,0521	53,6604	7,06607
56,0179	14,0529	53,6449	7,06766
56,0023	14,0505	53,6324	7,06924
55,9899	14,0552	53,6231	7,07082
55,9775	14,0508	53,6076	7,07239
55,965	14,0541	53,5858	7,07397
55,9495	14,0571	53,5703	7,07554
55,9371	14,0601	53,5579	7,07712
55,9247	14,0657	53,5455	7,0787
55,9122	14,0681	53,533	7,08028
55,8998	14,0718	53,5175	7,08186
55,8843	14,0786	53,5051	7,08345
55,8719	14,0786	53,4927	7,08502
55,8594	14,0798	53,4771	7,0866
55,847	14,0768	53,4647	7,08817
55,8346	14,0777	53,4523	7,08974
55,8191	14,0784	53,4399	7,09132
55,8066	14,0794	53,4243	7,09289
55,7911	14,0761	53,4119	7,09448
55,7787	14,0822	53,3995	7,09607
55,7663	14,0788	53,3871	7,0977
55,7538	14,0857	53,3746	7,09932
55,7383	14,0862	53,3591	7,10095
55,7259	14,0903	53,3467	7,10258
55,7135	14,097	53,3312	7,10421
55,6979	14,0977	53,3187	7,10585
55,6855	14,1024	53,3063	7,10749
55,6731	14,1044	53,2908	7,10914
55,6575	14,1035	53,2784	7,11079
55,6451	14,1059	53,2628	7,11244
55,6327	14,1027	53,2504	7,11409
55,6203	14,1031	53,238	7,11575
55,6047	14,0987	53,2255	7,11741
55,5923	14,1016	53,2131	7,11905
55,5799	14,1035	53,1976	7,12071
55,5675	14,1041	53,1852	7,12236
55,5519	14,1093	53,1727	7,12402
55,5395	14,1098	53,1603	7,12568
55,5271	14,1132	53,1479	7,12734
55,5147	14,1225	53,1324	7,12899
55,4991	14,126	53,1199	7,13064
55,4867	14,1328	53,1075	7,1323
55,4712	14,1313	53,092	7,13395
55,4619	14,1315	53,0796	7,13561
55,4464	14,133	53,0672	7,13726
55,4339	14,1287	53,0516	7,13891
55,4184	14,1326	53,0392	7,14056
55,406	14,1279	53,0268	7,1422
55,3935	14,1314	53,0143	7,14385
55,3811	14,1291	52,9988	7,1455
55,3687	14,1343	52,9864	7,14715
55,3532	14,1382	52,974	7,14881
55,3407	14,1416	52,9615	7,1505
55,3252	14,1492	52,946	7,1522
55,3128	14,1518	52,9336	7,15389
55,3004	14,1589	52,9212	7,15558
55,2848	14,1579	52,9056	7,15727
55,2724	14,1626	52,8932	7,15897
55,26	14,1625	52,8808	7,16066
55,2475	14,1614	52,8684	7,16238
55,232	14,1642	52,8528	7,1641
55,2196	14,1599	52,8404	7,16582
55,2072	14,1648	52,828	7,16754
55,1917	14,1622	52,8156	7,16927
55,1792	14,1658	52,8	7,17099
55,1637	14,1665	52,7876	7,17272
55,1513	14,1673	52,7752	7,17445
55,1389	14,175	52,7597	7,17619
55,1264	14,1741	52,7472	7,1779
55,1109	14,1841	52,7348	7,17959
55,0985	14,1846	52,7193	7,18129
55,086	14,1863	52,7069	7,183
55,0736	14,1914	52,6944	7,18471
55,0581	14,1835	52,6789	7,18642
55,0457	14,1892	52,6665	7,18815
55,0332	14,1868	52,654	7,18988
55,0208	14,1857	52,6385	7,19162
55,0084	14,1873	52,6261	7,19335
54,9929	14,1852	52,6137	7,19508
54,9804	14,1849	52,6012	7,19681
54,968	14,1904	52,5888	7,19854
54,9525	14,1912	52,5764	7,20029
54,9401	14,1976	52,5609	7,20205
54,9276	14,1995	52,5484	7,2038
54,9121	14,2034	52,5329	7,20556
54,8873	14,2097	52,5205	7,20732
54,8748	14,2086	52,5081	7,20908
54,8624	14,2071	52,4925	7,21086
54,8469	14,2102	52,4801	7,21266
54,8345	14,2062	52,4677	7,21448
54,822	14,2084	52,4553	7,21631
54,8065	14,2048	52,4428	7,21811
54,7941	14,206	52,4149	7,21992
54,7817	14,2084	52,4025	7,22172
54,7661	14,2085	52,3869	7,22353
54,7537	14,2125	52,3745	7,22536
54,7413	14,2148	52,3621	7,22722
54,7289	14,2195	52,3497	7,2291
54,7133	14,2259	52,3372	7,23098
54,7009	14,2322	52,3248	7,23285
54,6885	14,236	52,3124	7,23473
54,676	14,2397	52,3	7,23661
54,6605	14,2411	52,2875	7,23849
54,6481	14,2406	52,2751	7,24039
54,6357	14,2415	52,2627	7,24229
54,6201	14,2421	52,2534	7,24421
54,6077	14,2411	52,2378	7,24612
54,5953	14,2398	52,213	7,24805
54,5829	14,2425	52,2006	7,24997
54,5705	14,2414	52,1882	7,2519
54,5549	14,2515	52,1726	7,25384
54,5425	14,2507	52,1602	7,25578
54,5301	14,2573	52,1478	7,25771
54,5177	14,2617	52,1322	7,25966
54,5021	14,264	52,1198	7,26162
54,4897	14,2698	52,1074	7,26358
54,4773	14,2668	52,095	7,26555
54,4617	14,2716	52,0794	7,26753
54,4493	14,2668	52,067	7,26951
54,4338	14,2701	52,0515	7,27148
54,4214	14,2693	52,0391	7,27345
54,4089	14,2663	52,0266	7,2754
54,3965	14,2721	52,0142	7,27736
54,381	14,2651	51,9987	7,27933
54,3686	14,2748	51,9863	7,2813
54,3561	14,271	51,9738	7,28328
54,3437	14,2789	51,9614	7,28526
54,3282	14,2822	51,949	7,28724
54,3158	14,2877	51,9335	7,28922
54,3033	14,2926	51,921	7,2912
54,2878	14,2918	51,9086	7,2932
54,2754	14,2972	51,8962	7,2952
54,263	14,2931	51,8807	7,29719
54,2505	14,293	51,8682	7,29925
54,235	14,288	51,8558	7,30131
54,2226	14,2849	51,8434	7,30339
54,2102	14,2854	51,8279	7,30547
54,1946	14,2853	51,8154	7,30756
54,1822	14,2931	51,803	7,30965
54,1698	14,2841	51,7906	7,31175
54,1574	14,2897	51,775	7,31386
54,1418	14,2919	51,7626	7,31597
54,1294	14,2993	51,7502	7,31808
54,117	14,3101	51,7347	7,3202
54,1045	14,3093	51,7222	7,32232
54,0921	14,3157	51,7098	7,32445
54,0766	14,3118	51,6974	7,32658
54,0642	14,3097	51,6819	7,32872
54,0517	14,3125	51,6694	7,33086
54,0393	14,3131	51,657	7,33302
54,0238	14,3165	51,6415	7,33518
54,0114	14,3125	51,6291	7,33734
53,9989	14,3167	51,6167	7,33949
53,9834	14,3168	51,6011	7,34161
53,971	14,3201	51,5887	7,34373
53,9586	14,327	51,5763	7,34585
53,9462	14,3288	51,5639	7,34798
53,9337	14,3374	51,5514	7,3501
53,9182	14,3385	51,5359	7,35221
53,9058	14,3454	51,5235	7,35434
53,8933	14,3433	51,511	7,35644
53,8778	14,3491	51,4955	7,35855
53,853	14,3482	51,4831	7,36065
53,8405	14,3474	51,4707	7,36274
53,825	14,3507	51,4582	7,36484
53,8126	14,3451	51,4458	7,36693
53,8002	14,3508	51,4303	7,36903
53,7846	14,3505	51,4179	7,37112
53,7722	14,3531	51,4054	7,37319
53,7567	14,3565	51,3899	7,37527
53,7442	14,3602	51,3775	7,37734
53,7349	14,3654	51,3651	7,37944
53,7225	14,3697	51,3526	7,38157
53,707	14,3745	51,3371	7,38373
53,6977	14,3763	51,3247	7,38588
53,6853	14,3766	51,3091	7,38803
53,6728	14,3784	51,2967	7,39014
53,6604	14,3739	51,2843	7,39222
53,6449	14,3748	51,2719	7,39426
53,6324	14,3739	51,2595	7,39629
53,6231	14,3742	51,2315	7,39831
53,6076	14,3737	51,2191	7,40031
53,5858	14,376	51,2035	7,40235
53,5703	14,3756	51,1911	7,40438
53,5579	14,3816	51,1787	7,40641
53,5455	14,3862	51,1663	7,40842
53,533	14,3902	51,1538	7,41044
53,5175	14,3945	51,1414	7,41243
53,5051	14,4026	51,129	7,41443
53,4927	14,3962	51,1166	7,41636
53,4771	14,4031	51,1042	7,41828
53,4647	14,4001	51,0917	7,4202
53,4523	14,4044	51,0793	7,4221
53,4399	14,4031	51,0669	7,42401
53,4243	14,4024	51,0545	7,42591
53,4119	14,4049	51,042	7,42779
53,3995	14,4024	51,0265	7,42967
53,3871	14,409	51,0141	7,43153
53,3746	14,4126	51,0017	7,43338
53,3591	14,4106	50,9892	7,43522
53,3467	14,4166	50,9644	7,43704
53,3312	14,4192	50,9489	7,43886
53,3187	14,4248	50,9395	7,44066
53,3063	14,4315	50,9271	7,44244
53,2908	14,4334	50,9147	7,44421
53,2784	14,4355	50,9023	7,44595
53,2628	14,4339	50,8898	7,44769
53,2504	14,4345	50,8774	7,44942
53,238	14,4301	50,865	7,45113
53,2255	14,434	50,8526	7,45283
53,2131	14,4331	50,8401	7,4545
53,1976	14,4296	50,8277	7,45617
53,1852	14,4351	50,8153	7,45781
53,1727	14,4342	50,8029	7,45947
53,1603	14,4384	50,778	7,4611
53,1479	14,4409	50,7656	7,46273
53,1324	14,4453	50,7501	7,46435
53,1199	14,4496	50,7377	7,46595
53,1075	14,4536	50,7252	7,46751
53,092	14,4566	50,7128	7,46904
53,0796	14,4582	50,7004	7,47056
53,0672	14,4597	50,6849	7,47207
53,0516	14,4595	50,6724	7,47356
53,0392	14,4561	50,66	7,47503
53,0268	14,4604	50,6476	7,47645
53,0143	14,4583	50,632	7,47792
52,9988	14,4627	50,6196	7,47939
52,9864	14,4647	50,6041	7,48085
52,974	14,4682	50,5917	7,48226
52,9615	14,4757	50,5792	7,48365
52,946	14,473	50,5637	7,485
52,9336	14,4868	50,5513	7,4863
52,9212	14,4846	50,5389	7,48755
52,9056	14,4889	50,5264	7,48882
52,8932	14,4935	50,514	7,49002
52,8808	14,4864	50,4985	7,49119
52,8684	14,4916	50,4861	7,49235
52,8528	14,4885	50,4736	7,49347
52,8404	14,4848	50,4581	7,49459
52,828	14,49	50,4457	7,4957
52,8156	14,4841	50,4302	7,49677
52,8	14,4898	50,4177	7,49784
52,7876	14,494	50,4053	7,49885
52,7752	14,4925	50,3929	7,49986
52,7597	14,4987	50,3805	7,50083
52,7472	14,5048	50,3649	7,50181
52,7348	14,5059	50,3525	7,50274
52,7193	14,5153	50,3401	7,50367
52,7069	14,5153	50,3246	7,50457
52,6944	14,5115	50,3121	7,50546
52,6789	14,5219	50,2997	7,50631
52,6665	14,5128	50,2842	7,50714
52,654	14,5153	50,2717	7,50796
52,6385	14,5225	50,2593	7,50876
52,6261	14,5176	50,2469	7,50956
52,6137	14,5282	50,2314	7,51034
52,6012	14,5272	50,2189	7,51111
52,5888	14,531	50,2065	7,51185
52,5764	14,5408	50,1941	7,51257
52,5609	14,5353	50,1786	7,51329
52,5484	14,5489	50,1661	7,514
52,5329	14,5548	50,1537	7,51468
52,5205	14,5482	50,1413	7,51535
52,5081	14,5657	50,1258	7,51603
52,4925	14,5498	50,1134	7,5167
52,4801	14,5621	50,1009	7,51736
52,4677	14,5624	50,0885	7,51802
52,4553	14,5506	50,073	7,51868
52,4428	14,5664	50,0605	7,5193
52,4149	14,5503	50,0481	7,52
52,4025	14,5625	50,0357	7,52072
52,3869	14,5507	50,0233	7,52141
52,3745	14,54	50,0108	7,522
52,3621	14,5625	49,9953	7,52252
52,3497	14,5681	49,9829	7,52301
52,3372	14,5693	49,9705	7,52346
52,3248	14,5949	49,9425	7,52388
52,3124	14,5753	49,9301	7,52437
52,3	14,5951	49,9177	7,52489
52,2875	14,5955	49,9021	7,52551
52,2751	14,5828	49,8897	7,52611
52,2627	14,6032	49,8773	7,52672
52,2534	14,5869	49,8618	7,52724
52,2378	14,5921	49,8493	7,5277
52,213	14,5994	49,8369	7,52815
52,2006	14,586	49,8214	7,52856
52,1882	14,6042	49,809	7,52903
52,1726	14,6008	49,7965	7,52954
52,1602	14,6046	49,7841	7,53004
52,1478	14,6164	49,7686	7,53054
52,1322	14,6113	49,7562	7,53107
52,1198	14,624	49,7406	7,53157
52,1074	14,6243	49,7282	7,53209
52,095	14,628	49,7158	7,53261
52,0794	14,6301	49,7002	7,53312
52,067	14,631	49,6878	7,53365
52,0515	14,6222	49,6723	7,53418
52,0391	14,6189	49,6599	7,53472
52,0266	14,6242	49,6474	7,5353
52,0142	14,6208	49,635	7,5359
51,9987	14,6266	49,6226	7,5365
51,9863	14,6305	49,6102	7,53709
51,9738	14,6288	49,5946	7,53769
51,9614	14,6393	49,5822	7,53833
51,949	14,6405	49,5698	7,53897
51,9335	14,6483	49,5574	7,53965
51,921	14,6516	49,5449	7,54032
51,9086	14,6551	49,5325	7,54102
51,8962	14,6561	49,5201	7,54171
51,8807	14,6601	49,5077	7,54245
51,8682	14,661	49,4953	7,54318
51,8558	14,6562	49,4828	7,54396
51,8434	14,6606	49,4704	7,54474
51,8279	14,6553	49,458	7,54554
51,8154	14,6586	49,4331	7,54634
51,803	14,6615	49,4207	7,54713
51,7906	14,6573	49,4083	7,54795
51,775	14,66	49,3959	7,54888
51,7626	14,6619	49,3834	7,54985
51,7502	14,6664	49,371	7,55089
51,7347	14,6754	49,3586	7,55198
51,7222	14,674	49,3462	7,55308
51,7098	14,6813	49,3337	7,5542
51,6974	14,6785	49,3182	7,55533
51,6819	14,6793	49,3058	7,55653
51,6694	14,6778	49,2934	7,55777
51,657	14,6763	49,2778	7,55894
51,6415	14,6782	49,2654	7,56016
51,6291	14,6753	49,253	7,56142
51,6167	14,6771	49,2406	7,56272
51,6011	14,6777	49,2281	7,56409
51,5887	14,6796	49,2157	7,56551
51,5763	14,687	49,2033	7,56704
51,5639	14,6928	49,1878	7,56846
51,5514	14,6966	49,1629	7,56986
51,5359	14,7035	49,1505	7,57124
51,5235	14,7092	49,1381	7,57273
51,511	14,7093	49,1256	7,57428
51,4955	14,7169	49,1132	7,57581
51,4831	14,7176	49,1008	7,57732
51,4707	14,7176	49,0853	7,57886
51,4582	14,7191	49,0728	7,58044
51,4458	14,7155	49,0604	7,5821
51,4303	14,7165	49,048	7,58379
51,4179	14,7174	49,0356	7,58547
51,4054	14,7219	49,0231	7,58719
51,3899	14,7195	49,0076	7,58909
51,3775	14,7288	48,9952	7,59105
51,3651	14,7291	48,9828	7,59301
51,3526	14,7389	48,9672	7,59506
51,3371	14,7426	48,9579	7,59711
51,3247	14,7461	48,9455	7,59916
51,3091	14,7498	48,93	7,60129
51,2967	14,7443	48,9175	7,60345
51,2843	14,7497	48,9051	7,60557
51,2719	14,7464	48,8927	7,60771
51,2595	14,745	48,8803	7,60986
51,2315	14,747	48,8678	7,61202
51,2191	14,7429	48,8523	7,61431
51,2035	14,7487	48,8275	7,61675
51,1911	14,7454	48,815	7,61918
51,1787	14,751	48,8026	7,62164
51,1663	14,7517	48,7902	7,62419
51,1538	14,7523	48,7778	7,62675
51,1414	14,7664	48,7653	7,62937
51,129	14,7667	48,7498	7,63203
51,1166	14,7747	48,7374	7,63476
51,1042	14,7756	48,725	7,63749
51,0917	14,7782	48,7125	7,64032
51,0793	14,7781	48,697	7,64321
51,0669	14,7776	48,6846	7,64602
51,0545	14,7816	48,6722	7,64883
51,042	14,7723	48,6597	7,65172
51,0265	14,7792	48,6473	7,65475
51,0141	14,7762	48,6318	7,65791
51,0017	14,7766	48,6194	7,66133
50,9892	14,7849	48,6069	7,66484
50,9644	14,7813	48,5945	7,66849
50,9489	14,7939	48,579	7,67221
50,9395	14,793	48,5666	7,67598
50,9271	14,7999	48,5541	7,67968
50,9147	14,8045	48,5386	7,68362
50,9023	14,8018	48,5262	7,68772
50,8898	14,8072	48,5138	7,69194
50,8774	14,8066	48,5013	7,69635
50,865	14,8054	48,4889	7,70088
50,8526	14,8054	48,4765	7,70555
50,8401	14,803	48,4609	7,71018
50,8277	14,8035	48,4485	7,71485
50,8153	14,8068	48,4361	7,71974
50,8029	14,8082	48,4237	7,72473
50,778	14,8077	48,3957	7,72983
50,7656	14,8185	48,3833	7,73505
50,7501	14,8209	48,3709	7,7403
50,7377	14,8303	48,3585	7,74569
50,7252	14,8373	48,3429	7,75115
50,7128	14,834	48,3305	7,75684
50,7004	14,8421	48,3181	7,76257
50,6849	14,8371	48,3026	7,76847
50,6724	14,8436	48,2901	7,77443
50,66	14,8416	48,2777	7,78055
50,6476	14,8392	48,2653	7,78687
50,632	14,8427	48,2497	7,7933
50,6196	14,8397	48,2373	7,79995
50,6041	14,845	48,2249	7,80677
50,5917	14,8458	48,2094	7,81368
50,5792	14,8494	48,1969	7,82082
50,5637	14,8562	48,1845	7,82799
50,5513	14,8604	48,1721	7,83526
50,5389	14,8671	48,1566	7,84254
50,5264	14,8696	48,1441	7,85
50,514	14,8714	48,1317	7,85764
50,4985	14,8714	48,1193	7,86507
50,4861	14,8743	48,1038	7,87133
50,4736	14,8706	48,0913	7,87785
50,4581	14,8715	48,0758	7,88435
50,4457	14,8714	48,0634	7,8908
50,4302	14,8682	48,051	7,89732
50,4177	14,8639	48,0385	7,90402
50,4053	14,8676	48,023	7,9108
50,3929	14,8664	48,0106	7,9176
50,3805	14,8674	47,9951	7,92472
50,3649	14,8777	47,9826	7,93207
50,3525	14,8772	47,9702	7,93993
50,3401	14,8906	47,9578	7,94838
50,3246	14,8919	47,9423	7,95669
50,3121	14,89	47,9298	7,96566
50,2997	14,8975	47,9174	7,97507
50,2842	14,8924	47,905	7,98481
50,2717	14,8961	47,8894	7,99527
50,2593	14,8958	47,877	8,00526
50,2469	14,8903	47,8646	8,01589
50,2314	14,8955	47,8522	8,02724
50,2189	14,8978	47,8366	8,039
50,2065	14,8977	47,8242	8,0522
50,1941	14,904	47,8118	8,06655
50,1786	14,9026	47,7994	8,08062
50,1661	14,9064	47,787	8,09576
50,1537	14,9093	47,7714	8,11198
50,1413	14,9162	47,759	8,12933
50,1258	14,9227	47,7466	8,14773
50,1134	14,9267	47,7342	8,16705
50,1009	14,9308	47,7186	8,18801
50,0885	14,9262	47,7062	8,21093
50,073	14,9269	47,6938	8,23382
50,0605	14,9304	47,6814	8,25791
50,0481	14,9277	47,6689	8,28359
50,0357	14,9296	47,6534	8,3109
50,0233	14,9287	47,641	8,34058
50,0108	14,9267	47,6285	8,37304
49,9953	14,9347	47,613	8,4072
49,9829	14,9394	47,6006	8,44415
49,9705	14,9422	47,5882	8,48434
49,9425	14,9514	47,5757	8,52965
49,9301	14,9529	47,5602	8,58121
49,9177	14,9563	47,5478	8,64483
49,9021	14,9625	47,5354	8,72123
49,8897	14,9594	47,5198	8,80617
49,8773	14,9591	47,5074	--
49,8618	14,9663	47,495	--
49,8493	14,9567	47,4826	--
49,8369	14,9617	47,467	--
49,8214	14,9632	47,4546	--
49,809	14,9589	47,4422	--
49,7965	14,9719	47,4267	--
49,7841	14,9695	47,4142	--
49,7686	14,9762	47,4018	--
49,7562	14,9839	47,3894	--
49,7406	14,9806	--	--
49,7282	14,994	--	--
49,7158	14,9891	--	--
49,7002	14,9941	--	--
49,6878	14,9981	--	--
49,6723	14,9887	--	--
49,6599	14,9901	--	--
49,6474	14,9889	--	--
49,635	14,9866	--	--
49,6226	14,9909	--	--
49,6102	14,989	--	--
49,5946	14,9937	--	--
49,5822	14,9971	--	--
49,5698	15,0028	--	--
49,5574	15,0034	--	--
49,5449	15,011	--	--
49,5325	15,0185	--	--
49,5201	15,0166	--	--
49,5077	15,0226	--	--
49,4953	15,0195	--	--
49,4828	15,0211	--	--
49,4704	15,0202	--	--
49,458	15,0208	--	--
49,4331	15,0222	--	--
49,4207	15,0159	--	--
49,4083	15,0243	--	--
49,3959	15,0227	--	--
49,3834	15,0248	--	--
49,371	15,0385	--	--
49,3586	15,03	--	--
49,3462	15,0448	--	--
49,3337	15,044	--	--
49,3182	15,0482	--	--
49,3058	15,0512	--	--
49,2934	15,0482	--	--
49,2778	15,0499	--	--
49,2654	15,0446	--	--
49,253	15,0482	--	--
49,2406	15,0536	--	--
49,2281	15,0469	--	--
49,2157	15,0538	--	--
49,2033	15,0536	--	--
49,1878	15,0605	--	--
49,1629	15,0658	--	--
49,1505	15,0718	--	--
49,1381	15,0793	--	--
49,1256	15,0783	--	--
49,1132	15,0876	--	--
49,1008	15,0795	--	--
49,0853	15,0852	--	--
49,0728	15,0884	--	--
49,0604	15,08	--	--
49,048	15,0865	--	--
49,0356	15,083	--	--
49,0231	15,0865	--	--
49,0076	15,0925	--	--
48,9952	15,0906	--	--
48,9828	15,0985	--	--
48,9672	15,1046	--	--
48,9579	15,1092	--	--
48,9455	15,1127	--	--
48,93	15,107	--	--
48,9175	15,1152	--	--
48,9051	15,1125	--	--
48,8927	15,1175	--	--
48,8803	15,1187	--	--
48,8678	15,1046	--	--
48,8523	15,1132	--	--
48,8275	15,1033	--	--
48,815	15,1173	--	--
48,8026	15,1131	--	--
48,7902	15,1182	--	--
48,7778	15,1351	--	--
48,7653	15,1371	--	--
48,7498	15,1456	--	--
48,7374	15,149	--	--
48,725	15,1495	--	--
48,7125	15,1561	--	--
48,697	15,1528	--	--
48,6846	15,1554	--	--
48,6722	15,1531	--	--
48,6597	15,1517	--	--
48,6473	15,154	--	--
48,6318	15,153	--	--
48,6194	15,1579	--	--
48,6069	15,1583	--	--
48,5945	15,1637	--	--
48,579	15,1674	--	--
48,5666	15,1722	--	--
48,5541	15,1786	--	--
48,5386	15,1821	--	--
48,5262	15,1846	--	--
48,5138	15,1901	--	--
48,5013	15,189	--	--
48,4889	15,185	--	--
48,4765	15,1913	--	--
48,4609	15,1861	--	--
48,4485	15,1879	--	--
48,4361	15,1905	--	--
48,4237	15,1867	--	--
48,3957	15,1896	--	--
48,3833	15,1995	--	--
48,3709	15,1953	--	--
48,3585	15,2068	--	--
48,3429	15,2134	--	--
48,3305	15,2174	--	--
48,3181	15,2185	--	--
48,3026	15,2213	--	--
48,2901	15,2249	--	--
48,2777	15,2157	--	--
48,2653	15,2214	--	--
48,2497	15,221	--	--
48,2373	15,2172	--	--
48,2249	15,2262	--	--
48,2094	15,2261	--	--
48,1969	15,2261	--	--
48,1845	15,2371	--	--
48,1721	15,2409	--	--
48,1566	15,2441	--	--
48,1441	15,2534	--	--
48,1317	15,2549	--	--
48,1193	15,2536	--	--
48,1038	15,2594	--	--
48,0913	15,2557	--	--
48,0758	15,2553	--	--
48,0634	15,2584	--	--
48,051	15,2556	--	--
48,0385	15,2564	--	--
48,023	15,2582	--	--
48,0106	15,2556	--	--
47,9951	15,2684	--	--
47,9826	15,2627	--	--
47,9702	15,2694	--	--
47,9578	15,2797	--	--
47,9423	15,2773	--	--
47,9298	15,284	--	--
47,9174	15,2982	--	--
47,905	15,2395	--	--
47,8894	15,2532	--	--
47,877	15,2639	--	--
47,8646	15,2769	--	--
47,8522	15,2786	--	--
47,8366	15,2757	--	--
47,8242	15,2846	--	--
47,8118	15,291	--	--
47,7994	15,2898	--	--
47,787	15,302	--	--
47,7714	15,3011	--	--
47,759	15,3098	--	--
47,7466	15,3157	--	--
47,7342	15,3207	--	--
47,7186	15,3242	--	--
47,7062	15,3175	--	--
47,6938	15,3245	--	--
47,6814	15,3199	--	--
47,6689	15,3186	--	--
47,6534	15,3285	--	--
47,641	15,315	--	--
47,6285	15,3242	--	--
47,613	15,3277	--	--
47,6006	15,3261	--	--
47,5882	15,3366	--	--
47,5757	15,3401	--	--
47,5602	15,3425	--	--
47,5478	15,3543	--	--
47,5354	15,3534	--	--
47,5198	15,3608	--	--
47,5074	15,3575	--	--
47,495	15,3591	--	--
47,4826	15,3622	--	--
47,467	15,3585	--	--
47,4546	15,3621	--	--
47,4422	15,3588	--	--
47,4267	15,3566	--	--
47,4142	15,3721	--	--
47,4018	15,3727	--	--
47,3894	15,3783	--	--
--	--	--	--
--	--	--	--
--	--	--	--
--	--	--	--
--	--	--	--
--	--	--	--
--	--	--	--
--	--	--	--
--	--	--	--
--	--	--	--
--	--	--	--
--	--	--	--
--	--	--	--
--	--	--	--
--	--	--	--
--	--	--	--
--	--	--	--
--	--	--	--
--	--	--	--
--	--	--	--
--	--	--	--
--	--	--	--
--	--	--	--
--	--	--	--
--	--	--	--
--	--	--	--
--	--	--	--
--	--	--	--
--	--	--	--
--	--	--	--
--	--	--	--
--	--	--	--
--	--	--	--
--	--	--	--
--	--	--	--
--	--	--	--
--	--	--	--
--	--	--	--
--	--	--	--
--	--	--	--
--	--	--	--
--	--	--	--
--	--	--	--
--	--	--	--
--	--	--	--
--	--	--	--
--	--	--	--
--	--	--	--
--	--	--	--
--	--	--	--
--	--	--	--
--	--	--	--
--	--	--	--
--	--	--	--
--	--	--	--
--	--	--	--
--	--	--	--
--	--	--	--
--	--	--	--
--	--	--	--
--	--	--	--
--	--	--	--
--	--	--	--
--	--	--	--
--	--	--	--
--	--	--	--
--	--	--	--
--	--	--	--
--	--	--	--
--	--	--	--
--	--	--	--
--	--	--	--
--	--	--	--
--	--	--	--
--	--	--	--
--	--	--	--
--	--	--	--
--	--	--	--
--	--	--	--
--	--	--	--
--	--	--	--
--	--	--	--
--	--	--	--
--	--	--	--
--	--	--	--
--	--	--	--
--	--	--	--
--	--	--	--
--	--	--	--
--	--	--	--
--	--	--	--
--	--	--	--
--	--	--	--
--	--	--	--
--	--	--	--
--	--	--	--
--	--	--	--
--	--	--	--
--	--	--	--
--	--	--	--
--	--	--	--
--	--	--	--
--	--	--	--
--	--	--	--
--	--	--	--
--	--	--	--
--	--	--	--
--	--	--	--
--	--	--	--
--	--	--	--
--	--	--	--
--	--	--	--
--	--	--	--
--	--	--	--
--	--	--	--
--	--	--	--
--	--	--	--
--	--	--	--
--	--	--	--
--	--	--	--
--	--	--	--
--	--	--	--
--	--	--	--
--	--	--	--
--	--	--	--
--	--	--	--
--	--	--	--
--	--	--	--
--	--	--	--
--	--	--	--
--	--	--	--
--	--	--	--
--	--	--	--
--	--	--	--
--	--	--	--
--	--	--	--
--	--	--	--
--	--	--	--
--	--	--	--
--	--	--	--
--	--	--	--
--	--	--	--
--	--	--	--
--	--	--	--
--	--	--	--
--	--	--	--
--	--	--	--
--	--	--	--
--	--	--	--
--	--	--	--
--	--	--	--
--	--	--	--
--	--	--	--
--	--	--	--
--	--	--	--
--	--	--	--
--	--	--	--
--	--	--	--
--	--	--	--
--	--	--	--
--	--	--	--
--	--	--	--
--	--	--	--
--	--	--	--
--	--	--	--
--	--	--	--
--	--	--	--
--	--	--	--
--	--	--	--
--	--	--	--
--	--	--	--
--	--	--	--
--	--	--	--
--	--	--	--
--	--	--	--
--	--	--	--
--	--	--	--
--	--	--	--
--	--	--	--
--	--	--	--
--	--	--	--
--	--	--	--
--	--	--	--
--	--	--	--
--	--	--	--
--	--	--	--
--	--	--	--
--	--	--	--
--	--	--	--
--	--	--	--
--	--	--	--
--	--	--	--
--	--	--	--
--	--	--	--
--	--	--	--
--	--	--	--
--	--	--	--
--	--	--	--
--	--	--	--
--	--	--	--
--	--	--	--
--	--	--	--
--	--	--	--
--	--	--	--
--	--	--	--
--	--	--	--
--	--	--	--
--	--	--	--
--	--	--	--
--	--	--	--
--	--	--	--
--	--	--	--
--	--	--	--
--	--	--	--
--	--	--	--
--	--	--	--
--	--	--	--
--	--	--	--
--	--	--	--
--	--	--	--
--	--	--	--
--	--	--	--
--	--	--	--
--	--	--	--
--	--	--	--
--	--	--	--
--	--	--	--
--	--	--	--
--	--	--	--
--	--	--	--
--	--	--	--
--	--	--	--
--	--	--	--
--	--	--	--
--	--	--	--
--	--	--	--
--	--	--	--
--	--	--	--
--	--	--	--
--	--	--	--
--	--	--	--
--	--	--	--
--	--	--	--
--	--	--	--
--	--	--	--
--	--	--	--
--	--	--	--
--	--	--	--
--	--	--	--
--	--	--	--
--	--	--	--
--	--	--	--
--	--	--	--
--	--	--	--
--	--	--	--
--	--	--	--
--	--	--	--
--	--	--	--
--	--	--	--
--	--	--	--
--	--	--	--
--	--	--	--
--	--	--	--
--	--	--	--
--	--	--	--
--	--	--	--
--	--	--	--
--	--	--	--
--	--	--	--
--	--	--	--
--	--	--	--
--	--	--	--
--	--	--	--
--	--	--	--
--	--	--	--
--	--	--	--
--	--	--	--
--	--	--	--
--	--	--	--
--	--	--	--
--	--	--	--
--	--	--	--
--	--	--	--
--	--	--	--
--	--	--	--
--	--	--	--
--	--	--	--
--	--	--	--
--	--	--	--
--	--	--	--
--	--	--	--
--	--	--	--
--	--	--	--
--	--	--	--
--	--	--	--
--	--	--	--
--	--	--	--
--	--	--	--
--	--	--	--
--	--	--	--
--	--	--	--
--	--	--	--
--	--	--	--
--	--	--	--
--	--	--	--
--	--	--	--
--	--	--	--
--	--	--	--
--	--	--	--
--	--	--	--
--	--	--	--
--	--	--	--
--	--	--	--
--	--	--	--
--	--	--	--
--	--	--	--
--	--	--	--
--	--	--	--
--	--	--	--
--	--	--	--
--	--	--	--
--	--	--	--
--	--	--	--
--	--	--	--
--	--	--	--
--	--	--	--
--	--	--	--
--	--	--	--
--	--	--	--
--	--	--	--
--	--	--	--
--	--	--	--
--	--	--	--
--	--	--	--
--	--	--	--
--	--	--	--
--	--	--	--
--	--	--	--
--	--	--	--
--	--	--	--
--	--	--	--
--	--	--	--
--	--	--	--
--	--	--	--
--	--	--	--
--	--	--	--
--	--	--	--
--	--	--	--
--	--	--	--
--	--	--	--
--	--	--	--
--	--	--	--
--	--	--	--
--	--	--	--
--	--	--	--
--	--	--	--
--	--	--	--
--	--	--	--
--	--	--	--
--	--	--	--
--	--	--	--
--	--	--	--
--	--	--	--
--	--	--	--
--	--	--	--
--	--	--	--
--	--	--	--
--	--	--	--
--	--	--	--
--	--	--	--
--	--	--	--
--	--	--	--
--	--	--	--
--	--	--	--
--	--	--	--
--	--	--	--
--	--	--	--
--	--	--	--
--	--	--	--
--	--	--	--
--	--	--	--
--	--	--	--
--	--	--	--
--	--	--	--
--	--	--	--
--	--	--	--
--	--	--	--
--	--	--	--
--	--	--	--
--	--	--	--
--	--	--	--
--	--	--	--
--	--	--	--
--	--	--	--
--	--	--	--
--	--	--	--
--	--	--	--
--	--	--	--
--	--	--	--
--	--	--	--
--	--	--	--
--	--	--	--
--	--	--	--
--	--	--	--
--	--	--	--
--	--	--	--
--	--	--	--
--	--	--	--
--	--	--	--
--	--	--	--
--	--	--	--
--	--	--	--
--	--	--	--
--	--	--	--
--	--	--	--
--	--	--	--
--	--	--	--
--	--	--	--
--	--	--	--
--	--	--	--
--	--	--	--
--	--	--	--
--	--	--	--
--	--	--	--
--	--	--	--
--	--	--	--
--	--	--	--
--	--	--	--
--	--	--	--
--	--	--	--
--	--	--	--
--	--	--	--
--	--	--	--
--	--	--	--
--	--	--	--
--	--	--	--
--	--	--	--
--	--	--	--
--	--	--	--
--	--	--	--
--	--	--	--
--	--	--	--
--	--	--	--
--	--	--	--
--	--	--	--
--	--	--	--
--	--	--	--
--	--	--	--
--	--	--	--
--	--	--	--
--	--	--	--
--	--	--	--
--	--	--	--
--	--	--	--
--	--	--	--
--	--	--	--
--	--	--	--
--	--	--	--
--	--	--	--
--	--	--	--
--	--	--	--
--	--	--	--
--	--	--	--
--	--	--	--
--	--	--	--
--	--	--	--
--	--	--	--
--	--	--	--
--	--	--	--
--	--	--	--
--	--	--	--
--	--	--	--
--	--	--	--
--	--	--	--
--	--	--	--
--	--	--	--
--	--	--	--
--	--	--	--
--	--	--	--
--	--	--	--
--	--	--	--
--	--	--	--
--	--	--	--
--	--	--	--
--	--	--	--
--	--	--	--
--	--	--	--
--	--	--	--
--	--	--	--
--	--	--	--
--	--	--	--
--	--	--	--
--	--	--	--
--	--	--	--
--	--	--	--
--	--	--	--
--	--	--	--
--	--	--	--
--	--	--	--
--	--	--	--
--	--	--	--
--	--	--	--
--	--	--	--
--	--	--	--
--	--	--	--
--	--	--	--
--	--	--	--
--	--	--	--
--	--	--	--
--	--	--	--
--	--	--	--
--	--	--	--
--	--	--	--
--	--	--	--
--	--	--	--
--	--	--	--
--	--	--	--
--	--	--	--
--	--	--	--
--	--	--	--
--	--	--	--
--	--	--	--
--	--	--	--
--	--	--	--
--	--	--	--
--	--	--	--
--	--	--	--
--	--	--	--
--	--	--	--
--	--	--	--
--	--	--	--
--	--	--	--
--	--	--	--
--	--	--	--
--	--	--	--
--	--	--	--
--	--	--	--
--	--	--	--
--	--	--	--
--	--	--	--
--	--	--	--
--	--	--	--
--	--	--	--
--	--	--	--
--	--	--	--
--	--	--	--
--	--	--	--
--	--	--	--
--	--	--	--
--	--	--	--
--	--	--	--
--	--	--	--
--	--	--	--
--	--	--	--
--	--	--	--
--	--	--	--
--	--	--	--
--	--	--	--
--	--	--	--
--	--	--	--
--	--	--	--
--	--	--	--
--	--	--	--
--	--	--	--
--	--	--	--
--	--	--	--
--	--	--	--
--	--	--	--
--	--	--	--
--	--	--	--
--	--	--	--
--	--	--	--
--	--	--	--
--	--	--	--
--	--	--	--
--	--	--	--
--	--	--	--
--	--	--	--
--	--	--	--
--	--	--	--
--	--	--	--
--	--	--	--
--	--	--	--
--	--	--	--
--	--	--	--
--	--	--	--
--	--	--	--
--	--	--	--
--	--	--	--
--	--	--	--
--	--	--	--
--	--	--	--
--	--	--	--
--	--	--	--
--	--	--	--
--	--	--	--
--	--	--	--
--	--	--	--
--	--	--	--
--	--	--	--
--	--	--	--
--	--	--	--
--	--	--	--
--	--	--	--
--	--	--	--
--	--	--	--
--	--	--	--
--	--	--	--
--	--	--	--
--	--	--	--
--	--	--	--
--	--	--	--
--	--	--	--
--	--	--	--
--	--	--	--
--	--	--	--
--	--	--	--
--	--	--	--
--	--	--	--
--	--	--	--
--	--	--	--
--	--	--	--
--	--	--	--
--	--	--	--
--	--	--	--
--	--	--	--
--	--	--	--
--	--	--	--
--	--	--	--
--	--	--	--
--	--	--	--
--	--	--	--
--	--	--	--
--	--	--	--
--	--	--	--
--	--	--	--
--	--	--	--
--	--	--	--
--	--	--	--
--	--	--	--
--	--	--	--
--	--	--	--
--	--	--	--
--	--	--	--
--	--	--	--
--	--	--	--
--	--	--	--
--	--	--	--
--	--	--	--
--	--	--	--
--	--	--	--
--	--	--	--
--	--	--	--
--	--	--	--
--	--	--	--
--	--	--	--
--	--	--	--
--	--	--	--
--	--	--	--
--	--	--	--
--	--	--	--
--	--	--	--
--	--	--	--
--	--	--	--
--	--	--	--
--	--	--	--
--	--	--	--
--	--	--	--
--	--	--	--
--	--	--	--
--	--	--	--
--	--	--	--
--	--	--	--
--	--	--	--
--	--	--	--
--	--	--	--
--	--	--	--
--	--	--	--
--	--	--	--
--	--	--	--
--	--	--	--
--	--	--	--
--	--	--	--
--	--	--	--
--	--	--	--
--	--	--	--
--	--	--	--
--	--	--	--
--	--	--	--
--	--	--	--
--	--	--	--
--	--	--	--
--	--	--	--
--	--	--	--
--	--	--	--
--	--	--	--
--	--	--	--
--	--	--	--
--	--	--	--
--	--	--	--
--	--	--	--
--	--	--	--
--	--	--	--
--	--	--	--
--	--	--	--
--	--	--	--
--	--	--	--
--	--	--	--
--	--	--	--
--	--	--	--
--	--	--	--
--	--	--	--
--	--	--	--
--	--	--	--
--	--	--	--
--	--	--	--
--	--	--	--
--	--	--	--
--	--	--	--
--	--	--	--
--	--	--	--
--	--	--	--
--	--	--	--
--	--	--	--
--	--	--	--
--	--	--	--
--	--	--	--
--	--	--	--
--	--	--	--
--	--	--	--
--	--	--	--
--	--	--	--
--	--	--	--
--	--	--	--
--	--	--	--
--	--	--	--
--	--	--	--
--	--	--	--
--	--	--	--
--	--	--	--
--	--	--	--
--	--	--	--
--	--	--	--
--	--	--	--
--	--	--	--
--	--	--	--
--	--	--	--
--	--	--	--
--	--	--	--
--	--	--	--
--	--	--	--
--	--	--	--
--	--	--	--
--	--	--	--
--	--	--	--
--	--	--	--
--	--	--	--
--	--	--	--
--	--	--	--
--	--	--	--
--	--	--	--
--	--	--	--
--	--	--	--
--	--	--	--
--	--	--	--
--	--	--	--
--	--	--	--
--	--	--	--
--	--	--	--
--	--	--	--
--	--	--	--
--	--	--	--
--	--	--	--
--	--	--	--
--	--	--	--
--	--	--	--
--	--	--	--
--	--	--	--
--	--	--	--
--	--	--	--
--	--	--	--
--	--	--	--
--	--	--	--
--	--	--	--
--	--	--	--
--	--	--	--
--	--	--	--
--	--	--	--
--	--	--	--
--	--	--	--
--	--	--	--
--	--	--	--
--	--	--	--
--	--	--	--
--	--	--	--
--	--	--	--
--	--	--	--
--	--	--	--
--	--	--	--
--	--	--	--
--	--	--	--
--	--	--	--
--	--	--	--
--	--	--	--
--	--	--	--
--	--	--	--
--	--	--	--
--	--	--	--
--	--	--	--
--	--	--	--
--	--	--	--
--	--	--	--
--	--	--	--
--	--	--	--
--	--	--	--
--	--	--	--
--	--	--	--
--	--	--	--
--	--	--	--
--	--	--	--
--	--	--	--
--	--	--	--
--	--	--	--
--	--	--	--
--	--	--	--
--	--	--	--
--	--	--	--
--	--	--	--
--	--	--	--
--	--	--	--
--	--	--	--
--	--	--	--
--	--	--	--
--	--	--	--
--	--	--	--
--	--	--	--
--	--	--	--
--	--	--	--
--	--	--	--
--	--	--	--
--	--	--	--
--	--	--	--
--	--	--	--
--	--	--	--
--	--	--	--
--	--	--	--
--	--	--	--
--	--	--	--
--	--	--	--
--	--	--	--
--	--	--	--
--	--	--	--
--	--	--	--
--	--	--	--
--	--	--	--
--	--	--	--
--	--	--	--
--	--	--	--
--	--	--	--
--	--	--	--
--	--	--	--
--	--	--	--
--	--	--	--
--	--	--	--
--	--	--	--
--	--	--	--
--	--	--	--
--	--	--	--
--	--	--	--
--	--	--	--
--	--	--	--
--	--	--	--
--	--	--	--
--	--	--	--
--	--	--	--
--	--	--	--
--	--	--	--
--	--	--	--
--	--	--	--
--	--	--	--
--	--	--	--
--	--	--	--
--	--	--	--
--	--	--	--
--	--	--	--
--	--	--	--
--	--	--	--
--	--	--	--
--	--	--	--
--	--	--	--
--	--	--	--
--	--	--	--
--	--	--	--
--	--	--	--
--	--	--	--
--	--	--	--
--	--	--	--
--	--	--	--
--	--	--	--
--	--	--	--
--	--	--	--
--	--	--	--
--	--	--	--
--	--	--	--
--	--	--	--
--	--	--	--
--	--	--	--
--	--	--	--
--	--	--	--
--	--	--	--
--	--	--	--
--	--	--	--
--	--	--	--
--	--	--	--
--	--	--	--
--	--	--	--
--	--	--	--
--	--	--	--
--	--	--	--
--	--	--	--
--	--	--	--
--	--	--	--
--	--	--	--
--	--	--	--
--	--	--	--
--	--	--	--
--	--	--	--
--	--	--	--
--	--	--	--
--	--	--	--
--	--	--	--
--	--	--	--
--	--	--	--
--	--	--	--
--	--	--	--
--	--	--	--
--	--	--	--
--	--	--	--
--	--	--	--
--	--	--	--
--	--	--	--
--	--	--	--
--	--	--	--
--	--	--	--
--	--	--	--
--	--	--	--
--	--	--	--
--	--	--	--
--	--	--	--
--	--	--	--
--	--	--	--
--	--	--	--
--	--	--	--
--	--	--	--
--	--	--	--
--	--	--	--
--	--	--	--
--	--	--	--
--	--	--	--
--	--	--	--
--	--	--	--
--	--	--	--
--	--	--	--
--	--	--	--
--	--	--	--
--	--	--	--
--	--	--	--
--	--	--	--
--	--	--	--
--	--	--	--
--	--	--	--
--	--	--	--
--	--	--	--
--	--	--	--
--	--	--	--
--	--	--	--
--	--	--	--
--	--	--	--
--	--	--	--
--	--	--	--
--	--	--	--
--	--	--	--
--	--	--	--
--	--	--	--
--	--	--	--
--	--	--	--
--	--	--	--
--	--	--	--
--	--	--	--
--	--	--	--
--	--	--	--
--	--	--	--
--	--	--	--
--	--	--	--
--	--	--	--
--	--	--	--
--	--	--	--
--	--	--	--
--	--	--	--
--	--	--	--
--	--	--	--
--	--	--	--
--	--	--	--
--	--	--	--
--	--	--	--
--	--	--	--
--	--	--	--
--	--	--	--
--	--	--	--
--	--	--	--
--	--	--	--
--	--	--	--
--	--	--	--
--	--	--	--
--	--	--	--
--	--	--	--
--	--	--	--
--	--	--	--
--	--	--	--
--	--	--	--
--	--	--	--
--	--	--	--
--	--	--	--
--	--	--	--
--	--	--	--
--	--	--	--
--	--	--	--
--	--	--	--
--	--	--	--
--	--	--	--
--	--	--	--
--	--	--	--
--	--	--	--
--	--	--	--
--	--	--	--
--	--	--	--
--	--	--	--
--	--	--	--
--	--	--	--
--	--	--	--
--	--	--	--
--	--	--	--
--	--	--	--
--	--	--	--
--	--	--	--
--	--	--	--
--	--	--	--
--	--	--	--
--	--	--	--
--	--	--	--
--	--	--	--
--	--	--	--
--	--	--	--
--	--	--	--
--	--	--	--
--	--	--	--
--	--	--	--
--	--	--	--
--	--	--	--
--	--	--	--
--	--	--	--
--	--	--	--
--	--	--	--
--	--	--	--
--	--	--	--
--	--	--	--
--	--	--	--
--	--	--	--
--	--	--	--
--	--	--	--
--	--	--	--
--	--	--	--
--	--	--	--
--	--	--	--
--	--	--	--
--	--	--	--
--	--	--	--
--	--	--	--
--	--	--	--
--	--	--	--
--	--	--	--
--	--	--	--
--	--	--	--
--	--	--	--
--	--	--	--
--	--	--	--
--	--	--	--
--	--	--	--
--	--	--	--
--	--	--	--
--	--	--	--
--	--	--	--
--	--	--	--
--	--	--	--
--	--	--	--
--	--	--	--
--	--	--	--
--	--	--	--
--	--	--	--
--	--	--	--
--	--	--	--
--	--	--	--
--	--	--	--
--	--	--	--
--	--	--	--
--	--	--	--
--	--	--	--
--	--	--	--
--	--	--	--
--	--	--	--
--	--	--	--
--	--	--	--
--	--	--	--
--	--	--	--
--	--	--	--
--	--	--	--
--	--	--	--
--	--	--	--
--	--	--	--
--	--	--	--
--	--	--	--
--	--	--	--
--	--	--	--
--	--	--	--
--	--	--	--
--	--	--	--
--	--	--	--
--	--	--	--
--	--	--	--
--	--	--	--
--	--	--	--
--	--	--	--
--	--	--	--
--	--	--	--
--	--	--	--
--	--	--	--
--	--	--	--
--	--	--	--
--	--	--	--
--	--	--	--
--	--	--	--
--	--	--	--
--	--	--	--
--	--	--	--
--	--	--	--
--	--	--	--
--	--	--	--
--	--	--	--
--	--	--	--
--	--	--	--
--	--	--	--
--	--	--	--
--	--	--	--
--	--	--	--
--	--	--	--
--	--	--	--
--	--	--	--
--	--	--	--
--	--	--	--
--	--	--	--
--	--	--	--
--	--	--	--
--	--	--	--
--	--	--	--
--	--	--	--
--	--	--	--
--	--	--	--
--	--	--	--
--	--	--	--
--	--	--	--
--	--	--	--
--	--	--	--
--	--	--	--
--	--	--	--
--	--	--	--
--	--	--	--
--	--	--	--
--	--	--	--
--	--	--	--
--	--	--	--
--	--	--	--
--	--	--	--
--	--	--	--
--	--	--	--
--	--	--	--
--	--	--	--
--	--	--	--
--	--	--	--
--	--	--	--
--	--	--	--
--	--	--	--
--	--	--	--
--	--	--	--
--	--	--	--
--	--	--	--
--	--	--	--
--	--	--	--
--	--	--	--
--	--	--	--
--	--	--	--
--	--	--	--
--	--	--	--
--	--	--	--
--	--	--	--
--	--	--	--
--	--	--	--
--	--	--	--
--	--	--	--
--	--	--	--
--	--	--	--
--	--	--	--
--	--	--	--
--	--	--	--
--	--	--	--
--	--	--	--
--	--	--	--
--	--	--	--
--	--	--	--
--	--	--	--
--	--	--	--
--	--	--	--
--	--	--	--
--	--	--	--
--	--	--	--
--	--	--	--
--	--	--	--
--	--	--	--
--	--	--	--
--	--	--	--
--	--	--	--
--	--	--	--
--	--	--	--
--	--	--	--
--	--	--	--
--	--	--	--
--	--	--	--
--	--	--	--
--	--	--	--
--	--	--	--
--	--	--	--
--	--	--	--
--	--	--	--
--	--	--	--
--	--	--	--
--	--	--	--
--	--	--	--
--	--	--	--
--	--	--	--
--	--	--	--
--	--	--	--
--	--	--	--
--	--	--	--
--	--	--	--
--	--	--	--
--	--	--	--
--	--	--	--
--	--	--	--
--	--	--	--
--	--	--	--
--	--	--	--
--	--	--	--
--	--	--	--
--	--	--	--
--	--	--	--
--	--	--	--
--	--	--	--
--	--	--	--
--	--	--	--
--	--	--	--
--	--	--	--
--	--	--	--
--	--	--	--
--	--	--	--
--	--	--	--
--	--	--	--
--	--	--	--
--	--	--	--
--	--	--	--
--	--	--	--
--	--	--	--
--	--	--	--
--	--	--	--
--	--	--	--
--	--	--	--
--	--	--	--
--	--	--	--
--	--	--	--
--	--	--	--
--	--	--	--
--	--	--	--
--	--	--	--
--	--	--	--
--	--	--	--
--	--	--	--
--	--	--	--
--	--	--	--
--	--	--	--
--	--	--	--
--	--	--	--
--	--	--	--
--	--	--	--
--	--	--	--
--	--	--	--
--	--	--	--
--	--	--	--
--	--	--	--
--	--	--	--
--	--	--	--
--	--	--	--
--	--	--	--
--	--	--	--
--	--	--	--
--	--	--	--
--	--	--	--
--	--	--	--
--	--	--	--
--	--	--	--
--	--	--	--
--	--	--	--
--	--	--	--
--	--	--	--
--	--	--	--
--	--	--	--
--	--	--	--
--	--	--	--
--	--	--	--
--	--	--	--
--	--	--	--
--	--	--	--
--	--	--	--
--	--	--	--
--	--	--	--
--	--	--	--
--	--	--	--
--	--	--	--
--	--	--	--
--	--	--	--
--	--	--	--
--	--	--	--
--	--	--	--
--	--	--	--
--	--	--	--
--	--	--	--
--	--	--	--
--	--	--	--
--	--	--	--
--	--	--	--
--	--	--	--
--	--	--	--
--	--	--	--
--	--	--	--
--	--	--	--
--	--	--	--
--	--	--	--
--	--	--	--
--	--	--	--
--	--	--	--
--	--	--	--
--	--	--	--
--	--	--	--
--	--	--	--
--	--	--	--
--	--	--	--
--	--	--	--
--	--	--	--
--	--	--	--
--	--	--	--
--	--	--	--
--	--	--	--
--	--	--	--
--	--	--	--
--	--	--	--
--	--	--	--
--	--	--	--
--	--	--	--
--	--	--	--
--	--	--	--
--	--	--	--
--	--	--	--
--	--	--	--
--	--	--	--
--	--	--	--
--	--	--	--
--	--	--	--
--	--	--	--
--	--	--	--
--	--	--	--
--	--	--	--
--	--	--	--
--	--	--	--
--	--	--	--
--	--	--	--
--	--	--	--
--	--	--	--
--	--	--	--
--	--	--	--
--	--	--	--
--	--	--	--
--	--	--	--
--	--	--	--
--	--	--	--
--	--	--	--
--	--	--	--
--	--	--	--
--	--	--	--
--	--	--	--
--	--	--	--
--	--	--	--
--	--	--	--
--	--	--	--
--	--	--	--
--	--	--	--
--	--	--	--
--	--	--	--
--	--	--	--
--	--	--	--
--	--	--	--
--	--	--	--
--	--	--	--
--	--	--	--
--	--	--	--
--	--	--	--
--	--	--	--
--	--	--	--
--	--	--	--
--	--	--	--
--	--	--	--
--	--	--	--
--	--	--	--
--	--	--	--
--	--	--	--
--	--	--	--
--	--	--	--
--	--	--	--
--	--	--	--
--	--	--	--
--	--	--	--
--	--	--	--
--	--	--	--
--	--	--	--
--	--	--	--
--	--	--	--
--	--	--	--
--	--	--	--
--	--	--	--
--	--	--	--
--	--	--	--
--	--	--	--
--	--	--	--
--	--	--	--
--	--	--	--
--	--	--	--
--	--	--	--
--	--	--	--
--	--	--	--
--	--	--	--
--	--	--	--
--	--	--	--
--	--	--	--
--	--	--	--
--	--	--	--
--	--	--	--
--	--	--	--
--	--	--	--
--	--	--	--
--	--	--	--
--	--	--	--
--	--	--	--
--	--	--	--
--	--	--	--
--	--	--	--
--	--	--	--
--	--	--	--
--	--	--	--
--	--	--	--
--	--	--	--
--	--	--	--
--	--	--	--
--	--	--	--
--	--	--	--
--	--	--	--
--	--	--	--
--	--	--	--
--	--	--	--
--	--	--	--
--	--	--	--
--	--	--	--
--	--	--	--
--	--	--	--
--	--	--	--
--	--	--	--
--	--	--	--
--	--	--	--
--	--	--	--
--	--	--	--
--	--	--	--
--	--	--	--
--	--	--	--
--	--	--	--
--	--	--	--
--	--	--	--
--	--	--	--
--	--	--	--
--	--	--	--
--	--	--	--
--	--	--	--
--	--	--	--
--	--	--	--
--	--	--	--
--	--	--	--
--	--	--	--
--	--	--	--
--	--	--	--
--	--	--	--
--	--	--	--
--	--	--	--
--	--	--	--
--	--	--	--
--	--	--	--
--	--	--	--
--	--	--	--
--	--	--	--
--	--	--	--
--	--	--	--
--	--	--	--
--	--	--	--
--	--	--	--
--	--	--	--
--	--	--	--
--	--	--	--
--	--	--	--
--	--	--	--
--	--	--	--
--	--	--	--
--	--	--	--
--	--	--	--
--	--	--	--
--	--	--	--
--	--	--	--
--	--	--	--
--	--	--	--
--	--	--	--
--	--	--	--
--	--	--	--
--	--	--	--
--	--	--	--
--	--	--	--
--	--	--	--
--	--	--	--
--	--	--	--
--	--	--	--
--	--	--	--
--	--	--	--
--	--	--	--
--	--	--	--
--	--	--	--
--	--	--	--
--	--	--	--
--	--	--	--
--	--	--	--
--	--	--	--
--	--	--	--
--	--	--	--
--	--	--	--
--	--	--	--
--	--	--	--
--	--	--	--
--	--	--	--
--	--	--	--
--	--	--	--
--	--	--	--
--	--	--	--
--	--	--	--
--	--	--	--
--	--	--	--
--	--	--	--
--	--	--	--
--	--	--	--
--	--	--	--
--	--	--	--
--	--	--	--
--	--	--	--
--	--	--	--
--	--	--	--
--	--	--	--
--	--	--	--
--	--	--	--
--	--	--	--
--	--	--	--
--	--	--	--
--	--	--	--
--	--	--	--
--	--	--	--
--	--	--	--
--	--	--	--
--	--	--	--
--	--	--	--
--	--	--	--
--	--	--	--
--	--	--	--
--	--	--	--
--	--	--	--
--	--	--	--
--	--	--	--
--	--	--	--
--	--	--	--
--	--	--	--
--	--	--	--
--	--	--	--
--	--	--	--
--	--	--	--
--	--	--	--
--	--	--	--
--	--	--	--
--	--	--	--
--	--	--	--
--	--	--	--
--	--	--	--
--	--	--	--
--	--	--	--
--	--	--	--
--	--	--	--
--	--	--	--
--	--	--	--
--	--	--	--
--	--	--	--
--	--	--	--
--	--	--	--
--	--	--	--
--	--	--	--
--	--	--	--
--	--	--	--
--	--	--	--
--	--	--	--
--	--	--	--
--	--	--	--
--	--	--	--
--	--	--	--
--	--	--	--
--	--	--	--
--	--	--	--
--	--	--	--
--	--	--	--
--	--	--	--
--	--	--	--
--	--	--	--
--	--	--	--
--	--	--	--
--	--	--	--
--	--	--	--
--	--	--	--
--	--	--	--
--	--	--	--
--	--	--	--
--	--	--	--
--	--	--	--
--	--	--	--
--	--	--	--
--	--	--	--
--	--	--	--
--	--	--	--
--	--	--	--
--	--	--	--
--	--	--	--
--	--	--	--
--	--	--	--
--	--	--	--
--	--	--	--
--	--	--	--
--	--	--	--
--	--	--	--
--	--	--	--
--	--	--	--
--	--	--	--
--	--	--	--
--	--	--	--
--	--	--	--
--	--	--	--
--	--	--	--
--	--	--	--
--	--	--	--
--	--	--	--
--	--	--	--
--	--	--	--
--	--	--	--
--	--	--	--
--	--	--	--
--	--	--	--
--	--	--	--
--	--	--	--
--	--	--	--
--	--	--	--
--	--	--	--
--	--	--	--
--	--	--	--
--	--	--	--
--	--	--	--
--	--	--	--
--	--	--	--
--	--	--	--
--	--	--	--
--	--	--	--
--	--	--	--
--	--	--	--
--	--	--	--
--	--	--	--
--	--	--	--
--	--	--	--
--	--	--	--
--	--	--	--
--	--	--	--
--	--	--	--
--	--	--	--
--	--	--	--
--	--	--	--
--	--	--	--
--	--	--	--
--	--	--	--
--	--	--	--
--	--	--	--
--	--	--	--
--	--	--	--
--	--	--	--
--	--	--	--
--	--	--	--
--	--	--	--
--	--	--	--
--	--	--	--
--	--	--	--
--	--	--	--
--	--	--	--
--	--	--	--
--	--	--	--
--	--	--	--
--	--	--	--
--	--	--	--
--	--	--	--
--	--	--	--
--	--	--	--
--	--	--	--
--	--	--	--
--	--	--	--
--	--	--	--
--	--	--	--
--	--	--	--
--	--	--	--
--	--	--	--
--	--	--	--
--	--	--	--
--	--	--	--
--	--	--	--
--	--	--	--
--	--	--	--
--	--	--	--
--	--	--	--
--	--	--	--
--	--	--	--
--	--	--	--
--	--	--	--
--	--	--	--
--	--	--	--
--	--	--	--
--	--	--	--
--	--	--	--
--	--	--	--
--	--	--	--
--	--	--	--
--	--	--	--
--	--	--	--
--	--	--	--
--	--	--	--
--	--	--	--
--	--	--	--
--	--	--	--
--	--	--	--
--	--	--	--
--	--	--	--
--	--	--	--
--	--	--	--
--	--	--	--
--	--	--	--
--	--	--	--
--	--	--	--
--	--	--	--
--	--	--	--
--	--	--	--
--	--	--	--
--	--	--	--
--	--	--	--
--	--	--	--
--	--	--	--
--	--	--	--
--	--	--	--
--	--	--	--
--	--	--	--
--	--	--	--
--	--	--	--
--	--	--	--
--	--	--	--
--	--	--	--
--	--	--	--
--	--	--	--
--	--	--	--
--	--	--	--
--	--	--	--
--	--	--	--
--	--	--	--
--	--	--	--
--	--	--	--
--	--	--	--
--	--	--	--
--	--	--	--
--	--	--	--
--	--	--	--
--	--	--	--
--	--	--	--
--	--	--	--
--	--	--	--
--	--	--	--
--	--	--	--
--	--	--	--
--	--	--	--
--	--	--	--
--	--	--	--
--	--	--	--
--	--	--	--
--	--	--	--
--	--	--	--
--	--	--	--
--	--	--	--
--	--	--	--
--	--	--	--
--	--	--	--
--	--	--	--
--	--	--	--
--	--	--	--
--	--	--	--
--	--	--	--
--	--	--	--
--	--	--	--
--	--	--	--
--	--	--	--
--	--	--	--
--	--	--	--
--	--	--	--
--	--	--	--
--	--	--	--
--	--	--	--
--	--	--	--
--	--	--	--
--	--	--	--
--	--	--	--
--	--	--	--
--	--	--	--
--	--	--	--
--	--	--	--
--	--	--	--
--	--	--	--
--	--	--	--
--	--	--	--
--	--	--	--
--	--	--	--
--	--	--	--
--	--	--	--
--	--	--	--
--	--	--	--
--	--	--	--
--	--	--	--
--	--	--	--
--	--	--	--
--	--	--	--
--	--	--	--
--	--	--	--
--	--	--	--
--	--	--	--
--	--	--	--
--	--	--	--
--	--	--	--
--	--	--	--
--	--	--	--
--	--	--	--
--	--	--	--
--	--	--	--
--	--	--	--
--	--	--	--
--	--	--	--
--	--	--	--
--	--	--	--
--	--	--	--
--	--	--	--
--	--	--	--
--	--	--	--
--	--	--	--
--	--	--	--
--	--	--	--
--	--	--	--
--	--	--	--
--	--	--	--
--	--	--	--
--	--	--	--
--	--	--	--
--	--	--	--
--	--	--	--
--	--	--	--
--	--	--	--
--	--	--	--
--	--	--	--
--	--	--	--
--	--	--	--
--	--	--	--
--	--	--	--
--	--	--	--
--	--	--	--
--	--	--	--
--	--	--	--
--	--	--	--
--	--	--	--
--	--	--	--
--	--	--	--
--	--	--	--
--	--	--	--
--	--	--	--
--	--	--	--
--	--	--	--
--	--	--	--
--	--	--	--
--	--	--	--
--	--	--	--
--	--	--	--
--	--	--	--
--	--	--	--
--	--	--	--
--	--	--	--
--	--	--	--
--	--	--	--
--	--	--	--
--	--	--	--
--	--	--	--
--	--	--	--
--	--	--	--
--	--	--	--
--	--	--	--
--	--	--	--
--	--	--	--
--	--	--	--
--	--	--	--
--	--	--	--
--	--	--	--
--	--	--	--
--	--	--	--
--	--	--	--
--	--	--	--
--	--	--	--
--	--	--	--
--	--	--	--
--	--	--	--
--	--	--	--
--	--	--	--
--	--	--	--
--	--	--	--
--	--	--	--
--	--	--	--
--	--	--	--
--	--	--	--
--	--	--	--
--	--	--	--
--	--	--	--
--	--	--	--
--	--	--	--
--	--	--	--
--	--	--	--
--	--	--	--
--	--	--	--
--	--	--	--
--	--	--	--
--	--	--	--
--	--	--	--
--	--	--	--
--	--	--	--
--	--	--	--
--	--	--	--
--	--	--	--
--	--	--	--
--	--	--	--
--	--	--	--
--	--	--	--
--	--	--	--
--	--	--	--
--	--	--	--
--	--	--	--
--	--	--	--
--	--	--	--
--	--	--	--
--	--	--	--
--	--	--	--
--	--	--	--
--	--	--	--
--	--	--	--
--	--	--	--
--	--	--	--
--	--	--	--
--	--	--	--
--	--	--	--
--	--	--	--
--	--	--	--
--	--	--	--
--	--	--	--
--	--	--	--
--	--	--	--
--	--	--	--
--	--	--	--
--	--	--	--
--	--	--	--
--	--	--	--
--	--	--	--
--	--	--	--
--	--	--	--
--	--	--	--
--	--	--	--
--	--	--	--
--	--	--	--
--	--	--	--
--	--	--	--
--	--	--	--
--	--	--	--
--	--	--	--
--	--	--	--
--	--	--	--
--	--	--	--
--	--	--	--
--	--	--	--
--	--	--	--
--	--	--	--
--	--	--	--
--	--	--	--
--	--	--	--
--	--	--	--
--	--	--	--
--	--	--	--
--	--	--	--
--	--	--	--
--	--	--	--
--	--	--	--
--	--	--	--
--	--	--	--
--	--	--	--
--	--	--	--
--	--	--	--
--	--	--	--
--	--	--	--
--	--	--	--
--	--	--	--
--	--	--	--
--	--	--	--
--	--	--	--
--	--	--	--
--	--	--	--
--	--	--	--
--	--	--	--
--	--	--	--
--	--	--	--
--	--	--	--
--	--	--	--
--	--	--	--
--	--	--	--
--	--	--	--
--	--	--	--
--	--	--	--
--	--	--	--
--	--	--	--
--	--	--	--
--	--	--	--
--	--	--	--
--	--	--	--
--	--	--	--
--	--	--	--
--	--	--	--
--	--	--	--
--	--	--	--
--	--	--	--
--	--	--	--
--	--	--	--
--	--	--	--
--	--	--	--
--	--	--	--
--	--	--	--
--	--	--	--
--	--	--	--
--	--	--	--
--	--	--	--
--	--	--	--
--	--	--	--
--	--	--	--
--	--	--	--
--	--	--	--
--	--	--	--
--	--	--	--
--	--	--	--
--	--	--	--
--	--	--	--
--	--	--	--
--	--	--	--
--	--	--	--
--	--	--	--
--	--	--	--
--	--	--	--
--	--	--	--
--	--	--	--
--	--	--	--
--	--	--	--
--	--	--	--
--	--	--	--
--	--	--	--
--	--	--	--
--	--	--	--
--	--	--	--
--	--	--	--
--	--	--	--
--	--	--	--
--	--	--	--
--	--	--	--
--	--	--	--
--	--	--	--
--	--	--	--
--	--	--	--
--	--	--	--
--	--	--	--
--	--	--	--
--	--	--	--
--	--	--	--
--	--	--	--
--	--	--	--
--	--	--	--
--	--	--	--
--	--	--	--
--	--	--	--
--	--	--	--
--	--	--	--
--	--	--	--
--	--	--	--
--	--	--	--
--	--	--	--
--	--	--	--
--	--	--	--
--	--	--	--
--	--	--	--
--	--	--	--
--	--	--	--
--	--	--	--
--	--	--	--
--	--	--	--
--	--	--	--
--	--	--	--
--	--	--	--
--	--	--	--
--	--	--	--
--	--	--	--
--	--	--	--
--	--	--	--
--	--	--	--
--	--	--	--
--	--	--	--
--	--	--	--
--	--	--	--
--	--	--	--
--	--	--	--
--	--	--	--
--	--	--	--
--	--	--	--
--	--	--	--
--	--	--	--
--	--	--	--
--	--	--	--
--	--	--	--
--	--	--	--
--	--	--	--
--	--	--	--
--	--	--	--
--	--	--	--
--	--	--	--
--	--	--	--
--	--	--	--
--	--	--	--
--	--	--	--
--	--	--	--
--	--	--	--
--	--	--	--
--	--	--	--
--	--	--	--
--	--	--	--
--	--	--	--
--	--	--	--
--	--	--	--
--	--	--	--
--	--	--	--
--	--	--	--
--	--	--	--
--	--	--	--
--	--	--	--
--	--	--	--
--	--	--	--
--	--	--	--
--	--	--	--
--	--	--	--
--	--	--	--
--	--	--	--
--	--	--	--
--	--	--	--
--	--	--	--
--	--	--	--
--	--	--	--
--	--	--	--
--	--	--	--
--	--	--	--
--	--	--	--
--	--	--	--
--	--	--	--
--	--	--	--
--	--	--	--
--	--	--	--
--	--	--	--
--	--	--	--
--	--	--	--
--	--	--	--
--	--	--	--
--	--	--	--
--	--	--	--
--	--	--	--
--	--	--	--
--	--	--	--
--	--	--	--
--	--	--	--
--	--	--	--
--	--	--	--
--	--	--	--
--	--	--	--
--	--	--	--
--	--	--	--
--	--	--	--
--	--	--	--
--	--	--	--
--	--	--	--
--	--	--	--
--	--	--	--
--	--	--	--
--	--	--	--
--	--	--	--
--	--	--	--
--	--	--	--
--	--	--	--
--	--	--	--
--	--	--	--
--	--	--	--
--	--	--	--
--	--	--	--
--	--	--	--
--	--	--	--
--	--	--	--
--	--	--	--
--	--	--	--
--	--	--	--
--	--	--	--
--	--	--	--
--	--	--	--
--	--	--	--
--	--	--	--
--	--	--	--
--	--	--	--
--	--	--	--
--	--	--	--
--	--	--	--
--	--	--	--
--	--	--	--
--	--	--	--
--	--	--	--
--	--	--	--
--	--	--	--
--	--	--	--
--	--	--	--
--	--	--	--
--	--	--	--
--	--	--	--
--	--	--	--
--	--	--	--
--	--	--	--
--	--	--	--
--	--	--	--
--	--	--	--
--	--	--	--
--	--	--	--
--	--	--	--
--	--	--	--
--	--	--	--
--	--	--	--
--	--	--	--
--	--	--	--
--	--	--	--
--	--	--	--
--	--	--	--
--	--	--	--
--	--	--	--
--	--	--	--
--	--	--	--
--	--	--	--
--	--	--	--
--	--	--	--
--	--	--	--
--	--	--	--
--	--	--	--
--	--	--	--
--	--	--	--
--	--	--	--
--	--	--	--
--	--	--	--
--	--	--	--
--	--	--	--
--	--	--	--
--	--	--	--
--	--	--	--
--	--	--	--
--	--	--	--
--	--	--	--
--	--	--	--
--	--	--	--
--	--	--	--
--	--	--	--
--	--	--	--
--	--	--	--
--	--	--	--
--	--	--	--
--	--	--	--
--	--	--	--
--	--	--	--
--	--	--	--
--	--	--	--
--	--	--	--
--	--	--	--
--	--	--	--
--	--	--	--
--	--	--	--
--	--	--	--
--	--	--	--
--	--	--	--
--	--	--	--
--	--	--	--
--	--	--	--
--	--	--	--
--	--	--	--
--	--	--	--
--	--	--	--
--	--	--	--
--	--	--	--
--	--	--	--
--	--	--	--
--	--	--	--
--	--	--	--
--	--	--	--
--	--	--	--
--	--	--	--
--	--	--	--
--	--	--	--
--	--	--	--
--	--	--	--
--	--	--	--
--	--	--	--
--	--	--	--
--	--	--	--
--	--	--	--
--	--	--	--
--	--	--	--
--	--	--	--
--	--	--	--
--	--	--	--
--	--	--	--
--	--	--	--
--	--	--	--
--	--	--	--
--	--	--	--
--	--	--	--
--	--	--	--
--	--	--	--
--	--	--	--
--	--	--	--
--	--	--	--
--	--	--	--
--	--	--	--
--	--	--	--
--	--	--	--
--	--	--	--
--	--	--	--
--	--	--	--
--	--	--	--
--	--	--	--
--	--	--	--
--	--	--	--
--	--	--	--
--	--	--	--
--	--	--	--
--	--	--	--
--	--	--	--
--	--	--	--
--	--	--	--
--	--	--	--
--	--	--	--
--	--	--	--
--	--	--	--
--	--	--	--
--	--	--	--
--	--	--	--
--	--	--	--
--	--	--	--
--	--	--	--
--	--	--	--
--	--	--	--
--	--	--	--
--	--	--	--
--	--	--	--
--	--	--	--
--	--	--	--
--	--	--	--
--	--	--	--
--	--	--	--
--	--	--	--
--	--	--	--
--	--	--	--
--	--	--	--
--	--	--	--
--	--	--	--
--	--	--	--
--	--	--	--
--	--	--	--
--	--	--	--
--	--	--	--
--	--	--	--
--	--	--	--
--	--	--	--
--	--	--	--
--	--	--	--
--	--	--	--
--	--	--	--
--	--	--	--
--	--	--	--
--	--	--	--
--	--	--	--
--	--	--	--
--	--	--	--
--	--	--	--
--	--	--	--
--	--	--	--
--	--	--	--
--	--	--	--
--	--	--	--
--	--	--	--
--	--	--	--
--	--	--	--
--	--	--	--
--	--	--	--
--	--	--	--
--	--	--	--
--	--	--	--
--	--	--	--
--	--	--	--
--	--	--	--
--	--	--	--
--	--	--	--
--	--	--	--
--	--	--	--
--	--	--	--
--	--	--	--
--	--	--	--
--	--	--	--
--	--	--	--
--	--	--	--
--	--	--	--
--	--	--	--
--	--	--	--
--	--	--	--
--	--	--	--
--	--	--	--
--	--	--	--
--	--	--	--
--	--	--	--
--	--	--	--
--	--	--	--
--	--	--	--
--	--	--	--
--	--	--	--
--	--	--	--
--	--	--	--
--	--	--	--
--	--	--	--
--	--	--	--
--	--	--	--
--	--	--	--
--	--	--	--
--	--	--	--
--	--	--	--
--	--	--	--
--	--	--	--
--	--	--	--
--	--	--	--
--	--	--	--
--	--	--	--
--	--	--	--
--	--	--	--
--	--	--	--
--	--	--	--
--	--	--	--
--	--	--	--
--	--	--	--
--	--	--	--
--	--	--	--
--	--	--	--
--	--	--	--
--	--	--	--
--	--	--	--
--	--	--	--
--	--	--	--
--	--	--	--
--	--	--	--
--	--	--	--
--	--	--	--
--	--	--	--
--	--	--	--
--	--	--	--
--	--	--	--
--	--	--	--
--	--	--	--
--	--	--	--
--	--	--	--
--	--	--	--
--	--	--	--
--	--	--	--
--	--	--	--
--	--	--	--
--	--	--	--
--	--	--	--
--	--	--	--
--	--	--	--
--	--	--	--
--	--	--	--
--	--	--	--
--	--	--	--
--	--	--	--
--	--	--	--
--	--	--	--
--	--	--	--
--	--	--	--
--	--	--	--
--	--	--	--
--	--	--	--
--	--	--	--
--	--	--	--
--	--	--	--
--	--	--	--
--	--	--	--
--	--	--	--
--	--	--	--
--	--	--	--
--	--	--	--
--	--	--	--
--	--	--	--
--	--	--	--
--	--	--	--
--	--	--	--
--	--	--	--
--	--	--	--
--	--	--	--
--	--	--	--
--	--	--	--
--	--	--	--
--	--	--	--
--	--	--	--
--	--	--	--
--	--	--	--
--	--	--	--
--	--	--	--
--	--	--	--
--	--	--	--
--	--	--	--
--	--	--	--
--	--	--	--
--	--	--	--
--	--	--	--
--	--	--	--
--	--	--	--
--	--	--	--
--	--	--	--
--	--	--	--
--	--	--	--
--	--	--	--
--	--	--	--
--	--	--	--
--	--	--	--
--	--	--	--
--	--	--	--
--	--	--	--
--	--	--	--
--	--	--	--
--	--	--	--
--	--	--	--
--	--	--	--
--	--	--	--
--	--	--	--
--	--	--	--
--	--	--	--
--	--	--	--
--	--	--	--
--	--	--	--
--	--	--	--
--	--	--	--
--	--	--	--
--	--	--	--
--	--	--	--
--	--	--	--
--	--	--	--
--	--	--	--
--	--	--	--
--	--	--	--
--	--	--	--
--	--	--	--
--	--	--	--
--	--	--	--
--	--	--	--
--	--	--	--
--	--	--	--
--	--	--	--
--	--	--	--
--	--	--	--
--	--	--	--
--	--	--	--
--	--	--	--
--	--	--	--
--	--	--	--
--	--	--	--
--	--	--	--
--	--	--	--
--	--	--	--
--	--	--	--
--	--	--	--
--	--	--	--
--	--	--	--
--	--	--	--
--	--	--	--
--	--	--	--
--	--	--	--
--	--	--	--
--	--	--	--
--	--	--	--
--	--	--	--
--	--	--	--
--	--	--	--
--	--	--	--
--	--	--	--
--	--	--	--
--	--	--	--
--	--	--	--
--	--	--	--
--	--	--	--
--	--	--	--
--	--	--	--
--	--	--	--
--	--	--	--
--	--	--	--
--	--	--	--
--	--	--	--
--	--	--	--
--	--	--	--
--	--	--	--
--	--	--	--
--	--	--	--
--	--	--	--
--	--	--	--
--	--	--	--
--	--	--	--
--	--	--	--
--	--	--	--
--	--	--	--
--	--	--	--
--	--	--	--
--	--	--	--
--	--	--	--
--	--	--	--
--	--	--	--
--	--	--	--
--	--	--	--
--	--	--	--
--	--	--	--
--	--	--	--
--	--	--	--
--	--	--	--
--	--	--	--
--	--	--	--
--	--	--	--
--	--	--	--
--	--	--	--
--	--	--	--
--	--	--	--
--	--	--	--
--	--	--	--
--	--	--	--
--	--	--	--
--	--	--	--
--	--	--	--
--	--	--	--
--	--	--	--
--	--	--	--
--	--	--	--
--	--	--	--
--	--	--	--
--	--	--	--
--	--	--	--
--	--	--	--
--	--	--	--
--	--	--	--
--	--	--	--
--	--	--	--
--	--	--	--
--	--	--	--
--	--	--	--
--	--	--	--
--	--	--	--
--	--	--	--
--	--	--	--
--	--	--	--
--	--	--	--
--	--	--	--
--	--	--	--
--	--	--	--
--	--	--	--
--	--	--	--
--	--	--	--
--	--	--	--
--	--	--	--
--	--	--	--
--	--	--	--
--	--	--	--
--	--	--	--
--	--	--	--
--	--	--	--
--	--	--	--
--	--	--	--
--	--	--	--
--	--	--	--
--	--	--	--
--	--	--	--
--	--	--	--
--	--	--	--
--	--	--	--
--	--	--	--
--	--	--	--
--	--	--	--
--	--	--	--
--	--	--	--
--	--	--	--
--	--	--	--
--	--	--	--
--	--	--	--
--	--	--	--
--	--	--	--
--	--	--	--
--	--	--	--
--	--	--	--
--	--	--	--
--	--	--	--
--	--	--	--
--	--	--	--
--	--	--	--
--	--	--	--
--	--	--	--
--	--	--	--
--	--	--	--
--	--	--	--
--	--	--	--
--	--	--	--
--	--	--	--
--	--	--	--
--	--	--	--
--	--	--	--
--	--	--	--
--	--	--	--
--	--	--	--
--	--	--	--
--	--	--	--
--	--	--	--
--	--	--	--
--	--	--	--
--	--	--	--
--	--	--	--
--	--	--	--
--	--	--	--
--	--	--	--
--	--	--	--
--	--	--	--
--	--	--	--
--	--	--	--
--	--	--	--
--	--	--	--
--	--	--	--
--	--	--	--
--	--	--	--
--	--	--	--
--	--	--	--
--	--	--	--
--	--	--	--
--	--	--	--
--	--	--	--
--	--	--	--
--	--	--	--
--	--	--	--
--	--	--	--
--	--	--	--
--	--	--	--
--	--	--	--
--	--	--	--
--	--	--	--
--	--	--	--
--	--	--	--
--	--	--	--
--	--	--	--
--	--	--	--
--	--	--	--
--	--	--	--
--	--	--	--
--	--	--	--
--	--	--	--
--	--	--	--
--	--	--	--
--	--	--	--
--	--	--	--
--	--	--	--
--	--	--	--
--	--	--	--
--	--	--	--
--	--	--	--
--	--	--	--
--	--	--	--
--	--	--	--
--	--	--	--
--	--	--	--
--	--	--	--
--	--	--	--
--	--	--	--
--	--	--	--
--	--	--	--
--	--	--	--
--	--	--	--
--	--	--	--
--	--	--	--
--	--	--	--
--	--	--	--
--	--	--	--
--	--	--	--
--	--	--	--
--	--	--	--
--	--	--	--
--	--	--	--
--	--	--	--
--	--	--	--
--	--	--	--
--	--	--	--
--	--	--	--
--	--	--	--
--	--	--	--
--	--	--	--
--	--	--	--
--	--	--	--
--	--	--	--
--	--	--	--
--	--	--	--
--	--	--	--
--	--	--	--
--	--	--	--
--	--	--	--
--	--	--	--
--	--	--	--
--	--	--	--
--	--	--	--
--	--	--	--
--	--	--	--
--	--	--	--
--	--	--	--
--	--	--	--
--	--	--	--
--	--	--	--
--	--	--	--
--	--	--	--
--	--	--	--
--	--	--	--
--	--	--	--
--	--	--	--
--	--	--	--
--	--	--	--
--	--	--	--
--	--	--	--
--	--	--	--
--	--	--	--
--	--	--	--
--	--	--	--
--	--	--	--
--	--	--	--
--	--	--	--
--	--	--	--
--	--	--	--
--	--	--	--
--	--	--	--
--	--	--	--
--	--	--	--
--	--	--	--
--	--	--	--
--	--	--	--
--	--	--	--
--	--	--	--
--	--	--	--
--	--	--	--
--	--	--	--
--	--	--	--
--	--	--	--
--	--	--	--
--	--	--	--
--	--	--	--
--	--	--	--
--	--	--	--
--	--	--	--
--	--	--	--
--	--	--	--
--	--	--	--
--	--	--	--
--	--	--	--
--	--	--	--
--	--	--	--
--	--	--	--
--	--	--	--
--	--	--	--
--	--	--	--
--	--	--	--
--	--	--	--
--	--	--	--
--	--	--	--
--	--	--	--
--	--	--	--
--	--	--	--
--	--	--	--
--	--	--	--
--	--	--	--
--	--	--	--
--	--	--	--
--	--	--	--
--	--	--	--
--	--	--	--
--	--	--	--
--	--	--	--
--	--	--	--
--	--	--	--
--	--	--	--
--	--	--	--
--	--	--	--
--	--	--	--
--	--	--	--
--	--	--	--
--	--	--	--
--	--	--	--
--	--	--	--
--	--	--	--
--	--	--	--
--	--	--	--
--	--	--	--
--	--	--	--
--	--	--	--
--	--	--	--
--	--	--	--
--	--	--	--
--	--	--	--
--	--	--	--
--	--	--	--
--	--	--	--
--	--	--	--
--	--	--	--
--	--	--	--
--	--	--	--
--	--	--	--
--	--	--	--
--	--	--	--
--	--	--	--
--	--	--	--
--	--	--	--
--	--	--	--
--	--	--	--
--	--	--	--
--	--	--	--
--	--	--	--
--	--	--	--
--	--	--	--
--	--	--	--
--	--	--	--
--	--	--	--
--	--	--	--
--	--	--	--
--	--	--	--
--	--	--	--
--	--	--	--
--	--	--	--
--	--	--	--
--	--	--	--
--	--	--	--
--	--	--	--
--	--	--	--
--	--	--	--
--	--	--	--
--	--	--	--
--	--	--	--
--	--	--	--
--	--	--	--
--	--	--	--
--	--	--	--
--	--	--	--
--	--	--	--
--	--	--	--
--	--	--	--
--	--	--	--
--	--	--	--
--	--	--	--
--	--	--	--
--	--	--	--
--	--	--	--
--	--	--	--
--	--	--	--
--	--	--	--
--	--	--	--
--	--	--	--
--	--	--	--
--	--	--	--
--	--	--	--
--	--	--	--
--	--	--	--
--	--	--	--
--	--	--	--
--	--	--	--
--	--	--	--
--	--	--	--
--	--	--	--
--	--	--	--
--	--	--	--
--	--	--	--
--	--	--	--
--	--	--	--
--	--	--	--
--	--	--	--
--	--	--	--
--	--	--	--
--	--	--	--
--	--	--	--
--	--	--	--
--	--	--	--
--	--	--	--
--	--	--	--
--	--	--	--
--	--	--	--
--	--	--	--
--	--	--	--
--	--	--	--
--	--	--	--
--	--	--	--
--	--	--	--
--	--	--	--
--	--	--	--
--	--	--	--
--	--	--	--
--	--	--	--
--	--	--	--
--	--	--	--
--	--	--	--
--	--	--	--
--	--	--	--
--	--	--	--
--	--	--	--
--	--	--	--
--	--	--	--
--	--	--	--
--	--	--	--
--	--	--	--
--	--	--	--
--	--	--	--
--	--	--	--
--	--	--	--
--	--	--	--
--	--	--	--
--	--	--	--
--	--	--	--
--	--	--	--
--	--	--	--
--	--	--	--
--	--	--	--
--	--	--	--
--	--	--	--
--	--	--	--
--	--	--	--
--	--	--	--
--	--	--	--
--	--	--	--
--	--	--	--
--	--	--	--
--	--	--	--
--	--	--	--
--	--	--	--
--	--	--	--
--	--	--	--
--	--	--	--
--	--	--	--
--	--	--	--
--	--	--	--
--	--	--	--
--	--	--	--
--	--	--	--
--	--	--	--
--	--	--	--
--	--	--	--
--	--	--	--
--	--	--	--
--	--	--	--
--	--	--	--
--	--	--	--
--	--	--	--
--	--	--	--
--	--	--	--
--	--	--	--
--	--	--	--
--	--	--	--
--	--	--	--
--	--	--	--
--	--	--	--
--	--	--	--
--	--	--	--
--	--	--	--
--	--	--	--
--	--	--	--
--	--	--	--
--	--	--	--
--	--	--	--
--	--	--	--
--	--	--	--
--	--	--	--
--	--	--	--
--	--	--	--
--	--	--	--
--	--	--	--
--	--	--	--
--	--	--	--
--	--	--	--
--	--	--	--
--	--	--	--
--	--	--	--
--	--	--	--
--	--	--	--
--	--	--	--
--	--	--	--
--	--	--	--
--	--	--	--
--	--	--	--
--	--	--	--
--	--	--	--
--	--	--	--
--	--	--	--
--	--	--	--
--	--	--	--
--	--	--	--
--	--	--	--
--	--	--	--
--	--	--	--
--	--	--	--
--	--	--	--
--	--	--	--
--	--	--	--
--	--	--	--
--	--	--	--
--	--	--	--
--	--	--	--
--	--	--	--
--	--	--	--
--	--	--	--
--	--	--	--
--	--	--	--
--	--	--	--
--	--	--	--
--	--	--	--
--	--	--	--
--	--	--	--
--	--	--	--
--	--	--	--
--	--	--	--
--	--	--	--
--	--	--	--
--	--	--	--
--	--	--	--
--	--	--	--
--	--	--	--
--	--	--	--
--	--	--	--
--	--	--	--
--	--	--	--
--	--	--	--
--	--	--	--
--	--	--	--
--	--	--	--
--	--	--	--
--	--	--	--
--	--	--	--
--	--	--	--
--	--	--	--
--	--	--	--
--	--	--	--
--	--	--	--
--	--	--	--
--	--	--	--
--	--	--	--
--	--	--	--
--	--	--	--
--	--	--	--
--	--	--	--
--	--	--	--
--	--	--	--
--	--	--	--
--	--	--	--
--	--	--	--
--	--	--	--
--	--	--	--
--	--	--	--
--	--	--	--
--	--	--	--
--	--	--	--
--	--	--	--
--	--	--	--
--	--	--	--
--	--	--	--
--	--	--	--
--	--	--	--
--	--	--	--
--	--	--	--
--	--	--	--
--	--	--	--
--	--	--	--
--	--	--	--
--	--	--	--
--	--	--	--
--	--	--	--
--	--	--	--
--	--	--	--
--	--	--	--
--	--	--	--
--	--	--	--
--	--	--	--
--	--	--	--
--	--	--	--
--	--	--	--
--	--	--	--
--	--	--	--
--	--	--	--
--	--	--	--
--	--	--	--
--	--	--	--
--	--	--	--
--	--	--	--
--	--	--	--
--	--	--	--
--	--	--	--
--	--	--	--
--	--	--	--
--	--	--	--
--	--	--	--
--	--	--	--
--	--	--	--
--	--	--	--
--	--	--	--
--	--	--	--
--	--	--	--
--	--	--	--
--	--	--	--
--	--	--	--
--	--	--	--
--	--	--	--
--	--	--	--
--	--	--	--
--	--	--	--
--	--	--	--
--	--	--	--
--	--	--	--
--	--	--	--
--	--	--	--
--	--	--	--
--	--	--	--
--	--	--	--
--	--	--	--
--	--	--	--
--	--	--	--
--	--	--	--
--	--	--	--
--	--	--	--
--	--	--	--
--	--	--	--
--	--	--	--
--	--	--	--
--	--	--	--
--	--	--	--
--	--	--	--
--	--	--	--
--	--	--	--
--	--	--	--
--	--	--	--
--	--	--	--
--	--	--	--
--	--	--	--
--	--	--	--
--	--	--	--
--	--	--	--
--	--	--	--
--	--	--	--
--	--	--	--
--	--	--	--
--	--	--	--
--	--	--	--
--	--	--	--
--	--	--	--
--	--	--	--
--	--	--	--
--	--	--	--
--	--	--	--
--	--	--	--
--	--	--	--
--	--	--	--
--	--	--	--
--	--	--	--
--	--	--	--
--	--	--	--
--	--	--	--
--	--	--	--
--	--	--	--
--	--	--	--
--	--	--	--
--	--	--	--
--	--	--	--
--	--	--	--
--	--	--	--
--	--	--	--
--	--	--	--
--	--	--	--
--	--	--	--
--	--	--	--
--	--	--	--
--	--	--	--
--	--	--	--
--	--	--	--
--	--	--	--
--	--	--	--
--	--	--	--
--	--	--	--
--	--	--	--
--	--	--	--
--	--	--	--
--	--	--	--
--	--	--	--
--	--	--	--
--	--	--	--
--	--	--	--
--	--	--	--
--	--	--	--
--	--	--	--
--	--	--	--
--	--	--	--
--	--	--	--
--	--	--	--
--	--	--	--
--	--	--	--
--	--	--	--
--	--	--	--
--	--	--	--
--	--	--	--
--	--	--	--
--	--	--	--
--	--	--	--
--	--	--	--
--	--	--	--
--	--	--	--
--	--	--	--
--	--	--	--
--	--	--	--
--	--	--	--
--	--	--	--
--	--	--	--
--	--	--	--
--	--	--	--
--	--	--	--
--	--	--	--
--	--	--	--
--	--	--	--
--	--	--	--
--	--	--	--
--	--	--	--
--	--	--	--
--	--	--	--
--	--	--	--
--	--	--	--
--	--	--	--
--	--	--	--
--	--	--	--
--	--	--	--
--	--	--	--
--	--	--	--
--	--	--	--
--	--	--	--
--	--	--	--
--	--	--	--
--	--	--	--
--	--	--	--
--	--	--	--
--	--	--	--
--	--	--	--
--	--	--	--
--	--	--	--
--	--	--	--
--	--	--	--
--	--	--	--
--	--	--	--
--	--	--	--
--	--	--	--
--	--	--	--
--	--	--	--
--	--	--	--
--	--	--	--
--	--	--	--
--	--	--	--
--	--	--	--
--	--	--	--
--	--	--	--
--	--	--	--
--	--	--	--
--	--	--	--
--	--	--	--
--	--	--	--
--	--	--	--
--	--	--	--
--	--	--	--
--	--	--	--
--	--	--	--
--	--	--	--
--	--	--	--
--	--	--	--
--	--	--	--
--	--	--	--
--	--	--	--
--	--	--	--
--	--	--	--
--	--	--	--
--	--	--	--
--	--	--	--
--	--	--	--
--	--	--	--
--	--	--	--
--	--	--	--
--	--	--	--
--	--	--	--
--	--	--	--
--	--	--	--
--	--	--	--
--	--	--	--
--	--	--	--
--	--	--	--
--	--	--	--
--	--	--	--
--	--	--	--
--	--	--	--
--	--	--	--
--	--	--	--
--	--	--	--
--	--	--	--
--	--	--	--
--	--	--	--
--	--	--	--
--	--	--	--
--	--	--	--
--	--	--	--
--	--	--	--
--	--	--	--
--	--	--	--
--	--	--	--
--	--	--	--
--	--	--	--
--	--	--	--
--	--	--	--
--	--	--	--
--	--	--	--
--	--	--	--
--	--	--	--
--	--	--	--
--	--	--	--
--	--	--	--
--	--	--	--
--	--	--	--
--	--	--	--
--	--	--	--
--	--	--	--
--	--	--	--
--	--	--	--
--	--	--	--
--	--	--	--
--	--	--	--
--	--	--	--
--	--	--	--
--	--	--	--
--	--	--	--
--	--	--	--
--	--	--	--
--	--	--	--
--	--	--	--
--	--	--	--
--	--	--	--
--	--	--	--
--	--	--	--
--	--	--	--
--	--	--	--
--	--	--	--
--	--	--	--
--	--	--	--
--	--	--	--
--	--	--	--
--	--	--	--
--	--	--	--
--	--	--	--
--	--	--	--
--	--	--	--
--	--	--	--
--	--	--	--
--	--	--	--
--	--	--	--
--	--	--	--
--	--	--	--
--	--	--	--
--	--	--	--
--	--	--	--
--	--	--	--
--	--	--	--
--	--	--	--
--	--	--	--
--	--	--	--
--	--	--	--
--	--	--	--
--	--	--	--
--	--	--	--
--	--	--	--
--	--	--	--
--	--	--	--
--	--	--	--
--	--	--	--
--	--	--	--
--	--	--	--
--	--	--	--
--	--	--	--
--	--	--	--
--	--	--	--
--	--	--	--
--	--	--	--
--	--	--	--
--	--	--	--
--	--	--	--
--	--	--	--
--	--	--	--
--	--	--	--
--	--	--	--
--	--	--	--
--	--	--	--
--	--	--	--
--	--	--	--
--	--	--	--
--	--	--	--
--	--	--	--
--	--	--	--
--	--	--	--
--	--	--	--
--	--	--	--
--	--	--	--
--	--	--	--
--	--	--	--
--	--	--	--
--	--	--	--
--	--	--	--
--	--	--	--
--	--	--	--
--	--	--	--
--	--	--	--
--	--	--	--
--	--	--	--
--	--	--	--
--	--	--	--
--	--	--	--
--	--	--	--
--	--	--	--
--	--	--	--
--	--	--	--
--	--	--	--
--	--	--	--
--	--	--	--
--	--	--	--
--	--	--	--
--	--	--	--
--	--	--	--
--	--	--	--
--	--	--	--
--	--	--	--
--	--	--	--
--	--	--	--
--	--	--	--
--	--	--	--
--	--	--	--
--	--	--	--
--	--	--	--
--	--	--	--
--	--	--	--
--	--	--	--
--	--	--	--
--	--	--	--
--	--	--	--
--	--	--	--
--	--	--	--
--	--	--	--
--	--	--	--
--	--	--	--
--	--	--	--
--	--	--	--
--	--	--	--
--	--	--	--
--	--	--	--
--	--	--	--
--	--	--	--
--	--	--	--
--	--	--	--
--	--	--	--
--	--	--	--
--	--	--	--
--	--	--	--
--	--	--	--
--	--	--	--
--	--	--	--
--	--	--	--
--	--	--	--
--	--	--	--
--	--	--	--
--	--	--	--
--	--	--	--
--	--	--	--
--	--	--	--
--	--	--	--
--	--	--	--
--	--	--	--
--	--	--	--
--	--	--	--
--	--	--	--
--	--	--	--
--	--	--	--
--	--	--	--
--	--	--	--
--	--	--	--
--	--	--	--
--	--	--	--
--	--	--	--
--	--	--	--
--	--	--	--
--	--	--	--
--	--	--	--
--	--	--	--
--	--	--	--
--	--	--	--
--	--	--	--
--	--	--	--
--	--	--	--
--	--	--	--
--	--	--	--
--	--	--	--
--	--	--	--
--	--	--	--
--	--	--	--
--	--	--	--
--	--	--	--
--	--	--	--
--	--	--	--
--	--	--	--
--	--	--	--
--	--	--	--
--	--	--	--
--	--	--	--
--	--	--	--
--	--	--	--
--	--	--	--
--	--	--	--
--	--	--	--
--	--	--	--
--	--	--	--
--	--	--	--
--	--	--	--
--	--	--	--
--	--	--	--
--	--	--	--
--	--	--	--
--	--	--	--
--	--	--	--
--	--	--	--
--	--	--	--
--	--	--	--
--	--	--	--
--	--	--	--
--	--	--	--
--	--	--	--
--	--	--	--
--	--	--	--
--	--	--	--
--	--	--	--
--	--	--	--
--	--	--	--
--	--	--	--
--	--	--	--
--	--	--	--
--	--	--	--
--	--	--	--
--	--	--	--
--	--	--	--
--	--	--	--
--	--	--	--
--	--	--	--
--	--	--	--
--	--	--	--
--	--	--	--
--	--	--	--
--	--	--	--
--	--	--	--
--	--	--	--
--	--	--	--
--	--	--	--
--	--	--	--
--	--	--	--
--	--	--	--
--	--	--	--
--	--	--	--
--	--	--	--
--	--	--	--
--	--	--	--
--	--	--	--
--	--	--	--
--	--	--	--
--	--	--	--
--	--	--	--
--	--	--	--
--	--	--	--
--	--	--	--
--	--	--	--
--	--	--	--
--	--	--	--
--	--	--	--
--	--	--	--
--	--	--	--
--	--	--	--
--	--	--	--
--	--	--	--
--	--	--	--
--	--	--	--
--	--	--	--
--	--	--	--
--	--	--	--
--	--	--	--
--	--	--	--
--	--	--	--
--	--	--	--
--	--	--	--
--	--	--	--
--	--	--	--
--	--	--	--
--	--	--	--
--	--	--	--
--	--	--	--
--	--	--	--
--	--	--	--
--	--	--	--
--	--	--	--
--	--	--	--
--	--	--	--
--	--	--	--
--	--	--	--
--	--	--	--
--	--	--	--
--	--	--	--
--	--	--	--
--	--	--	--
--	--	--	--
--	--	--	--
--	--	--	--
--	--	--	--
--	--	--	--
--	--	--	--
--	--	--	--
--	--	--	--
--	--	--	--
--	--	--	--
--	--	--	--
--	--	--	--
--	--	--	--
--	--	--	--
--	--	--	--
--	--	--	--
--	--	--	--
--	--	--	--
--	--	--	--
--	--	--	--
--	--	--	--
--	--	--	--
--	--	--	--
--	--	--	--
--	--	--	--
--	--	--	--
--	--	--	--
--	--	--	--
--	--	--	--
--	--	--	--
--	--	--	--
--	--	--	--
--	--	--	--
--	--	--	--
--	--	--	--
--	--	--	--
--	--	--	--
--	--	--	--
--	--	--	--
--	--	--	--
--	--	--	--
--	--	--	--
--	--	--	--
--	--	--	--
--	--	--	--
--	--	--	--
--	--	--	--
--	--	--	--
--	--	--	--
--	--	--	--
--	--	--	--
--	--	--	--
--	--	--	--
--	--	--	--
--	--	--	--
--	--	--	--
--	--	--	--
--	--	--	--
--	--	--	--
--	--	--	--
--	--	--	--
--	--	--	--
--	--	--	--
--	--	--	--
--	--	--	--
--	--	--	--
--	--	--	--
--	--	--	--
--	--	--	--
--	--	--	--
--	--	--	--
--	--	--	--
--	--	--	--
--	--	--	--
--	--	--	--
--	--	--	--
--	--	--	--
--	--	--	--
--	--	--	--
--	--	--	--
--	--	--	--
--	--	--	--
--	--	--	--
--	--	--	--
--	--	--	--
--	--	--	--
--	--	--	--
--	--	--	--
--	--	--	--
--	--	--	--
--	--	--	--
--	--	--	--
--	--	--	--
--	--	--	--
--	--	--	--
--	--	--	--
--	--	--	--
--	--	--	--
--	--	--	--
--	--	--	--
--	--	--	--
--	--	--	--
--	--	--	--
--	--	--	--
--	--	--	--
--	--	--	--
--	--	--	--
--	--	--	--
--	--	--	--
--	--	--	--
--	--	--	--
--	--	--	--
--	--	--	--
--	--	--	--
--	--	--	--
--	--	--	--
--	--	--	--
--	--	--	--
--	--	--	--
--	--	--	--
--	--	--	--
--	--	--	--
--	--	--	--
--	--	--	--
--	--	--	--
--	--	--	--
--	--	--	--
--	--	--	--
--	--	--	--
--	--	--	--
--	--	--	--
--	--	--	--
--	--	--	--
--	--	--	--
--	--	--	--
--	--	--	--
--	--	--	--
--	--	--	--
--	--	--	--
--	--	--	--
--	--	--	--
--	--	--	--
--	--	--	--
--	--	--	--
--	--	--	--
--	--	--	--
--	--	--	--
--	--	--	--
--	--	--	--
--	--	--	--
--	--	--	--
--	--	--	--
--	--	--	--
--	--	--	--
--	--	--	--
--	--	--	--
--	--	--	--
--	--	--	--
--	--	--	--
--	--	--	--
--	--	--	--
--	--	--	--
--	--	--	--
--	--	--	--
--	--	--	--
--	--	--	--
--	--	--	--
--	--	--	--
--	--	--	--
--	--	--	--
--	--	--	--
--	--	--	--
--	--	--	--
--	--	--	--
--	--	--	--
--	--	--	--
--	--	--	--
--	--	--	--
--	--	--	--
--	--	--	--
--	--	--	--
--	--	--	--
--	--	--	--
--	--	--	--
--	--	--	--
--	--	--	--
--	--	--	--
--	--	--	--
--	--	--	--
--	--	--	--
--	--	--	--
--	--	--	--
--	--	--	--
--	--	--	--
--	--	--	--
--	--	--	--
--	--	--	--
--	--	--	--
--	--	--	--
--	--	--	--
--	--	--	--
--	--	--	--
--	--	--	--
--	--	--	--
--	--	--	--
--	--	--	--
--	--	--	--
--	--	--	--
--	--	--	--
--	--	--	--
--	--	--	--
--	--	--	--
--	--	--	--
--	--	--	--
--	--	--	--
--	--	--	--
--	--	--	--
--	--	--	--
--	--	--	--
--	--	--	--
--	--	--	--
--	--	--	--
--	--	--	--
--	--	--	--
--	--	--	--
--	--	--	--
--	--	--	--
--	--	--	--
--	--	--	--
--	--	--	--
--	--	--	--
--	--	--	--
--	--	--	--
--	--	--	--
--	--	--	--
--	--	--	--
--	--	--	--
--	--	--	--
--	--	--	--
--	--	--	--
--	--	--	--
--	--	--	--
--	--	--	--
--	--	--	--
--	--	--	--
--	--	--	--
--	--	--	--
--	--	--	--
--	--	--	--
--	--	--	--
--	--	--	--
--	--	--	--
--	--	--	--
--	--	--	--
--	--	--	--
--	--	--	--
--	--	--	--
--	--	--	--
--	--	--	--
--	--	--	--
--	--	--	--
--	--	--	--
--	--	--	--
--	--	--	--
--	--	--	--
--	--	--	--
--	--	--	--
--	--	--	--
--	--	--	--
--	--	--	--
--	--	--	--
--	--	--	--
--	--	--	--
--	--	--	--
--	--	--	--
--	--	--	--
--	--	--	--
--	--	--	--
--	--	--	--
--	--	--	--
--	--	--	--
--	--	--	--
--	--	--	--
--	--	--	--
--	--	--	--
--	--	--	--
--	--	--	--
--	--	--	--
--	--	--	--
--	--	--	--
--	--	--	--
--	--	--	--
--	--	--	--
--	--	--	--
--	--	--	--
--	--	--	--
--	--	--	--
--	--	--	--
--	--	--	--
--	--	--	--
--	--	--	--
--	--	--	--
--	--	--	--
--	--	--	--
--	--	--	--
--	--	--	--
--	--	--	--
--	--	--	--
--	--	--	--
--	--	--	--
--	--	--	--
--	--	--	--
--	--	--	--
--	--	--	--
--	--	--	--
--	--	--	--
--	--	--	--
--	--	--	--
--	--	--	--
--	--	--	--
--	--	--	--
--	--	--	--
--	--	--	--
--	--	--	--
--	--	--	--
--	--	--	--
--	--	--	--
--	--	--	--
--	--	--	--
--	--	--	--
--	--	--	--
--	--	--	--
--	--	--	--
--	--	--	--
--	--	--	--
--	--	--	--
--	--	--	--
--	--	--	--
--	--	--	--
--	--	--	--
--	--	--	--
--	--	--	--
--	--	--	--
--	--	--	--
--	--	--	--
--	--	--	--
--	--	--	--
--	--	--	--
--	--	--	--
--	--	--	--
--	--	--	--
--	--	--	--
--	--	--	--
--	--	--	--
--	--	--	--
--	--	--	--
--	--	--	--
--	--	--	--
--	--	--	--
--	--	--	--
--	--	--	--
--	--	--	--
--	--	--	--
--	--	--	--
--	--	--	--
--	--	--	--
--	--	--	--
--	--	--	--
--	--	--	--
--	--	--	--
--	--	--	--
--	--	--	--
--	--	--	--
--	--	--	--
--	--	--	--
--	--	--	--
--	--	--	--
--	--	--	--
--	--	--	--
--	--	--	--
--	--	--	--
--	--	--	--
--	--	--	--
--	--	--	--
--	--	--	--
--	--	--	--
--	--	--	--
--	--	--	--
--	--	--	--
--	--	--	--
--	--	--	--
--	--	--	--
--	--	--	--
--	--	--	--
--	--	--	--
--	--	--	--
--	--	--	--
--	--	--	--
--	--	--	--
--	--	--	--
--	--	--	--
--	--	--	--
--	--	--	--
--	--	--	--
--	--	--	--
--	--	--	--
--	--	--	--
--	--	--	--
--	--	--	--
--	--	--	--
--	--	--	--
--	--	--	--
--	--	--	--
--	--	--	--
--	--	--	--
--	--	--	--
--	--	--	--
--	--	--	--
--	--	--	--
--	--	--	--
--	--	--	--
--	--	--	--
--	--	--	--
--	--	--	--
--	--	--	--
--	--	--	--
--	--	--	--
--	--	--	--
--	--	--	--
--	--	--	--
--	--	--	--
--	--	--	--
--	--	--	--
--	--	--	--
--	--	--	--
--	--	--	--
--	--	--	--
--	--	--	--
--	--	--	--
--	--	--	--
--	--	--	--
--	--	--	--
--	--	--	--
--	--	--	--
--	--	--	--
--	--	--	--
--	--	--	--
--	--	--	--
--	--	--	--
--	--	--	--
--	--	--	--
--	--	--	--
--	--	--	--
--	--	--	--
--	--	--	--
--	--	--	--
--	--	--	--
--	--	--	--
--	--	--	--
--	--	--	--
--	--	--	--
--	--	--	--
--	--	--	--
--	--	--	--
--	--	--	--
--	--	--	--
--	--	--	--
--	--	--	--
--	--	--	--
--	--	--	--
--	--	--	--
--	--	--	--
--	--	--	--
--	--	--	--
--	--	--	--
--	--	--	--
--	--	--	--
--	--	--	--
--	--	--	--
--	--	--	--
--	--	--	--
--	--	--	--
--	--	--	--
--	--	--	--
--	--	--	--
--	--	--	--
--	--	--	--
--	--	--	--
--	--	--	--
--	--	--	--
--	--	--	--
--	--	--	--
--	--	--	--
--	--	--	--
--	--	--	--
--	--	--	--
--	--	--	--
--	--	--	--
--	--	--	--
--	--	--	--
--	--	--	--
--	--	--	--
--	--	--	--
--	--	--	--
--	--	--	--
--	--	--	--
--	--	--	--
--	--	--	--
--	--	--	--
--	--	--	--
--	--	--	--
--	--	--	--
--	--	--	--
--	--	--	--
--	--	--	--
--	--	--	--
--	--	--	--
--	--	--	--
--	--	--	--
--	--	--	--
--	--	--	--
--	--	--	--
--	--	--	--
--	--	--	--
--	--	--	--
--	--	--	--
--	--	--	--
--	--	--	--
--	--	--	--
--	--	--	--
--	--	--	--
--	--	--	--
--	--	--	--
--	--	--	--
--	--	--	--
--	--	--	--
--	--	--	--
--	--	--	--
--	--	--	--
--	--	--	--
--	--	--	--
--	--	--	--
--	--	--	--
--	--	--	--
--	--	--	--
--	--	--	--
--	--	--	--
--	--	--	--
--	--	--	--
--	--	--	--
--	--	--	--
--	--	--	--
--	--	--	--
--	--	--	--
--	--	--	--
--	--	--	--
--	--	--	--
--	--	--	--
--	--	--	--
--	--	--	--
--	--	--	--
--	--	--	--
--	--	--	--
--	--	--	--
--	--	--	--
--	--	--	--
--	--	--	--
--	--	--	--
--	--	--	--
--	--	--	--
--	--	--	--
--	--	--	--
--	--	--	--
--	--	--	--
--	--	--	--
--	--	--	--
--	--	--	--
--	--	--	--
--	--	--	--
--	--	--	--
--	--	--	--
--	--	--	--
--	--	--	--
--	--	--	--
--	--	--	--
--	--	--	--
--	--	--	--
--	--	--	--
--	--	--	--
--	--	--	--
--	--	--	--
--	--	--	--
--	--	--	--
--	--	--	--
--	--	--	--
--	--	--	--
--	--	--	--
--	--	--	--
--	--	--	--
--	--	--	--
--	--	--	--
--	--	--	--
--	--	--	--
--	--	--	--
--	--	--	--
--	--	--	--
--	--	--	--
--	--	--	--
--	--	--	--
--	--	--	--
--	--	--	--
--	--	--	--
--	--	--	--
--	--	--	--
--	--	--	--
--	--	--	--
--	--	--	--
--	--	--	--
--	--	--	--
--	--	--	--
--	--	--	--
--	--	--	--
--	--	--	--
--	--	--	--
--	--	--	--
--	--	--	--
--	--	--	--
--	--	--	--
--	--	--	--
--	--	--	--
--	--	--	--
--	--	--	--
--	--	--	--
--	--	--	--
--	--	--	--
--	--	--	--
--	--	--	--
--	--	--	--
--	--	--	--
--	--	--	--
--	--	--	--
--	--	--	--
--	--	--	--
--	--	--	--
--	--	--	--
--	--	--	--
--	--	--	--
--	--	--	--
--	--	--	--
--	--	--	--
--	--	--	--
--	--	--	--
--	--	--	--
--	--	--	--
--	--	--	--
--	--	--	--
--	--	--	--
--	--	--	--
--	--	--	--
--	--	--	--
--	--	--	--
--	--	--	--
--	--	--	--
--	--	--	--
--	--	--	--
--	--	--	--
--	--	--	--
--	--	--	--
--	--	--	--
--	--	--	--
--	--	--	--
--	--	--	--
--	--	--	--
--	--	--	--
--	--	--	--
--	--	--	--
--	--	--	--
--	--	--	--
--	--	--	--
--	--	--	--
--	--	--	--
--	--	--	--
--	--	--	--
--	--	--	--
--	--	--	--
--	--	--	--
--	--	--	--
--	--	--	--
--	--	--	--
--	--	--	--
--	--	--	--
--	--	--	--
--	--	--	--
--	--	--	--
--	--	--	--
--	--	--	--
--	--	--	--
--	--	--	--
--	--	--	--
--	--	--	--
--	--	--	--
--	--	--	--
--	--	--	--
--	--	--	--
--	--	--	--
--	--	--	--
--	--	--	--
--	--	--	--
--	--	--	--
--	--	--	--
--	--	--	--
--	--	--	--
--	--	--	--
--	--	--	--
--	--	--	--
--	--	--	--
--	--	--	--
--	--	--	--
--	--	--	--
--	--	--	--
--	--	--	--
--	--	--	--
--	--	--	--
--	--	--	--
--	--	--	--
--	--	--	--
--	--	--	--
--	--	--	--
--	--	--	--
--	--	--	--
--	--	--	--
--	--	--	--
--	--	--	--
--	--	--	--
--	--	--	--
--	--	--	--
--	--	--	--
--	--	--	--
--	--	--	--
--	--	--	--
--	--	--	--
--	--	--	--
--	--	--	--
--	--	--	--
--	--	--	--
--	--	--	--
--	--	--	--
--	--	--	--
--	--	--	--
--	--	--	--
--	--	--	--
--	--	--	--
--	--	--	--
--	--	--	--
--	--	--	--
--	--	--	--
--	--	--	--
--	--	--	--
--	--	--	--
--	--	--	--
--	--	--	--
--	--	--	--
--	--	--	--
--	--	--	--
--	--	--	--
--	--	--	--
--	--	--	--
--	--	--	--
--	--	--	--
--	--	--	--
--	--	--	--
--	--	--	--
--	--	--	--
--	--	--	--
--	--	--	--
--	--	--	--
--	--	--	--
--	--	--	--
--	--	--	--
--	--	--	--
--	--	--	--
--	--	--	--
--	--	--	--
--	--	--	--
--	--	--	--
--	--	--	--
--	--	--	--
--	--	--	--
--	--	--	--
--	--	--	--
--	--	--	--
--	--	--	--
--	--	--	--
--	--	--	--
--	--	--	--
--	--	--	--
--	--	--	--
--	--	--	--
--	--	--	--
--	--	--	--
--	--	--	--
--	--	--	--
--	--	--	--
--	--	--	--
--	--	--	--
--	--	--	--
--	--	--	--
--	--	--	--
--	--	--	--
--	--	--	--
--	--	--	--
--	--	--	--
--	--	--	--
--	--	--	--
--	--	--	--
--	--	--	--
--	--	--	--
--	--	--	--
--	--	--	--
--	--	--	--
--	--	--	--
--	--	--	--
--	--	--	--
--	--	--	--
--	--	--	--
--	--	--	--
--	--	--	--
--	--	--	--
--	--	--	--
--	--	--	--
--	--	--	--
--	--	--	--
--	--	--	--
--	--	--	--
--	--	--	--
--	--	--	--
--	--	--	--
--	--	--	--
--	--	--	--
--	--	--	--
--	--	--	--
--	--	--	--
--	--	--	--
--	--	--	--
--	--	--	--
--	--	--	--
--	--	--	--
--	--	--	--
--	--	--	--
--	--	--	--
--	--	--	--
--	--	--	--
--	--	--	--
--	--	--	--
--	--	--	--
--	--	--	--
--	--	--	--
--	--	--	--
--	--	--	--
--	--	--	--
--	--	--	--
--	--	--	--
--	--	--	--
--	--	--	--
--	--	--	--
--	--	--	--
--	--	--	--
--	--	--	--
--	--	--	--
--	--	--	--
--	--	--	--
--	--	--	--
--	--	--	--
--	--	--	--
--	--	--	--
--	--	--	--
--	--	--	--
--	--	--	--
--	--	--	--
--	--	--	--
--	--	--	--
--	--	--	--
--	--	--	--
--	--	--	--
--	--	--	--
--	--	--	--
--	--	--	--
--	--	--	--
--	--	--	--
--	--	--	--
--	--	--	--
--	--	--	--
--	--	--	--
--	--	--	--
--	--	--	--
--	--	--	--
--	--	--	--
--	--	--	--
--	--	--	--
--	--	--	--
--	--	--	--
--	--	--	--
--	--	--	--
--	--	--	--
--	--	--	--
--	--	--	--
--	--	--	--
--	--	--	--
--	--	--	--
--	--	--	--
--	--	--	--
--	--	--	--
--	--	--	--
--	--	--	--
--	--	--	--
--	--	--	--
--	--	--	--
--	--	--	--
--	--	--	--
--	--	--	--
--	--	--	--
--	--	--	--
--	--	--	--
--	--	--	--
--	--	--	--
--	--	--	--
--	--	--	--
--	--	--	--
--	--	--	--
--	--	--	--
--	--	--	--
--	--	--	--
--	--	--	--
--	--	--	--
--	--	--	--
--	--	--	--
--	--	--	--
--	--	--	--
--	--	--	--
--	--	--	--
--	--	--	--
--	--	--	--
--	--	--	--
--	--	--	--
--	--	--	--
--	--	--	--
--	--	--	--
--	--	--	--
--	--	--	--
--	--	--	--
--	--	--	--
--	--	--	--
--	--	--	--
--	--	--	--
--	--	--	--
--	--	--	--
--	--	--	--
--	--	--	--
--	--	--	--
--	--	--	--
--	--	--	--
--	--	--	--
--	--	--	--
--	--	--	--
--	--	--	--
--	--	--	--
--	--	--	--
--	--	--	--
--	--	--	--
--	--	--	--
--	--	--	--
--	--	--	--
--	--	--	--
--	--	--	--
--	--	--	--
--	--	--	--
--	--	--	--
--	--	--	--
--	--	--	--
--	--	--	--
--	--	--	--
--	--	--	--
--	--	--	--
--	--	--	--
--	--	--	--
--	--	--	--
--	--	--	--
--	--	--	--
--	--	--	--
--	--	--	--
--	--	--	--
--	--	--	--
--	--	--	--
--	--	--	--
--	--	--	--
--	--	--	--
--	--	--	--
--	--	--	--
--	--	--	--
--	--	--	--
--	--	--	--
--	--	--	--
--	--	--	--
--	--	--	--
--	--	--	--
--	--	--	--
--	--	--	--
--	--	--	--
--	--	--	--
--	--	--	--
--	--	--	--
--	--	--	--
--	--	--	--
--	--	--	--
--	--	--	--
--	--	--	--
--	--	--	--
--	--	--	--
--	--	--	--
--	--	--	--
--	--	--	--
--	--	--	--
--	--	--	--
--	--	--	--
--	--	--	--
--	--	--	--
--	--	--	--
--	--	--	--
--	--	--	--
--	--	--	--
--	--	--	--
--	--	--	--
--	--	--	--
--	--	--	--
--	--	--	--
--	--	--	--
--	--	--	--
--	--	--	--
--	--	--	--
--	--	--	--
--	--	--	--
--	--	--	--
--	--	--	--
--	--	--	--
--	--	--	--
--	--	--	--
--	--	--	--
--	--	--	--
--	--	--	--
--	--	--	--
--	--	--	--
--	--	--	--
--	--	--	--
--	--	--	--
--	--	--	--
--	--	--	--
--	--	--	--
--	--	--	--
--	--	--	--
--	--	--	--
--	--	--	--
--	--	--	--
--	--	--	--
--	--	--	--
--	--	--	--
--	--	--	--
--	--	--	--
--	--	--	--
--	--	--	--
--	--	--	--
--	--	--	--
--	--	--	--
--	--	--	--
--	--	--	--
--	--	--	--
--	--	--	--
--	--	--	--
--	--	--	--
--	--	--	--
--	--	--	--
--	--	--	--
--	--	--	--
--	--	--	--
--	--	--	--
--	--	--	--
--	--	--	--
--	--	--	--
--	--	--	--
--	--	--	--
--	--	--	--
--	--	--	--
--	--	--	--
--	--	--	--
--	--	--	--
--	--	--	--
--	--	--	--
--	--	--	--
--	--	--	--
--	--	--	--
--	--	--	--
--	--	--	--
--	--	--	--
--	--	--	--
--	--	--	--
--	--	--	--
--	--	--	--
--	--	--	--
--	--	--	--
--	--	--	--
--	--	--	--
--	--	--	--
--	--	--	--
--	--	--	--
--	--	--	--
--	--	--	--
--	--	--	--
--	--	--	--
--	--	--	--
--	--	--	--
--	--	--	--
--	--	--	--
--	--	--	--
--	--	--	--
--	--	--	--
--	--	--	--
--	--	--	--
--	--	--	--
--	--	--	--
--	--	--	--
--	--	--	--
--	--	--	--
--	--	--	--
--	--	--	--
--	--	--	--
--	--	--	--
--	--	--	--
--	--	--	--
--	--	--	--
--	--	--	--
--	--	--	--
--	--	--	--
--	--	--	--
--	--	--	--
--	--	--	--
--	--	--	--
--	--	--	--
--	--	--	--
--	--	--	--
--	--	--	--
--	--	--	--
--	--	--	--
--	--	--	--
--	--	--	--
--	--	--	--
--	--	--	--
--	--	--	--
--	--	--	--
--	--	--	--
--	--	--	--
--	--	--	--
--	--	--	--
--	--	--	--
--	--	--	--
--	--	--	--
--	--	--	--
--	--	--	--
--	--	--	--
--	--	--	--
--	--	--	--
--	--	--	--
--	--	--	--
--	--	--	--
--	--	--	--
--	--	--	--
--	--	--	--
--	--	--	--
--	--	--	--
--	--	--	--
--	--	--	--
--	--	--	--
--	--	--	--
--	--	--	--
--	--	--	--
--	--	--	--
--	--	--	--
--	--	--	--
--	--	--	--
--	--	--	--
--	--	--	--
--	--	--	--
--	--	--	--
--	--	--	--
--	--	--	--
--	--	--	--
--	--	--	--
--	--	--	--
--	--	--	--
--	--	--	--
--	--	--	--
--	--	--	--
--	--	--	--
--	--	--	--
--	--	--	--
--	--	--	--
--	--	--	--
--	--	--	--
--	--	--	--
--	--	--	--
--	--	--	--
--	--	--	--
--	--	--	--
--	--	--	--
--	--	--	--
--	--	--	--
--	--	--	--
--	--	--	--
--	--	--	--
--	--	--	--
--	--	--	--
--	--	--	--
--	--	--	--
--	--	--	--
--	--	--	--
--	--	--	--
--	--	--	--
--	--	--	--
--	--	--	--
--	--	--	--
--	--	--	--
--	--	--	--
--	--	--	--
--	--	--	--
--	--	--	--
--	--	--	--
--	--	--	--
--	--	--	--
--	--	--	--
--	--	--	--
--	--	--	--
--	--	--	--
--	--	--	--
--	--	--	--
--	--	--	--
--	--	--	--
--	--	--	--
--	--	--	--
--	--	--	--
--	--	--	--
--	--	--	--
--	--	--	--
--	--	--	--
--	--	--	--
--	--	--	--
--	--	--	--
--	--	--	--
--	--	--	--
--	--	--	--
--	--	--	--
--	--	--	--
--	--	--	--
--	--	--	--
--	--	--	--
--	--	--	--
--	--	--	--
--	--	--	--
--	--	--	--
--	--	--	--
--	--	--	--
--	--	--	--
--	--	--	--
--	--	--	--
--	--	--	--
--	--	--	--
--	--	--	--
--	--	--	--
--	--	--	--
--	--	--	--
--	--	--	--
--	--	--	--
--	--	--	--
--	--	--	--
--	--	--	--
--	--	--	--
--	--	--	--
--	--	--	--
--	--	--	--
--	--	--	--
--	--	--	--
--	--	--	--
--	--	--	--
--	--	--	--
--	--	--	--
--	--	--	--
--	--	--	--
--	--	--	--
--	--	--	--
--	--	--	--
--	--	--	--
--	--	--	--
--	--	--	--
--	--	--	--
--	--	--	--
--	--	--	--
--	--	--	--
--	--	--	--
--	--	--	--
--	--	--	--
--	--	--	--
--	--	--	--
--	--	--	--
--	--	--	--
--	--	--	--
--	--	--	--
--	--	--	--
--	--	--	--
--	--	--	--
--	--	--	--
--	--	--	--
--	--	--	--
--	--	--	--
--	--	--	--
--	--	--	--
--	--	--	--
--	--	--	--
--	--	--	--
--	--	--	--
--	--	--	--
--	--	--	--
--	--	--	--
--	--	--	--
--	--	--	--
--	--	--	--
--	--	--	--
--	--	--	--
--	--	--	--
--	--	--	--
--	--	--	--
--	--	--	--
--	--	--	--
--	--	--	--
--	--	--	--
--	--	--	--
--	--	--	--
--	--	--	--
--	--	--	--
--	--	--	--
--	--	--	--
--	--	--	--
--	--	--	--
--	--	--	--
--	--	--	--
--	--	--	--
--	--	--	--
--	--	--	--
--	--	--	--
--	--	--	--
--	--	--	--
--	--	--	--
--	--	--	--
--	--	--	--
--	--	--	--
--	--	--	--
--	--	--	--
--	--	--	--
--	--	--	--
--	--	--	--
--	--	--	--
--	--	--	--
--	--	--	--
--	--	--	--
--	--	--	--
--	--	--	--
--	--	--	--
--	--	--	--
--	--	--	--
--	--	--	--
--	--	--	--
--	--	--	--
--	--	--	--
--	--	--	--
--	--	--	--
--	--	--	--
--	--	--	--
--	--	--	--
--	--	--	--
--	--	--	--
--	--	--	--
--	--	--	--
--	--	--	--
--	--	--	--
--	--	--	--
--	--	--	--
--	--	--	--
--	--	--	--
--	--	--	--
--	--	--	--
--	--	--	--
--	--	--	--
--	--	--	--
--	--	--	--
--	--	--	--
--	--	--	--
--	--	--	--
--	--	--	--
--	--	--	--
--	--	--	--
--	--	--	--
--	--	--	--
--	--	--	--
--	--	--	--
--	--	--	--
--	--	--	--
--	--	--	--
--	--	--	--
--	--	--	--
--	--	--	--
--	--	--	--
--	--	--	--
--	--	--	--
--	--	--	--
--	--	--	--
--	--	--	--
--	--	--	--
--	--	--	--
--	--	--	--
--	--	--	--
--	--	--	--
--	--	--	--
--	--	--	--
--	--	--	--
--	--	--	--
--	--	--	--
--	--	--	--
--	--	--	--
--	--	--	--
--	--	--	--
--	--	--	--
--	--	--	--
--	--	--	--
--	--	--	--
--	--	--	--
--	--	--	--
--	--	--	--
--	--	--	--
--	--	--	--
--	--	--	--
--	--	--	--
--	--	--	--
--	--	--	--
--	--	--	--
--	--	--	--
--	--	--	--
--	--	--	--
--	--	--	--
--	--	--	--
--	--	--	--
--	--	--	--
--	--	--	--
--	--	--	--
--	--	--	--
--	--	--	--
--	--	--	--
--	--	--	--
--	--	--	--
--	--	--	--
--	--	--	--
--	--	--	--
--	--	--	--
--	--	--	--
--	--	--	--
--	--	--	--
--	--	--	--
--	--	--	--
--	--	--	--
--	--	--	--
--	--	--	--
--	--	--	--
--	--	--	--
--	--	--	--
--	--	--	--
--	--	--	--
--	--	--	--
--	--	--	--
--	--	--	--
--	--	--	--
--	--	--	--
--	--	--	--
--	--	--	--
--	--	--	--
--	--	--	--
--	--	--	--
--	--	--	--
--	--	--	--
--	--	--	--
--	--	--	--
--	--	--	--
--	--	--	--
--	--	--	--
--	--	--	--
--	--	--	--
--	--	--	--
--	--	--	--
--	--	--	--
--	--	--	--
--	--	--	--
--	--	--	--
--	--	--	--
--	--	--	--
--	--	--	--
--	--	--	--
--	--	--	--
--	--	--	--
--	--	--	--
--	--	--	--
--	--	--	--
--	--	--	--
--	--	--	--
--	--	--	--
--	--	--	--
--	--	--	--
--	--	--	--
--	--	--	--
--	--	--	--
--	--	--	--
--	--	--	--
--	--	--	--
--	--	--	--
--	--	--	--
--	--	--	--
--	--	--	--
--	--	--	--
--	--	--	--
--	--	--	--
--	--	--	--
--	--	--	--
--	--	--	--
--	--	--	--
--	--	--	--
--	--	--	--
--	--	--	--
--	--	--	--
--	--	--	--
--	--	--	--
--	--	--	--
--	--	--	--
--	--	--	--
--	--	--	--
--	--	--	--
--	--	--	--
--	--	--	--
--	--	--	--
--	--	--	--
--	--	--	--
--	--	--	--
--	--	--	--
--	--	--	--
--	--	--	--
--	--	--	--
--	--	--	--
--	--	--	--
--	--	--	--
--	--	--	--
--	--	--	--
--	--	--	--
--	--	--	--
--	--	--	--
--	--	--	--
--	--	--	--
--	--	--	--
--	--	--	--
--	--	--	--
--	--	--	--
--	--	--	--
--	--	--	--
--	--	--	--
--	--	--	--
--	--	--	--
--	--	--	--
--	--	--	--
--	--	--	--
--	--	--	--
--	--	--	--
--	--	--	--
--	--	--	--
--	--	--	--
--	--	--	--
--	--	--	--
--	--	--	--
--	--	--	--
--	--	--	--
--	--	--	--
--	--	--	--
--	--	--	--
--	--	--	--
--	--	--	--
--	--	--	--
--	--	--	--
--	--	--	--
--	--	--	--
--	--	--	--
--	--	--	--
--	--	--	--
--	--	--	--
--	--	--	--
--	--	--	--
--	--	--	--
--	--	--	--
--	--	--	--
--	--	--	--
--	--	--	--
--	--	--	--
--	--	--	--
--	--	--	--
--	--	--	--
--	--	--	--
--	--	--	--
--	--	--	--
--	--	--	--
--	--	--	--
--	--	--	--
--	--	--	--
--	--	--	--
--	--	--	--
--	--	--	--
--	--	--	--
--	--	--	--
--	--	--	--
--	--	--	--
--	--	--	--
--	--	--	--
--	--	--	--
--	--	--	--
--	--	--	--
--	--	--	--
--	--	--	--
--	--	--	--
--	--	--	--
--	--	--	--
--	--	--	--
--	--	--	--
--	--	--	--
--	--	--	--
--	--	--	--
--	--	--	--
--	--	--	--
--	--	--	--
--	--	--	--
--	--	--	--
--	--	--	--
--	--	--	--
--	--	--	--
--	--	--	--
--	--	--	--
--	--	--	--
--	--	--	--
--	--	--	--
--	--	--	--
--	--	--	--
--	--	--	--
--	--	--	--
--	--	--	--
--	--	--	--
--	--	--	--
--	--	--	--
--	--	--	--
--	--	--	--
--	--	--	--
--	--	--	--
--	--	--	--
--	--	--	--
--	--	--	--
--	--	--	--
--	--	--	--
--	--	--	--
--	--	--	--
--	--	--	--
--	--	--	--
--	--	--	--
--	--	--	--
--	--	--	--
--	--	--	--
--	--	--	--
--	--	--	--
--	--	--	--
--	--	--	--
--	--	--	--
--	--	--	--
--	--	--	--
--	--	--	--
--	--	--	--
--	--	--	--
--	--	--	--
--	--	--	--
--	--	--	--
--	--	--	--
--	--	--	--
--	--	--	--
--	--	--	--
--	--	--	--
--	--	--	--
--	--	--	--
--	--	--	--
--	--	--	--
--	--	--	--
--	--	--	--
--	--	--	--
--	--	--	--
--	--	--	--
--	--	--	--
--	--	--	--
--	--	--	--
--	--	--	--
--	--	--	--
--	--	--	--
--	--	--	--
--	--	--	--
--	--	--	--
--	--	--	--
--	--	--	--
--	--	--	--
--	--	--	--
--	--	--	--
--	--	--	--
--	--	--	--
--	--	--	--
--	--	--	--
--	--	--	--
--	--	--	--
--	--	--	--
--	--	--	--
--	--	--	--
--	--	--	--
--	--	--	--
--	--	--	--
--	--	--	--
--	--	--	--
--	--	--	--
--	--	--	--
--	--	--	--
--	--	--	--
--	--	--	--
--	--	--	--
--	--	--	--
--	--	--	--
--	--	--	--
--	--	--	--
--	--	--	--
--	--	--	--
--	--	--	--
--	--	--	--
--	--	--	--
--	--	--	--
--	--	--	--
--	--	--	--
--	--	--	--
--	--	--	--
--	--	--	--
--	--	--	--
--	--	--	--
--	--	--	--
--	--	--	--
--	--	--	--
--	--	--	--
--	--	--	--
--	--	--	--
--	--	--	--
--	--	--	--
--	--	--	--
--	--	--	--
--	--	--	--
--	--	--	--
--	--	--	--
--	--	--	--
--	--	--	--
--	--	--	--
--	--	--	--
--	--	--	--
--	--	--	--
--	--	--	--
--	--	--	--
--	--	--	--
--	--	--	--
--	--	--	--
--	--	--	--
--	--	--	--
--	--	--	--
--	--	--	--
--	--	--	--
--	--	--	--
--	--	--	--
--	--	--	--
--	--	--	--
--	--	--	--
--	--	--	--
--	--	--	--
--	--	--	--
--	--	--	--
--	--	--	--
--	--	--	--
--	--	--	--
--	--	--	--
--	--	--	--
--	--	--	--
--	--	--	--
--	--	--	--
--	--	--	--
--	--	--	--
--	--	--	--
--	--	--	--
--	--	--	--
--	--	--	--
--	--	--	--
--	--	--	--
--	--	--	--
--	--	--	--
--	--	--	--
--	--	--	--
--	--	--	--
--	--	--	--
--	--	--	--
--	--	--	--
--	--	--	--
--	--	--	--
--	--	--	--
--	--	--	--
--	--	--	--
--	--	--	--
--	--	--	--
--	--	--	--
--	--	--	--
--	--	--	--
--	--	--	--
--	--	--	--
--	--	--	--
--	--	--	--
--	--	--	--
--	--	--	--
--	--	--	--
--	--	--	--
--	--	--	--
--	--	--	--
--	--	--	--
--	--	--	--
--	--	--	--
--	--	--	--
--	--	--	--
--	--	--	--
--	--	--	--
--	--	--	--
--	--	--	--
--	--	--	--
--	--	--	--
--	--	--	--
--	--	--	--
--	--	--	--
--	--	--	--
--	--	--	--
--	--	--	--
--	--	--	--
--	--	--	--
--	--	--	--
--	--	--	--
--	--	--	--
--	--	--	--
--	--	--	--
--	--	--	--
--	--	--	--
--	--	--	--
--	--	--	--
--	--	--	--
--	--	--	--
--	--	--	--
--	--	--	--
--	--	--	--
--	--	--	--
--	--	--	--
--	--	--	--
--	--	--	--
--	--	--	--
--	--	--	--
--	--	--	--
--	--	--	--
--	--	--	--
--	--	--	--
--	--	--	--
--	--	--	--
--	--	--	--
--	--	--	--
--	--	--	--
--	--	--	--
--	--	--	--
--	--	--	--
--	--	--	--
--	--	--	--
--	--	--	--
--	--	--	--
--	--	--	--
--	--	--	--
--	--	--	--
--	--	--	--
--	--	--	--
--	--	--	--
--	--	--	--
--	--	--	--
--	--	--	--
--	--	--	--
--	--	--	--
--	--	--	--
--	--	--	--
--	--	--	--
--	--	--	--
--	--	--	--
--	--	--	--
--	--	--	--
--	--	--	--
--	--	--	--
--	--	--	--
--	--	--	--
--	--	--	--
--	--	--	--
--	--	--	--
--	--	--	--
--	--	--	--
--	--	--	--
--	--	--	--
--	--	--	--
--	--	--	--
--	--	--	--
--	--	--	--
--	--	--	--
--	--	--	--
--	--	--	--
--	--	--	--
--	--	--	--
--	--	--	--
--	--	--	--
--	--	--	--
--	--	--	--
--	--	--	--
--	--	--	--
--	--	--	--
--	--	--	--
--	--	--	--
--	--	--	--
--	--	--	--
--	--	--	--
--	--	--	--
--	--	--	--
--	--	--	--
--	--	--	--
--	--	--	--
--	--	--	--
--	--	--	--
--	--	--	--
--	--	--	--
--	--	--	--
--	--	--	--
--	--	--	--
--	--	--	--
--	--	--	--
--	--	--	--
--	--	--	--
--	--	--	--
--	--	--	--
--	--	--	--
--	--	--	--
--	--	--	--
--	--	--	--
--	--	--	--
--	--	--	--
--	--	--	--
--	--	--	--
--	--	--	--
--	--	--	--
--	--	--	--
--	--	--	--
--	--	--	--
--	--	--	--
--	--	--	--
--	--	--	--
--	--	--	--
--	--	--	--
--	--	--	--
--	--	--	--
--	--	--	--
--	--	--	--
--	--	--	--
--	--	--	--
--	--	--	--
--	--	--	--
--	--	--	--
--	--	--	--
--	--	--	--
--	--	--	--
--	--	--	--
--	--	--	--
--	--	--	--
--	--	--	--
--	--	--	--
--	--	--	--
--	--	--	--
--	--	--	--
--	--	--	--
--	--	--	--
--	--	--	--
--	--	--	--
--	--	--	--
--	--	--	--
--	--	--	--
--	--	--	--
--	--	--	--
--	--	--	--
--	--	--	--
--	--	--	--
--	--	--	--
--	--	--	--
--	--	--	--
--	--	--	--
--	--	--	--
--	--	--	--
--	--	--	--
--	--	--	--
--	--	--	--
--	--	--	--
--	--	--	--
--	--	--	--
--	--	--	--
--	--	--	--
--	--	--	--
--	--	--	--
--	--	--	--
--	--	--	--
--	--	--	--
--	--	--	--
--	--	--	--
--	--	--	--
--	--	--	--
--	--	--	--
--	--	--	--
--	--	--	--
--	--	--	--
--	--	--	--
--	--	--	--
--	--	--	--
--	--	--	--
--	--	--	--
--	--	--	--
--	--	--	--
--	--	--	--
--	--	--	--
--	--	--	--
--	--	--	--
--	--	--	--
--	--	--	--
--	--	--	--
--	--	--	--
--	--	--	--
--	--	--	--
--	--	--	--
--	--	--	--
--	--	--	--
--	--	--	--
--	--	--	--
--	--	--	--
--	--	--	--
--	--	--	--
--	--	--	--
--	--	--	--
--	--	--	--
--	--	--	--
--	--	--	--
--	--	--	--
--	--	--	--
--	--	--	--
--	--	--	--
--	--	--	--
--	--	--	--
--	--	--	--
--	--	--	--
--	--	--	--
--	--	--	--
--	--	--	--
--	--	--	--
--	--	--	--
--	--	--	--
--	--	--	--
--	--	--	--
--	--	--	--
--	--	--	--
--	--	--	--
--	--	--	--
--	--	--	--
--	--	--	--
--	--	--	--
--	--	--	--
--	--	--	--
--	--	--	--
--	--	--	--
--	--	--	--
--	--	--	--
--	--	--	--
--	--	--	--
--	--	--	--
--	--	--	--
--	--	--	--
--	--	--	--
--	--	--	--
--	--	--	--
--	--	--	--
--	--	--	--
--	--	--	--
--	--	--	--
--	--	--	--
--	--	--	--
--	--	--	--
--	--	--	--
--	--	--	--
--	--	--	--
--	--	--	--
--	--	--	--
--	--	--	--
--	--	--	--
--	--	--	--
--	--	--	--
--	--	--	--
--	--	--	--
--	--	--	--
--	--	--	--
--	--	--	--
--	--	--	--
--	--	--	--
--	--	--	--
--	--	--	--
--	--	--	--
--	--	--	--
--	--	--	--
--	--	--	--
--	--	--	--
--	--	--	--
--	--	--	--
--	--	--	--
--	--	--	--
--	--	--	--
--	--	--	--
--	--	--	--
--	--	--	--
--	--	--	--
--	--	--	--
--	--	--	--
--	--	--	--
--	--	--	--
--	--	--	--
--	--	--	--
--	--	--	--
--	--	--	--
--	--	--	--
--	--	--	--
--	--	--	--
--	--	--	--
--	--	--	--
--	--	--	--
--	--	--	--
--	--	--	--
--	--	--	--
--	--	--	--
--	--	--	--
--	--	--	--
--	--	--	--
--	--	--	--
--	--	--	--
--	--	--	--
--	--	--	--
--	--	--	--
--	--	--	--
--	--	--	--
--	--	--	--
--	--	--	--
--	--	--	--
--	--	--	--
--	--	--	--
--	--	--	--
--	--	--	--
--	--	--	--
--	--	--	--
--	--	--	--
--	--	--	--
--	--	--	--
--	--	--	--
--	--	--	--
--	--	--	--
--	--	--	--
--	--	--	--
--	--	--	--
--	--	--	--
--	--	--	--
--	--	--	--
--	--	--	--
--	--	--	--
--	--	--	--
--	--	--	--
--	--	--	--
--	--	--	--
--	--	--	--
--	--	--	--
--	--	--	--
--	--	--	--
--	--	--	--
--	--	--	--
--	--	--	--
--	--	--	--
--	--	--	--
--	--	--	--
--	--	--	--
--	--	--	--
--	--	--	--
--	--	--	--
--	--	--	--
--	--	--	--
--	--	--	--
--	--	--	--
--	--	--	--
--	--	--	--
--	--	--	--
--	--	--	--
--	--	--	--
--	--	--	--
--	--	--	--
--	--	--	--
--	--	--	--
--	--	--	--
--	--	--	--
--	--	--	--
--	--	--	--
--	--	--	--
--	--	--	--
--	--	--	--
--	--	--	--
--	--	--	--
--	--	--	--
--	--	--	--
--	--	--	--
--	--	--	--
--	--	--	--
--	--	--	--
--	--	--	--
--	--	--	--
--	--	--	--
--	--	--	--
--	--	--	--
--	--	--	--
--	--	--	--
--	--	--	--
--	--	--	--
--	--	--	--
--	--	--	--
--	--	--	--
--	--	--	--
--	--	--	--
--	--	--	--
--	--	--	--
--	--	--	--
--	--	--	--
--	--	--	--
--	--	--	--
--	--	--	--
--	--	--	--
--	--	--	--
--	--	--	--
--	--	--	--
--	--	--	--
--	--	--	--
--	--	--	--
--	--	--	--
--	--	--	--
--	--	--	--
--	--	--	--
--	--	--	--
--	--	--	--
--	--	--	--
--	--	--	--
--	--	--	--
--	--	--	--
--	--	--	--
--	--	--	--
--	--	--	--
--	--	--	--
--	--	--	--
--	--	--	--
--	--	--	--
--	--	--	--
--	--	--	--
--	--	--	--
--	--	--	--
--	--	--	--
--	--	--	--
--	--	--	--
--	--	--	--
--	--	--	--
--	--	--	--
--	--	--	--
--	--	--	--
--	--	--	--
--	--	--	--
--	--	--	--
--	--	--	--
--	--	--	--
--	--	--	--
--	--	--	--
--	--	--	--
--	--	--	--
--	--	--	--
--	--	--	--
--	--	--	--
--	--	--	--
--	--	--	--
--	--	--	--
--	--	--	--
--	--	--	--
--	--	--	--
--	--	--	--
--	--	--	--
--	--	--	--
--	--	--	--
--	--	--	--
--	--	--	--
--	--	--	--
--	--	--	--
--	--	--	--
--	--	--	--
--	--	--	--
--	--	--	--
--	--	--	--
--	--	--	--
--	--	--	--
--	--	--	--
--	--	--	--
--	--	--	--
--	--	--	--
--	--	--	--
--	--	--	--
--	--	--	--
--	--	--	--
--	--	--	--
--	--	--	--
--	--	--	--
--	--	--	--
--	--	--	--
--	--	--	--
--	--	--	--
--	--	--	--
--	--	--	--
--	--	--	--
--	--	--	--
--	--	--	--
--	--	--	--
--	--	--	--
--	--	--	--
--	--	--	--
--	--	--	--
--	--	--	--
--	--	--	--
--	--	--	--
--	--	--	--
--	--	--	--
--	--	--	--
--	--	--	--
--	--	--	--
--	--	--	--
--	--	--	--
--	--	--	--
--	--	--	--
--	--	--	--
--	--	--	--
--	--	--	--
--	--	--	--
--	--	--	--
--	--	--	--
--	--	--	--
--	--	--	--
--	--	--	--
--	--	--	--
--	--	--	--
--	--	--	--
--	--	--	--
--	--	--	--
--	--	--	--
--	--	--	--
--	--	--	--
--	--	--	--
--	--	--	--
--	--	--	--
--	--	--	--
--	--	--	--
--	--	--	--
--	--	--	--
--	--	--	--
--	--	--	--
--	--	--	--
--	--	--	--
--	--	--	--
--	--	--	--
--	--	--	--
--	--	--	--
--	--	--	--
--	--	--	--
--	--	--	--
--	--	--	--
--	--	--	--
--	--	--	--
--	--	--	--
--	--	--	--
--	--	--	--
--	--	--	--
--	--	--	--
--	--	--	--
--	--	--	--
--	--	--	--
--	--	--	--
--	--	--	--
--	--	--	--
--	--	--	--
--	--	--	--
--	--	--	--
--	--	--	--
--	--	--	--
--	--	--	--
--	--	--	--
--	--	--	--
--	--	--	--
--	--	--	--
--	--	--	--
--	--	--	--
--	--	--	--
--	--	--	--
--	--	--	--
--	--	--	--
--	--	--	--
--	--	--	--
--	--	--	--
--	--	--	--
--	--	--	--
--	--	--	--
--	--	--	--
--	--	--	--
--	--	--	--
--	--	--	--
--	--	--	--
--	--	--	--
--	--	--	--
--	--	--	--
--	--	--	--
--	--	--	--
--	--	--	--
--	--	--	--
--	--	--	--
--	--	--	--
--	--	--	--
--	--	--	--
--	--	--	--
--	--	--	--
--	--	--	--
--	--	--	--
--	--	--	--
--	--	--	--
--	--	--	--
--	--	--	--
--	--	--	--
--	--	--	--
--	--	--	--
--	--	--	--
--	--	--	--
--	--	--	--
--	--	--	--
--	--	--	--
--	--	--	--
--	--	--	--
--	--	--	--
--	--	--	--
--	--	--	--
--	--	--	--
--	--	--	--
--	--	--	--
--	--	--	--
--	--	--	--
--	--	--	--
--	--	--	--
--	--	--	--
--	--	--	--
--	--	--	--
--	--	--	--
--	--	--	--
--	--	--	--
--	--	--	--
--	--	--	--
--	--	--	--
--	--	--	--
--	--	--	--
--	--	--	--
--	--	--	--
--	--	--	--
--	--	--	--
--	--	--	--
--	--	--	--
--	--	--	--
--	--	--	--
--	--	--	--
--	--	--	--
--	--	--	--
--	--	--	--
--	--	--	--
--	--	--	--
--	--	--	--
--	--	--	--
--	--	--	--
--	--	--	--
--	--	--	--
--	--	--	--
--	--	--	--
--	--	--	--
--	--	--	--
--	--	--	--
--	--	--	--
--	--	--	--
--	--	--	--
--	--	--	--
--	--	--	--
--	--	--	--
--	--	--	--
--	--	--	--
--	--	--	--
--	--	--	--
--	--	--	--
--	--	--	--
--	--	--	--
--	--	--	--
--	--	--	--
--	--	--	--
--	--	--	--
--	--	--	--
--	--	--	--
--	--	--	--
--	--	--	--
--	--	--	--
--	--	--	--
--	--	--	--
--	--	--	--
--	--	--	--
--	--	--	--
--	--	--	--
--	--	--	--
--	--	--	--
--	--	--	--
--	--	--	--
--	--	--	--
--	--	--	--
--	--	--	--
--	--	--	--
--	--	--	--
--	--	--	--
--	--	--	--
--	--	--	--
--	--	--	--
--	--	--	--
--	--	--	--
--	--	--	--
--	--	--	--
--	--	--	--
--	--	--	--
--	--	--	--
--	--	--	--
--	--	--	--
--	--	--	--
--	--	--	--
--	--	--	--
--	--	--	--
--	--	--	--
--	--	--	--
--	--	--	--
--	--	--	--
--	--	--	--
--	--	--	--
--	--	--	--
--	--	--	--
--	--	--	--
--	--	--	--
--	--	--	--
--	--	--	--
--	--	--	--
--	--	--	--
--	--	--	--
--	--	--	--
--	--	--	--
--	--	--	--
--	--	--	--
--	--	--	--
--	--	--	--
--	--	--	--
--	--	--	--
--	--	--	--
--	--	--	--
--	--	--	--
--	--	--	--
--	--	--	--
--	--	--	--
--	--	--	--
--	--	--	--
--	--	--	--
--	--	--	--
--	--	--	--
--	--	--	--
--	--	--	--
--	--	--	--
--	--	--	--
--	--	--	--
--	--	--	--
--	--	--	--
--	--	--	--
--	--	--	--
--	--	--	--
--	--	--	--
--	--	--	--
--	--	--	--
--	--	--	--
--	--	--	--
--	--	--	--
--	--	--	--
--	--	--	--
--	--	--	--
--	--	--	--
--	--	--	--
--	--	--	--
--	--	--	--
--	--	--	--
--	--	--	--
--	--	--	--
--	--	--	--
--	--	--	--
--	--	--	--
--	--	--	--
--	--	--	--
--	--	--	--
--	--	--	--
--	--	--	--
--	--	--	--
--	--	--	--
--	--	--	--
--	--	--	--
--	--	--	--
--	--	--	--
--	--	--	--
--	--	--	--
--	--	--	--
--	--	--	--
--	--	--	--
--	--	--	--
--	--	--	--
--	--	--	--
--	--	--	--
--	--	--	--
--	--	--	--
--	--	--	--
--	--	--	--
--	--	--	--
--	--	--	--
--	--	--	--
--	--	--	--
--	--	--	--
--	--	--	--
--	--	--	--
--	--	--	--
--	--	--	--
--	--	--	--
--	--	--	--
--	--	--	--
--	--	--	--
--	--	--	--
--	--	--	--
--	--	--	--
--	--	--	--
--	--	--	--
--	--	--	--
--	--	--	--
--	--	--	--
--	--	--	--
--	--	--	--
--	--	--	--
--	--	--	--
--	--	--	--
--	--	--	--
--	--	--	--
--	--	--	--
--	--	--	--
--	--	--	--
--	--	--	--
--	--	--	--
--	--	--	--
--	--	--	--
--	--	--	--
--	--	--	--
--	--	--	--
--	--	--	--
--	--	--	--
--	--	--	--
--	--	--	--
--	--	--	--
--	--	--	--
--	--	--	--
--	--	--	--
--	--	--	--
--	--	--	--
--	--	--	--
--	--	--	--
--	--	--	--
--	--	--	--
--	--	--	--
--	--	--	--
--	--	--	--
--	--	--	--
--	--	--	--
--	--	--	--
--	--	--	--
--	--	--	--
--	--	--	--
--	--	--	--
--	--	--	--
--	--	--	--
--	--	--	--
--	--	--	--
--	--	--	--
--	--	--	--
--	--	--	--
--	--	--	--
--	--	--	--
--	--	--	--
--	--	--	--
--	--	--	--
--	--	--	--
--	--	--	--
--	--	--	--
--	--	--	--
--	--	--	--
--	--	--	--
--	--	--	--
--	--	--	--
--	--	--	--
--	--	--	--
--	--	--	--
--	--	--	--
--	--	--	--
--	--	--	--
--	--	--	--
--	--	--	--
--	--	--	--
--	--	--	--
--	--	--	--
--	--	--	--
--	--	--	--
--	--	--	--
--	--	--	--
--	--	--	--
--	--	--	--
--	--	--	--
--	--	--	--
--	--	--	--
--	--	--	--
--	--	--	--
--	--	--	--
--	--	--	--
--	--	--	--
--	--	--	--
--	--	--	--
--	--	--	--
--	--	--	--
--	--	--	--
--	--	--	--
--	--	--	--
--	--	--	--
--	--	--	--
--	--	--	--
--	--	--	--
--	--	--	--
--	--	--	--
--	--	--	--
--	--	--	--
--	--	--	--
--	--	--	--
--	--	--	--
--	--	--	--
--	--	--	--
--	--	--	--
--	--	--	--
--	--	--	--
--	--	--	--
--	--	--	--
--	--	--	--
--	--	--	--
--	--	--	--
--	--	--	--
--	--	--	--
--	--	--	--
--	--	--	--
--	--	--	--
--	--	--	--
--	--	--	--
--	--	--	--
--	--	--	--
--	--	--	--
--	--	--	--
--	--	--	--
--	--	--	--
--	--	--	--
--	--	--	--
--	--	--	--
--	--	--	--
--	--	--	--
--	--	--	--
--	--	--	--
--	--	--	--
--	--	--	--
--	--	--	--
--	--	--	--
--	--	--	--
--	--	--	--
--	--	--	--
--	--	--	--
--	--	--	--
--	--	--	--
--	--	--	--
--	--	--	--
--	--	--	--
--	--	--	--
--	--	--	--
--	--	--	--
--	--	--	--
--	--	--	--
--	--	--	--
--	--	--	--
--	--	--	--
--	--	--	--
--	--	--	--
--	--	--	--
--	--	--	--
--	--	--	--
--	--	--	--
--	--	--	--
--	--	--	--
--	--	--	--
--	--	--	--
--	--	--	--
--	--	--	--
--	--	--	--
--	--	--	--
--	--	--	--
--	--	--	--
--	--	--	--
--	--	--	--
--	--	--	--
--	--	--	--
--	--	--	--
--	--	--	--
--	--	--	--
--	--	--	--
--	--	--	--
--	--	--	--
--	--	--	--
--	--	--	--
--	--	--	--
--	--	--	--
--	--	--	--
--	--	--	--
--	--	--	--
--	--	--	--
--	--	--	--
--	--	--	--
--	--	--	--
--	--	--	--
--	--	--	--
--	--	--	--
--	--	--	--
--	--	--	--
--	--	--	--
--	--	--	--
--	--	--	--
--	--	--	--
--	--	--	--
--	--	--	--
--	--	--	--
--	--	--	--
--	--	--	--
--	--	--	--
--	--	--	--
--	--	--	--
--	--	--	--
--	--	--	--
--	--	--	--
--	--	--	--
--	--	--	--
--	--	--	--
--	--	--	--
--	--	--	--
--	--	--	--
--	--	--	--
--	--	--	--
--	--	--	--
--	--	--	--
--	--	--	--
--	--	--	--
--	--	--	--
--	--	--	--
--	--	--	--
--	--	--	--
--	--	--	--
--	--	--	--
--	--	--	--
--	--	--	--
--	--	--	--
--	--	--	--
--	--	--	--
--	--	--	--
--	--	--	--
--	--	--	--
--	--	--	--
--	--	--	--
--	--	--	--
--	--	--	--
--	--	--	--
--	--	--	--
--	--	--	--
--	--	--	--
--	--	--	--
--	--	--	--
--	--	--	--
--	--	--	--
--	--	--	--
--	--	--	--
--	--	--	--
--	--	--	--
--	--	--	--
--	--	--	--
--	--	--	--
--	--	--	--
--	--	--	--
--	--	--	--
--	--	--	--
--	--	--	--
--	--	--	--
--	--	--	--
--	--	--	--
--	--	--	--
--	--	--	--
--	--	--	--
--	--	--	--
--	--	--	--
--	--	--	--
--	--	--	--
--	--	--	--
--	--	--	--
--	--	--	--
--	--	--	--
--	--	--	--
--	--	--	--
--	--	--	--
--	--	--	--
--	--	--	--
--	--	--	--
--	--	--	--
--	--	--	--
--	--	--	--
--	--	--	--
--	--	--	--
--	--	--	--
--	--	--	--
--	--	--	--
--	--	--	--
--	--	--	--
--	--	--	--
--	--	--	--
--	--	--	--
--	--	--	--
--	--	--	--
--	--	--	--
--	--	--	--
--	--	--	--
--	--	--	--
--	--	--	--
--	--	--	--
--	--	--	--
--	--	--	--
--	--	--	--
--	--	--	--
--	--	--	--
--	--	--	--
--	--	--	--
--	--	--	--
--	--	--	--
--	--	--	--
--	--	--	--
--	--	--	--
--	--	--	--
--	--	--	--
--	--	--	--
--	--	--	--
--	--	--	--
--	--	--	--
--	--	--	--
--	--	--	--
--	--	--	--
--	--	--	--
--	--	--	--
--	--	--	--
--	--	--	--
--	--	--	--
--	--	--	--
--	--	--	--
--	--	--	--
--	--	--	--
--	--	--	--
--	--	--	--
--	--	--	--
--	--	--	--
--	--	--	--
--	--	--	--
--	--	--	--
--	--	--	--
--	--	--	--
--	--	--	--
--	--	--	--
--	--	--	--
--	--	--	--
--	--	--	--
--	--	--	--
--	--	--	--
--	--	--	--
--	--	--	--
--	--	--	--
--	--	--	--
--	--	--	--
--	--	--	--
--	--	--	--
--	--	--	--
--	--	--	--
--	--	--	--
--	--	--	--
--	--	--	--
--	--	--	--
--	--	--	--
--	--	--	--
--	--	--	--
--	--	--	--
--	--	--	--
--	--	--	--
--	--	--	--
--	--	--	--
--	--	--	--
--	--	--	--
--	--	--	--
--	--	--	--
--	--	--	--
--	--	--	--
--	--	--	--
--	--	--	--
--	--	--	--
--	--	--	--
--	--	--	--
--	--	--	--
--	--	--	--
--	--	--	--
--	--	--	--
--	--	--	--
--	--	--	--
--	--	--	--
--	--	--	--
--	--	--	--
--	--	--	--
--	--	--	--
--	--	--	--
--	--	--	--
--	--	--	--
--	--	--	--
--	--	--	--
--	--	--	--
--	--	--	--
--	--	--	--
--	--	--	--
--	--	--	--
--	--	--	--
--	--	--	--
--	--	--	--
--	--	--	--
--	--	--	--
--	--	--	--
--	--	--	--
--	--	--	--
--	--	--	--
--	--	--	--
--	--	--	--
--	--	--	--
--	--	--	--
--	--	--	--
--	--	--	--
--	--	--	--
--	--	--	--
--	--	--	--
--	--	--	--
--	--	--	--
--	--	--	--
--	--	--	--
--	--	--	--
--	--	--	--
--	--	--	--
--	--	--	--
--	--	--	--
--	--	--	--
--	--	--	--
--	--	--	--
--	--	--	--
--	--	--	--
--	--	--	--
--	--	--	--
--	--	--	--
--	--	--	--
--	--	--	--
--	--	--	--
--	--	--	--
--	--	--	--
--	--	--	--
--	--	--	--
--	--	--	--
--	--	--	--
--	--	--	--
--	--	--	--
--	--	--	--
--	--	--	--
--	--	--	--
--	--	--	--
--	--	--	--
--	--	--	--
--	--	--	--
--	--	--	--
--	--	--	--
--	--	--	--
--	--	--	--
--	--	--	--
--	--	--	--
--	--	--	--
--	--	--	--
--	--	--	--
--	--	--	--
--	--	--	--
--	--	--	--
--	--	--	--
--	--	--	--
--	--	--	--
--	--	--	--
--	--	--	--
--	--	--	--
--	--	--	--
--	--	--	--
--	--	--	--
--	--	--	--
--	--	--	--
--	--	--	--
--	--	--	--
--	--	--	--
--	--	--	--
--	--	--	--
--	--	--	--
--	--	--	--
--	--	--	--
--	--	--	--
--	--	--	--
--	--	--	--
--	--	--	--
--	--	--	--
--	--	--	--
--	--	--	--
--	--	--	--
--	--	--	--
--	--	--	--
--	--	--	--
--	--	--	--
--	--	--	--
--	--	--	--
--	--	--	--
--	--	--	--
--	--	--	--
--	--	--	--
--	--	--	--
--	--	--	--
--	--	--	--
--	--	--	--
--	--	--	--
--	--	--	--
--	--	--	--
--	--	--	--
--	--	--	--
--	--	--	--
--	--	--	--
--	--	--	--
--	--	--	--
--	--	--	--
--	--	--	--
--	--	--	--
--	--	--	--
--	--	--	--
--	--	--	--
--	--	--	--
--	--	--	--
--	--	--	--
--	--	--	--
--	--	--	--
--	--	--	--
--	--	--	--
--	--	--	--
--	--	--	--
--	--	--	--
--	--	--	--
--	--	--	--
--	--	--	--
--	--	--	--
--	--	--	--
--	--	--	--
--	--	--	--
--	--	--	--
--	--	--	--
--	--	--	--
--	--	--	--
--	--	--	--
--	--	--	--
--	--	--	--
--	--	--	--
--	--	--	--
--	--	--	--
--	--	--	--
--	--	--	--
--	--	--	--
--	--	--	--
--	--	--	--
--	--	--	--
--	--	--	--
--	--	--	--
--	--	--	--
--	--	--	--
--	--	--	--
--	--	--	--
--	--	--	--
--	--	--	--
--	--	--	--
--	--	--	--
--	--	--	--
--	--	--	--
--	--	--	--
--	--	--	--
--	--	--	--
--	--	--	--
--	--	--	--
--	--	--	--
--	--	--	--
--	--	--	--
--	--	--	--
--	--	--	--
--	--	--	--
--	--	--	--
--	--	--	--
--	--	--	--
--	--	--	--
--	--	--	--
--	--	--	--
--	--	--	--
--	--	--	--
--	--	--	--
--	--	--	--
--	--	--	--
--	--	--	--
--	--	--	--
--	--	--	--
--	--	--	--
--	--	--	--
--	--	--	--
--	--	--	--
--	--	--	--
--	--	--	--
--	--	--	--
--	--	--	--
--	--	--	--
--	--	--	--
--	--	--	--
--	--	--	--
--	--	--	--
--	--	--	--
--	--	--	--
--	--	--	--
--	--	--	--
--	--	--	--
--	--	--	--
--	--	--	--
--	--	--	--
--	--	--	--
--	--	--	--
--	--	--	--
--	--	--	--
--	--	--	--
--	--	--	--
--	--	--	--
--	--	--	--
--	--	--	--
--	--	--	--
--	--	--	--
--	--	--	--
--	--	--	--
--	--	--	--
--	--	--	--
--	--	--	--
--	--	--	--
--	--	--	--
--	--	--	--
--	--	--	--
--	--	--	--
--	--	--	--
--	--	--	--
--	--	--	--
--	--	--	--
--	--	--	--
--	--	--	--
--	--	--	--
--	--	--	--
--	--	--	--
--	--	--	--
--	--	--	--
--	--	--	--
--	--	--	--
--	--	--	--
--	--	--	--
--	--	--	--
--	--	--	--
--	--	--	--
--	--	--	--
--	--	--	--
--	--	--	--
--	--	--	--
--	--	--	--
--	--	--	--
--	--	--	--
--	--	--	--
--	--	--	--
--	--	--	--
--	--	--	--
--	--	--	--
--	--	--	--
--	--	--	--
--	--	--	--
--	--	--	--
--	--	--	--
--	--	--	--
--	--	--	--
--	--	--	--
--	--	--	--
--	--	--	--
--	--	--	--
--	--	--	--
--	--	--	--
--	--	--	--
--	--	--	--
--	--	--	--
--	--	--	--
--	--	--	--
--	--	--	--
--	--	--	--
--	--	--	--
--	--	--	--
--	--	--	--
--	--	--	--
--	--	--	--
--	--	--	--
--	--	--	--
--	--	--	--
--	--	--	--
--	--	--	--
--	--	--	--
--	--	--	--
--	--	--	--
--	--	--	--
--	--	--	--
--	--	--	--
--	--	--	--
--	--	--	--
--	--	--	--
--	--	--	--
--	--	--	--
--	--	--	--
--	--	--	--
--	--	--	--
--	--	--	--
--	--	--	--
--	--	--	--
--	--	--	--
--	--	--	--
--	--	--	--
--	--	--	--
--	--	--	--
--	--	--	--
--	--	--	--
--	--	--	--
--	--	--	--
--	--	--	--
--	--	--	--
--	--	--	--
--	--	--	--
--	--	--	--
--	--	--	--
--	--	--	--
--	--	--	--
--	--	--	--
--	--	--	--
--	--	--	--
--	--	--	--
--	--	--	--
--	--	--	--
--	--	--	--
--	--	--	--
--	--	--	--
--	--	--	--
--	--	--	--
--	--	--	--
--	--	--	--
--	--	--	--
--	--	--	--
--	--	--	--
--	--	--	--
--	--	--	--
--	--	--	--
--	--	--	--
--	--	--	--
--	--	--	--
--	--	--	--
--	--	--	--
--	--	--	--
--	--	--	--
--	--	--	--
--	--	--	--
--	--	--	--
--	--	--	--
--	--	--	--
--	--	--	--
--	--	--	--
--	--	--	--
--	--	--	--
--	--	--	--
--	--	--	--
--	--	--	--
--	--	--	--
--	--	--	--
--	--	--	--
--	--	--	--
--	--	--	--
--	--	--	--
--	--	--	--
--	--	--	--
--	--	--	--
--	--	--	--
--	--	--	--
--	--	--	--
--	--	--	--
--	--	--	--
--	--	--	--
--	--	--	--
--	--	--	--
--	--	--	--
--	--	--	--
--	--	--	--
--	--	--	--
--	--	--	--
--	--	--	--
--	--	--	--
--	--	--	--
--	--	--	--
--	--	--	--
--	--	--	--
--	--	--	--
--	--	--	--
--	--	--	--
--	--	--	--
--	--	--	--
--	--	--	--
--	--	--	--
--	--	--	--
--	--	--	--
--	--	--	--
--	--	--	--
--	--	--	--
--	--	--	--
--	--	--	--
--	--	--	--
--	--	--	--
--	--	--	--
--	--	--	--
--	--	--	--
--	--	--	--
--	--	--	--
--	--	--	--
--	--	--	--
--	--	--	--
--	--	--	--
--	--	--	--
--	--	--	--
--	--	--	--
--	--	--	--
--	--	--	--
--	--	--	--
--	--	--	--
--	--	--	--
--	--	--	--
--	--	--	--
--	--	--	--
--	--	--	--
--	--	--	--
--	--	--	--
--	--	--	--
--	--	--	--
--	--	--	--
--	--	--	--
--	--	--	--
--	--	--	--
--	--	--	--
--	--	--	--
--	--	--	--
--	--	--	--
--	--	--	--
--	--	--	--
--	--	--	--
--	--	--	--
--	--	--	--
--	--	--	--
--	--	--	--
--	--	--	--
--	--	--	--
--	--	--	--
--	--	--	--
--	--	--	--
--	--	--	--
--	--	--	--
--	--	--	--
--	--	--	--
--	--	--	--
--	--	--	--
--	--	--	--
--	--	--	--
--	--	--	--
--	--	--	--
--	--	--	--
--	--	--	--
--	--	--	--
--	--	--	--
--	--	--	--
--	--	--	--
--	--	--	--
--	--	--	--
--	--	--	--
--	--	--	--
--	--	--	--
--	--	--	--
--	--	--	--
--	--	--	--
--	--	--	--
--	--	--	--
--	--	--	--
--	--	--	--
--	--	--	--
--	--	--	--
--	--	--	--
--	--	--	--
--	--	--	--
--	--	--	--
--	--	--	--
--	--	--	--
--	--	--	--
--	--	--	--
--	--	--	--
--	--	--	--
--	--	--	--
--	--	--	--
--	--	--	--
--	--	--	--
--	--	--	--
--	--	--	--
--	--	--	--
--	--	--	--
--	--	--	--
--	--	--	--
--	--	--	--
--	--	--	--
--	--	--	--
--	--	--	--
--	--	--	--
--	--	--	--
--	--	--	--
--	--	--	--
--	--	--	--
--	--	--	--
--	--	--	--
--	--	--	--
--	--	--	--
--	--	--	--
--	--	--	--
--	--	--	--
--	--	--	--
--	--	--	--
--	--	--	--
--	--	--	--
--	--	--	--
--	--	--	--
--	--	--	--
--	--	--	--
--	--	--	--
--	--	--	--
--	--	--	--
--	--	--	--
--	--	--	--
--	--	--	--
--	--	--	--
--	--	--	--
--	--	--	--
--	--	--	--
--	--	--	--
--	--	--	--
--	--	--	--
--	--	--	--
--	--	--	--
--	--	--	--
--	--	--	--
--	--	--	--
--	--	--	--
--	--	--	--
--	--	--	--
--	--	--	--
--	--	--	--
--	--	--	--
--	--	--	--
--	--	--	--
--	--	--	--
--	--	--	--
--	--	--	--
--	--	--	--
--	--	--	--
--	--	--	--
--	--	--	--
--	--	--	--
--	--	--	--
--	--	--	--
--	--	--	--
--	--	--	--
--	--	--	--
--	--	--	--
--	--	--	--
--	--	--	--
--	--	--	--
--	--	--	--
--	--	--	--
--	--	--	--
--	--	--	--
--	--	--	--
--	--	--	--
--	--	--	--
--	--	--	--
--	--	--	--
--	--	--	--
--	--	--	--
--	--	--	--
--	--	--	--
--	--	--	--
--	--	--	--
--	--	--	--
--	--	--	--
--	--	--	--
--	--	--	--
--	--	--	--
--	--	--	--
--	--	--	--
--	--	--	--
--	--	--	--
--	--	--	--
--	--	--	--
--	--	--	--
--	--	--	--
--	--	--	--
--	--	--	--
--	--	--	--
--	--	--	--
--	--	--	--
--	--	--	--
--	--	--	--
--	--	--	--
--	--	--	--
--	--	--	--
--	--	--	--
--	--	--	--
--	--	--	--
--	--	--	--
--	--	--	--
--	--	--	--
--	--	--	--
--	--	--	--
--	--	--	--
--	--	--	--
--	--	--	--
--	--	--	--
--	--	--	--
--	--	--	--
--	--	--	--
--	--	--	--
--	--	--	--
--	--	--	--
--	--	--	--
--	--	--	--
--	--	--	--
--	--	--	--
--	--	--	--
--	--	--	--
--	--	--	--
--	--	--	--
--	--	--	--
--	--	--	--
--	--	--	--
--	--	--	--
--	--	--	--
--	--	--	--
--	--	--	--
--	--	--	--
--	--	--	--
--	--	--	--
--	--	--	--
--	--	--	--
--	--	--	--
--	--	--	--
--	--	--	--
--	--	--	--
--	--	--	--
--	--	--	--
--	--	--	--
--	--	--	--
--	--	--	--
--	--	--	--
--	--	--	--
--	--	--	--
--	--	--	--
--	--	--	--
--	--	--	--
--	--	--	--
--	--	--	--
--	--	--	--
--	--	--	--
--	--	--	--
--	--	--	--
--	--	--	--
--	--	--	--
--	--	--	--
--	--	--	--
--	--	--	--
--	--	--	--
--	--	--	--
--	--	--	--
--	--	--	--
--	--	--	--
--	--	--	--
--	--	--	--
--	--	--	--
--	--	--	--
--	--	--	--
--	--	--	--
--	--	--	--
--	--	--	--
--	--	--	--
--	--	--	--
--	--	--	--
--	--	--	--
--	--	--	--
--	--	--	--
--	--	--	--
--	--	--	--
--	--	--	--
--	--	--	--
--	--	--	--
--	--	--	--
--	--	--	--
--	--	--	--
--	--	--	--
--	--	--	--
--	--	--	--
--	--	--	--
--	--	--	--
--	--	--	--
--	--	--	--
--	--	--	--
--	--	--	--
--	--	--	--
--	--	--	--
--	--	--	--
--	--	--	--
--	--	--	--
--	--	--	--
--	--	--	--
--	--	--	--
--	--	--	--
--	--	--	--
--	--	--	--
--	--	--	--
--	--	--	--
--	--	--	--
--	--	--	--
--	--	--	--
--	--	--	--
--	--	--	--
--	--	--	--
--	--	--	--
--	--	--	--
--	--	--	--
--	--	--	--
--	--	--	--
--	--	--	--
--	--	--	--
--	--	--	--
--	--	--	--
--	--	--	--
--	--	--	--
--	--	--	--
--	--	--	--
--	--	--	--
--	--	--	--
--	--	--	--
--	--	--	--
--	--	--	--
--	--	--	--
--	--	--	--
--	--	--	--
--	--	--	--
--	--	--	--
--	--	--	--
--	--	--	--
--	--	--	--
--	--	--	--
--	--	--	--
--	--	--	--
--	--	--	--
--	--	--	--
--	--	--	--
--	--	--	--
--	--	--	--
--	--	--	--
--	--	--	--
--	--	--	--
--	--	--	--
--	--	--	--
--	--	--	--
--	--	--	--
--	--	--	--
--	--	--	--
--	--	--	--
--	--	--	--
--	--	--	--
--	--	--	--
--	--	--	--
--	--	--	--
--	--	--	--
--	--	--	--
--	--	--	--
--	--	--	--
--	--	--	--
--	--	--	--
--	--	--	--
--	--	--	--
--	--	--	--
--	--	--	--
--	--	--	--
--	--	--	--
--	--	--	--
--	--	--	--
--	--	--	--
--	--	--	--
--	--	--	--
--	--	--	--
--	--	--	--
--	--	--	--
--	--	--	--
--	--	--	--
--	--	--	--
--	--	--	--
--	--	--	--
--	--	--	--
--	--	--	--
--	--	--	--
--	--	--	--
--	--	--	--
--	--	--	--
--	--	--	--
--	--	--	--
--	--	--	--
--	--	--	--
--	--	--	--
--	--	--	--
--	--	--	--
--	--	--	--
--	--	--	--
--	--	--	--
--	--	--	--
--	--	--	--
--	--	--	--
--	--	--	--
--	--	--	--
--	--	--	--
--	--	--	--
--	--	--	--
--	--	--	--
--	--	--	--
--	--	--	--
--	--	--	--
--	--	--	--
--	--	--	--
--	--	--	--
--	--	--	--
--	--	--	--
--	--	--	--
--	--	--	--
--	--	--	--
--	--	--	--
--	--	--	--
--	--	--	--
--	--	--	--
--	--	--	--
--	--	--	--
--	--	--	--
--	--	--	--
--	--	--	--
--	--	--	--
--	--	--	--
--	--	--	--
--	--	--	--
--	--	--	--
--	--	--	--
--	--	--	--
--	--	--	--
--	--	--	--
--	--	--	--
--	--	--	--
--	--	--	--
--	--	--	--
--	--	--	--
--	--	--	--
--	--	--	--
--	--	--	--
--	--	--	--
--	--	--	--
--	--	--	--
--	--	--	--
--	--	--	--
--	--	--	--
--	--	--	--
--	--	--	--
--	--	--	--
--	--	--	--
--	--	--	--
--	--	--	--
--	--	--	--
--	--	--	--
--	--	--	--
--	--	--	--
--	--	--	--
--	--	--	--
--	--	--	--
--	--	--	--
--	--	--	--
--	--	--	--
--	--	--	--
--	--	--	--
--	--	--	--
--	--	--	--
--	--	--	--
--	--	--	--
--	--	--	--
--	--	--	--
--	--	--	--
--	--	--	--
--	--	--	--
--	--	--	--
--	--	--	--
--	--	--	--
--	--	--	--
--	--	--	--
--	--	--	--
--	--	--	--
--	--	--	--
--	--	--	--
--	--	--	--
--	--	--	--
--	--	--	--
--	--	--	--
--	--	--	--
--	--	--	--
--	--	--	--
--	--	--	--
--	--	--	--
--	--	--	--
--	--	--	--
--	--	--	--
--	--	--	--
--	--	--	--
--	--	--	--
--	--	--	--
--	--	--	--
--	--	--	--
--	--	--	--
--	--	--	--
--	--	--	--
--	--	--	--
--	--	--	--
--	--	--	--
--	--	--	--
--	--	--	--
--	--	--	--
--	--	--	--
--	--	--	--
--	--	--	--
--	--	--	--
--	--	--	--
--	--	--	--
--	--	--	--
--	--	--	--
--	--	--	--
--	--	--	--
--	--	--	--
--	--	--	--
--	--	--	--
--	--	--	--
--	--	--	--
--	--	--	--
--	--	--	--
--	--	--	--
--	--	--	--
--	--	--	--
--	--	--	--
--	--	--	--
--	--	--	--
--	--	--	--
--	--	--	--
--	--	--	--
--	--	--	--
--	--	--	--
--	--	--	--
--	--	--	--
--	--	--	--
--	--	--	--
--	--	--	--
--	--	--	--
--	--	--	--
--	--	--	--
--	--	--	--
--	--	--	--
--	--	--	--
--	--	--	--
--	--	--	--
--	--	--	--
--	--	--	--
--	--	--	--
--	--	--	--
--	--	--	--
--	--	--	--
--	--	--	--
--	--	--	--
--	--	--	--
--	--	--	--
--	--	--	--
--	--	--	--
--	--	--	--
--	--	--	--
--	--	--	--
--	--	--	--
--	--	--	--
--	--	--	--
--	--	--	--
--	--	--	--
--	--	--	--
--	--	--	--
--	--	--	--
--	--	--	--
--	--	--	--
--	--	--	--
--	--	--	--
--	--	--	--
--	--	--	--
--	--	--	--
--	--	--	--
--	--	--	--
--	--	--	--
--	--	--	--
--	--	--	--
--	--	--	--
--	--	--	--
--	--	--	--
--	--	--	--
--	--	--	--
--	--	--	--
--	--	--	--
--	--	--	--
--	--	--	--
--	--	--	--
--	--	--	--
--	--	--	--
--	--	--	--
--	--	--	--
--	--	--	--
--	--	--	--
--	--	--	--
--	--	--	--
--	--	--	--
--	--	--	--
--	--	--	--
--	--	--	--
--	--	--	--
--	--	--	--
--	--	--	--
--	--	--	--
--	--	--	--
--	--	--	--
--	--	--	--
--	--	--	--
--	--	--	--
--	--	--	--
--	--	--	--
--	--	--	--
--	--	--	--
--	--	--	--
--	--	--	--
--	--	--	--
--	--	--	--
--	--	--	--
--	--	--	--
--	--	--	--
--	--	--	--
--	--	--	--
--	--	--	--
--	--	--	--
--	--	--	--
--	--	--	--
--	--	--	--
--	--	--	--
--	--	--	--
--	--	--	--
--	--	--	--
--	--	--	--
--	--	--	--
--	--	--	--
--	--	--	--
--	--	--	--
--	--	--	--
--	--	--	--
--	--	--	--
--	--	--	--
--	--	--	--
--	--	--	--
--	--	--	--
--	--	--	--
--	--	--	--
--	--	--	--
--	--	--	--
--	--	--	--
--	--	--	--
--	--	--	--
--	--	--	--
--	--	--	--
--	--	--	--
--	--	--	--
--	--	--	--
--	--	--	--
--	--	--	--
--	--	--	--
--	--	--	--
--	--	--	--
--	--	--	--
--	--	--	--
--	--	--	--
--	--	--	--
--	--	--	--
--	--	--	--
--	--	--	--
--	--	--	--
--	--	--	--
--	--	--	--
--	--	--	--
--	--	--	--
--	--	--	--
--	--	--	--
--	--	--	--
--	--	--	--
--	--	--	--
--	--	--	--
--	--	--	--
--	--	--	--
--	--	--	--
--	--	--	--
--	--	--	--
--	--	--	--
--	--	--	--
--	--	--	--
--	--	--	--
--	--	--	--
--	--	--	--
--	--	--	--
--	--	--	--
--	--	--	--
--	--	--	--
--	--	--	--
--	--	--	--
--	--	--	--
--	--	--	--
--	--	--	--
--	--	--	--
--	--	--	--
--	--	--	--
--	--	--	--
--	--	--	--
--	--	--	--
--	--	--	--
--	--	--	--
--	--	--	--
--	--	--	--
--	--	--	--
--	--	--	--
--	--	--	--
--	--	--	--
--	--	--	--
--	--	--	--
--	--	--	--
--	--	--	--
--	--	--	--
--	--	--	--
--	--	--	--
--	--	--	--
--	--	--	--
--	--	--	--
--	--	--	--
--	--	--	--
--	--	--	--
--	--	--	--
--	--	--	--
--	--	--	--
--	--	--	--
--	--	--	--
--	--	--	--
--	--	--	--
--	--	--	--
--	--	--	--
--	--	--	--
--	--	--	--
--	--	--	--
--	--	--	--
--	--	--	--
--	--	--	--
--	--	--	--
--	--	--	--
--	--	--	--
--	--	--	--
--	--	--	--
--	--	--	--
--	--	--	--
--	--	--	--