Wavelength, nm	Absorbance, a.u. - curve 2	Wavelength, nm	Absorbance, a.u. - curve 4	Wavelength, nm	Absorbance, a.u. - curve 1	Wavelength, nm	Absorbance, a.u. - curve 3
236,21568	0,01717	250	--	250	0,01697	281,21802	0,01662
236,51121	-0,03727	250,5	--	250,5	0,01672	281,81717	0,01837
236,80672	-0,03198	251	--	251	0,01696	282,41629	0,01694
237,10222	0,03393	251,5	--	251,5	0,01672	283,01538	0,01762
237,3977	0,04629	252	--	252	0,01632	283,61444	0,01603
237,69316	-0,00349	252,5	--	252,5	0,0163	284,21344	0,01702
237,9886	0,00805	253	--	253	0,01628	284,81238	0,01665
238,28403	0,02239	253,5	--	253,5	0,01602	285,41132	0,01748
238,57944	0,04385	254	--	254	0,01595	286,01019	0,01695
238,87483	-0,03556	254,5	--	254,5	0,01575	286,60904	0,01597
239,1702	0,02216	255	--	255	0,01557	287,20782	0,01564
239,46556	0,0205	255,5	--	255,5	0,01558	287,80658	0,0162
239,7609	0,02336	256	--	256	0,01559	288,4053	0,01678
240,05622	0,02671	256,5	--	256,5	0,0155	289,00397	0,01697
240,35152	0,02824	257	--	257	0,01543	289,6026	0,01721
240,64681	0,02887	257,5	--	257,5	0,01538	290,2012	0,01817
240,94208	0,03443	258	--	258	0,01522	290,79974	0,01733
241,23734	0,03625	258,5	--	258,5	0,01518	291,39825	0,01701
241,53257	0,03625	259	--	259	0,0152	291,99673	0,01607
241,82779	0,03416	259,5	--	259,5	0,01514	292,59515	0,01713
242,12299	0,03651	260	--	260	0,01505	293,19354	0,01622
242,41817	0,03552	260,5	--	260,5	0,01497	293,7919	0,01658
242,71334	0,03567	261	--	261	0,01495	294,3902	0,01644
243,00849	0,03769	261,5	--	261,5	0,01481	294,98846	0,01725
243,30362	0,04101	262	--	262	0,0148	295,5867	0,01726
243,59873	0,04145	262,5	--	262,5	0,01476	296,18488	0,0177
243,89383	0,03505	263	--	263	0,0147	296,78302	0,01724
244,18891	0,03247	263,5	--	263,5	0,01463	297,38113	0,01796
244,48397	0,03086	264	--	264	0,01463	297,97919	0,01673
244,77902	0,03335	264,5	--	264,5	0,01454	298,57721	0,01735
245,07404	0,03519	265	--	265	0,01458	299,1752	0,01655
245,36905	0,03653	265,5	--	265,5	0,01451	299,77313	0,01764
245,66404	0,03781	266	--	266	0,0144	300,37103	0,01674
245,95902	0,03747	266,5	--	266,5	0,01426	300,9689	0,01672
246,25398	0,03546	267	--	267	0,01421	301,56671	0,01695
246,54892	0,03408	267,5	--	267,5	0,01409	302,16449	0,01783
246,84384	0,0311	268	--	268	0,01405	302,76221	0,01765
247,13874	0,02877	268,5	--	268,5	0,01411	303,35992	0,01727
247,43363	0,02825	269	--	269	0,01399	303,95755	0,01602
247,7285	0,02941	269,5	--	269,5	0,01389	304,55518	0,01656
248,02335	0,02998	270	--	270	0,01384	305,15274	0,01596
248,31819	0,02983	270,5	--	270,5	0,01384	305,75027	0,01753
248,613	0,03045	271	--	271	0,0138	306,34775	0,01786
248,9078	0,03098	271,5	--	271,5	0,01373	306,94522	0,01857
249,20258	0,03042	272	--	272	0,01374	307,5426	0,01771
249,49735	0,03096	272,5	--	272,5	0,01364	308,13998	0,01817
249,79209	0,02989	273	--	273	0,01361	308,7373	0,01841
250,08682	0,03405	273,5	--	273,5	0,0135	309,33459	0,01842
250,38153	0,03997	274	--	274	0,01358	309,93182	0,01709
250,67623	0,03675	274,5	--	274,5	0,01358	310,52902	0,01772
250,9709	0,03355	275	--	275	0,01369	311,12619	0,01775
251,26556	0,03112	275,5	--	275,5	0,01363	311,72333	0,01801
251,5602	0,02773	276	--	276	0,01361	312,3204	0,01667
251,85483	0,025	276,5	--	276,5	0,01363	312,91745	0,01672
252,14943	0,02308	277	--	277	0,0136	313,51443	0,01707
252,44402	0,02128	277,5	--	277,5	0,01364	314,11139	0,01796
252,73859	0,02302	278	--	278	0,01362	314,70831	0,01764
253,03314	0,02212	278,5	--	278,5	0,01371	315,30518	0,01719
253,32768	0,02001	279	--	279	0,01381	315,90201	0,01719
253,6222	0,0175	279,5	--	279,5	0,01381	316,49881	0,01738
253,9167	0,01568	280	--	280	0,01394	317,09555	0,01705
254,21118	0,01638	280,5	--	280,5	0,01395	317,69226	0,01694
254,50564	0,01709	281	--	281	0,01414	318,28894	0,01769
254,80009	0,01384	281,5	--	281,5	0,01418	318,88556	0,01858
255,09452	0,01476	282	--	282	0,0141	319,48215	0,01739
255,38893	0,01523	282,5	--	282,5	0,01417	320,0787	0,0169
255,68332	0,01187	283	--	283	0,01424	320,6752	0,01552
255,9777	0,01156	283,5	--	283,5	0,01435	321,27167	0,01611
256,27205	0,00756	284	--	284	0,01435	321,8681	0,01617
256,56639	0,00218	284,5	--	284,5	0,01458	322,46448	0,01782
256,86072	0,00435	285	--	285	0,01461	323,06082	0,01755
257,15502	0,00735	285,5	--	285,5	0,01468	323,6571	0,01815
257,44931	0,00595	286	--	286	0,01479	324,25336	0,01847
257,74358	0,01142	286,5	--	286,5	0,01495	324,84958	0,01982
258,03783	0,01302	287	--	287	0,01502	325,44577	0,01944
258,33206	0,01464	287,5	--	287,5	0,01514	326,0419	0,01871
258,62628	0,01567	288	--	288	0,01533	326,638	0,01681
258,92047	0,01488	288,5	--	288,5	0,01542	327,23404	0,01661
259,21465	0,01772	289	--	289	0,01544	327,83005	0,01576
259,50882	0,01934	289,5	--	289,5	0,0155	328,42603	0,01788
259,80296	0,02043	290	--	290	0,01564	329,02197	0,01707
260,09709	0,02099	290,5	--	290,5	0,01572	329,61786	0,01771
260,39119	0,01767	291	--	291	0,01588	330,21371	0,01637
260,68528	0,01953	291,5	--	291,5	0,01604	330,80951	0,01747
260,97936	0,02241	292	--	292	0,01631	331,40527	0,01713
261,27341	0,02231	292,5	--	292,5	0,01651	332,00101	0,01901
261,56745	0,01964	293	--	293	0,01672	332,59668	0,01882
261,86147	0,01731	293,5	--	293,5	0,01681	333,19232	0,01899
262,15547	0,01636	294	--	294	0,01702	333,78793	0,01816
262,44945	0,01541	294,5	--	294,5	0,01717	334,38348	0,01888
262,74341	0,01692	295	--	295	0,01734	334,979	0,01902
263,03736	0,01647	295,5	--	295,5	0,01753	335,57449	0,01905
263,33129	0,01707	296	--	296	0,01779	336,16992	0,01792
263,6252	0,01575	296,5	--	296,5	0,01793	336,76532	0,0179
263,91909	0,00994	297	--	297	0,01813	337,36069	0,01671
264,21297	0,0109	297,5	--	297,5	0,01836	337,95599	0,01748
264,50683	0,0137	298	--	298	0,01863	338,55127	0,01764
264,80067	0,01183	298,5	--	298,5	0,01896	339,14648	0,01832
265,09449	0,01511	299	--	299	0,01926	339,7417	0,01742
265,38829	0,01227	299,5	--	299,5	0,01953	340,33685	0,01847
265,68208	0,01334	300	0,02064	300	0,01966	340,93195	0,01797
265,97584	0,01345	300,5	0,02061	300,5	0,0199	341,52701	0,01837
266,26959	0,01693	301	0,02167	301	0,02017	342,12204	0,01769
266,56332	0,0199	301,5	0,02298	301,5	0,02044	342,71704	0,01832
266,85703	0,01905	302	0,02354	302	0,02074	343,31198	0,01746
267,15073	0,0176	302,5	0,02357	302,5	0,02118	343,90689	0,01755
267,44441	0,01825	303	0,02373	303	0,02147	344,50174	0,01718
267,73806	0,02141	303,5	0,02599	303,5	0,02177	345,09656	0,01846
268,0317	0,02296	304	0,02589	304	0,02198	345,69135	0,01817
268,32533	0,02457	304,5	0,02612	304,5	0,02229	346,28607	0,01832
268,61893	0,02556	305	0,02715	305	0,02259	346,88077	0,01741
268,91252	0,02761	305,5	0,02769	305,5	0,02292	347,47543	0,01747
269,20609	0,02529	306	0,02536	306	0,02356	348,07004	0,01693
269,49964	0,02458	306,5	0,0271	306,5	0,02386	348,66461	0,01691
269,79317	0,02617	307	0,02719	307	0,02413	349,25916	0,01597
270,08668	0,02981	307,5	0,02818	307,5	0,0244	349,85364	0,01576
270,38018	0,02726	308	0,02904	308	0,02476	350,44809	0,01604
270,67365	0,02831	308,5	0,02815	308,5	0,02515	351,04251	0,01639
270,96711	0,03125	309	0,02853	309	0,02549	351,63687	0,01708
271,26055	0,02967	309,5	0,03004	309,5	0,02567	352,2312	0,01703
271,55398	0,03097	310	0,02997	310	0,02626	352,8255	0,01669
271,84738	0,03082	310,5	0,02995	310,5	0,02666	353,41974	0,01674
272,14077	0,03299	311	0,03134	311	0,02702	354,01395	0,01592
272,43413	0,03205	311,5	0,03192	311,5	0,02738	354,60809	0,01625
272,72748	0,03111	312	0,03157	312	0,02784	355,20221	0,0153
273,02082	0,03345	312,5	0,03255	312,5	0,02814	355,7963	0,01605
273,31413	0,03243	313	0,03249	313	0,02853	356,39035	0,01543
273,60742	0,03194	313,5	0,03326	313,5	0,02884	356,98434	0,01569
273,9007	0,03044	314	0,03464	314	0,02923	357,57828	0,01528
274,19396	0,03173	314,5	0,03494	314,5	0,02969	358,17221	0,01481
274,4872	0,03061	315	0,03682	315	0,03011	358,76608	0,01462
274,78042	0,033	315,5	0,03497	315,5	0,03057	359,35992	0,01544
275,07363	0,03181	316	0,03474	316	0,03095	359,9537	0,01581
275,36681	0,03713	316,5	0,03574	316,5	0,03124	360,54745	0,01582
275,65998	0,03928	317	0,03603	317	0,03143	361,14117	0,01494
275,95313	0,0393	317,5	0,0351	317,5	0,0317	361,73483	0,01473
276,24626	0,04036	318	0,03545	318	0,03182	362,32846	0,01456
276,53937	0,04151	318,5	0,03645	318,5	0,03197	362,92206	0,01448
276,83246	0,03959	319	0,03728	319	0,03224	363,51559	0,01446
277,12554	0,03983	319,5	0,03776	319,5	0,03238	364,1091	0,01451
277,4186	0,04189	320	0,03929	320	0,03243	364,70255	0,01468
277,71163	0,04013	320,5	0,03844	320,5	0,03218	365,29599	0,015
278,00465	0,04066	321	0,03896	321	0,032	365,88934	0,0151
278,29766	0,03616	321,5	0,04051	321,5	0,03173	366,4827	0,01512
278,59064	0,03866	322	0,04033	322	0,03148	367,07599	0,0152
278,8836	0,03568	322,5	0,0419	322,5	0,03109	367,66925	0,0153
279,17655	0,03538	323	0,04202	323	0,03067	368,26245	0,01562
279,46948	0,03361	323,5	0,0414	323,5	0,03023	368,85562	0,01578
279,76239	0,03465	324	0,041	324	0,0297	369,44876	0,01571
280,05528	0,03203	324,5	0,04108	324,5	0,02912	370,04187	0,0154
280,34815	0,03478	325	0,04184	325	0,02837	370,63492	0,01521
280,64101	0,03621	325,5	0,04127	325,5	0,0277	371,22791	0,01566
280,93384	0,03493	326	0,04163	326	0,02686	371,82089	0,01585
281,22666	0,03619	326,5	0,04059	326,5	0,02614	372,41382	0,01629
281,51946	0,03271	327	0,04237	327	0,0252	373,00668	0,01613
281,81224	0,02973	327,5	0,04089	327,5	0,02445	373,59952	0,01678
282,105	0,02821	328	0,04109	328	0,02383	374,19232	0,01689
282,39775	0,02945	328,5	0,03885	328,5	0,02306	374,7851	0,01739
282,69047	0,02824	329	0,03899	329	0,02244	375,37781	0,01727
282,98318	0,02932	329,5	0,03827	329,5	0,02172	375,97049	0,0177
283,27587	0,02691	330	0,03595	330	0,02084	376,56314	0,01762
283,56854	0,02673	330,5	0,03625	330,5	0,02013	377,15573	0,01771
283,86119	0,02626	331	0,0349	331	0,01956	377,74829	0,01745
284,15382	0,02805	331,5	0,03346	331,5	0,01885	378,34079	0,01773
284,44643	0,02902	332	0,03427	332	0,01836	378,93326	0,0177
284,73903	0,02961	332,5	0,03354	332,5	0,01771	379,5257	0,01818
285,0316	0,03044	333	0,03241	333	0,01724	380,11807	0,0184
285,32416	0,03312	333,5	0,03107	333,5	0,01692	380,71042	0,01861
285,6167	0,03649	334	0,03018	334	0,01647	381,30273	0,0186
285,90922	0,03678	334,5	0,02916	334,5	0,01598	381,89499	0,01874
286,20173	0,03829	335	0,02914	335	0,0156	382,48721	0,01877
286,49421	0,03262	335,5	0,02811	335,5	0,01522	383,07941	0,01934
286,78667	0,03098	336	0,028	336	0,01484	383,67154	0,01921
287,07912	0,031	336,5	0,02541	336,5	0,01454	384,26364	0,01972
287,37155	0,03072	337	0,02533	337	0,01428	384,85571	0,01944
287,66396	0,03038	337,5	0,02455	337,5	0,014	385,44772	0,01975
287,95635	0,03262	338	0,02414	338	0,01375	386,0397	0,01965
288,24872	0,03335	338,5	0,02286	338,5	0,0134	386,63162	0,0197
288,54107	0,03561	339	0,02362	339	0,01315	387,22351	0,01962
288,83341	0,03848	339,5	0,02364	339,5	0,01297	387,81537	0,01992
289,12572	0,03739	340	0,021	340	0,01268	388,4072	0,01999
289,41802	0,0367	340,5	0,02129	340,5	0,01259	388,99896	0,02029
289,7103	0,03512	341	0,01967	341	0,01236	389,5907	0,02028
290,00256	0,03425	341,5	0,02046	341,5	0,01218	390,18237	0,02051
290,2948	0,0308	342	0,0198	342	0,01195	390,77402	0,02053
290,58702	0,02969	342,5	0,02132	342,5	0,01194	391,36563	0,02083
290,87922	0,02812	343	0,0219	343	0,01161	391,95718	0,02104
291,17141	0,02843	343,5	0,01943	343,5	0,01155	392,54871	0,02159
291,46357	0,02952	344	0,01923	344	0,01139	393,14017	0,02192
291,75572	0,02982	344,5	0,01915	344,5	0,01141	393,73163	0,02249
292,04785	0,0248	345	0,02048	345	0,0113	394,32303	0,02273
292,33996	0,02639	345,5	0,01981	345,5	0,01116	394,91437	0,02319
292,63205	0,02886	346	0,01907	346	0,01115	395,50568	0,02368
292,92412	0,02904	346,5	0,0191	346,5	0,01118	396,09695	0,02435
293,21617	0,03128	347	0,01872	347	0,01097	396,6882	0,02487
293,50821	0,03304	347,5	0,02013	347,5	0,01081	397,27939	0,02542
293,80022	0,03286	348	0,02043	348	0,01092	397,87051	0,02603
294,09222	0,03014	348,5	0,01938	348,5	0,01093	398,46164	0,02658
294,3842	0,03187	349	0,01796	349	0,0108	399,0527	0,0271
294,67616	0,0276	349,5	0,01897	349,5	0,01071	399,64374	0,02774
294,9681	0,02701	350	0,01862	350	0,01081	400,23471	0,02845
295,26002	0,02789	350,5	0,01886	350,5	0,01079	400,82565	0,0291
295,55192	0,02568	351	0,01886	351	0,01074	401,41653	0,02948
295,8438	0,02471	351,5	0,0201	351,5	0,01083	402,00742	0,0301
296,13567	0,02562	352	0,01918	352	0,01079	402,59824	0,03053
296,42751	0,03252	352,5	0,01971	352,5	0,01089	403,189	0,03119
296,71934	0,0331	353	0,01977	353	0,01083	403,77972	0,0316
297,01115	0,03398	353,5	0,01939	353,5	0,01076	404,37042	0,03217
297,30294	0,03447	354	0,01949	354	0,01091	404,96109	0,03256
297,59471	0,03166	354,5	0,02171	354,5	0,01094	405,5517	0,03288
297,88646	0,03028	355	0,02208	355	0,01098	406,14224	0,0331
298,17819	0,03241	355,5	0,02232	355,5	0,011	406,73279	0,03331
298,4699	0,03333	356	0,01956	356	0,01112	407,32327	0,0335
298,7616	0,03468	356,5	0,0197	356,5	0,01115	407,91373	0,03365
299,05327	0,03394	357	0,02036	357	0,01114	408,50412	0,034
299,34493	0,03446	357,5	0,01987	357,5	0,01126	409,09448	0,0343
299,63656	0,03282	358	0,02007	358	0,01125	409,68478	0,03442
299,92818	0,03209	358,5	0,0208	358,5	0,01138	410,27509	0,0344
300,21978	0,03632	359	0,02116	359	0,01151	410,86533	0,03421
300,51136	0,03442	359,5	0,02045	359,5	0,01151	411,45551	0,03412
300,80292	0,03611	360	0,02025	360	0,01153	412,04565	0,0337
301,09446	0,0333	360,5	0,02087	360,5	0,01175	412,63577	0,03387
301,38599	0,03592	361	0,02031	361	0,0117	413,22586	0,03373
301,67749	0,04331	361,5	0,02043	361,5	0,01187	413,81589	0,03396
301,96898	0,04798	362	0,01891	362	0,01184	414,40585	0,03359
302,26044	0,04584	362,5	0,02118	362,5	0,01195	414,99582	0,03363
302,55189	0,04421	363	0,02002	363	0,01201	415,58572	0,03361
302,84332	0,04279	363,5	0,01927	363,5	0,01207	416,17557	0,03369
303,13472	0,04412	364	0,01866	364	0,01226	416,76541	0,03406
303,42611	0,04297	364,5	0,02043	364,5	0,01232	417,35519	0,03449
303,71748	0,0383	365	0,0192	365	0,01255	417,94492	0,03512
304,00884	0,04168	365,5	0,0215	365,5	0,01259	418,53461	0,03557
304,30017	0,0445	366	0,01975	366	0,01263	419,12427	0,03616
304,59148	0,04368	366,5	0,02	366,5	0,01286	419,7139	0,03698
304,88277	0,04235	367	0,02119	367	0,01296	420,30347	0,0379
305,17405	0,04246	367,5	0,02038	367,5	0,01311	420,89301	0,03887
305,4653	0,03869	368	0,01947	368	0,01319	421,48248	0,04009
305,75654	0,03734	368,5	0,02158	368,5	0,0134	422,07193	0,04163
306,04776	0,03526	369	0,02035	369	0,0134	422,66135	0,04338
306,33896	0,03666	369,5	0,019	369,5	0,01361	423,2507	0,04535
306,63013	0,0346	370	0,02058	370	0,01374	423,84003	0,04739
306,92129	0,03402	370,5	0,02124	370,5	0,01403	424,42932	0,04968
307,21243	0,03543	371	0,02031	371	0,01422	425,01855	0,05207
307,50355	0,03193	371,5	0,0217	371,5	0,01438	425,60776	0,05489
307,79466	0,0288	372	0,02144	372	0,01468	426,1969	0,05777
308,08574	0,02492	372,5	0,02199	372,5	0,01479	426,78604	0,06097
308,3768	0,02319	373	0,02155	373	0,01502	427,37509	0,06398
308,66785	0,02342	373,5	0,02153	373,5	0,01523	427,96414	0,06737
308,95887	0,02585	374	0,02225	374	0,01525	428,55313	0,07079
309,24988	0,02267	374,5	0,02158	374,5	0,01552	429,14209	0,07436
309,54086	0,02302	375	0,02194	375	0,01568	429,73099	0,0778
309,83183	0,02487	375,5	0,02193	375,5	0,0158	430,31985	0,08124
310,12278	0,02262	376	0,02284	376	0,01603	430,90869	0,0846
310,41371	0,02284	376,5	0,02119	376,5	0,0164	431,49747	0,08784
310,70461	0,02271	377	0,02182	377	0,0164	432,08621	0,09031
310,9955	0,02334	377,5	0,0213	377,5	0,01656	432,67493	0,09232
311,28637	0,02711	378	0,02142	378	0,01675	433,26358	0,0935
311,57723	0,02427	378,5	0,02186	378,5	0,01705	433,8522	0,09417
311,86806	0,02967	379	0,02278	379	0,01714	434,44077	0,094
312,15887	0,03153	379,5	0,02183	379,5	0,01735	435,0293	0,09283
312,44966	0,02876	380	0,02185	380	0,01739	435,6178	0,09045
312,74044	0,03437	380,5	0,0229	380,5	0,01748	436,20624	0,08712
313,03119	0,03214	381	0,02219	381	0,0177	436,79465	0,08306
313,32193	0,03161	381,5	0,02228	381,5	0,01797	437,38303	0,07863
313,61264	0,03192	382	0,02145	382	0,01817	437,97134	0,07386
313,90334	0,02679	382,5	0,02187	382,5	0,01842	438,55963	0,069
314,19401	0,0279	383	0,02177	383	0,01851	439,14789	0,06422
314,48467	0,03118	383,5	0,02229	383,5	0,01869	439,73608	0,05964
314,77531	0,02547	384	0,02178	384	0,01895	440,32425	0,05522
315,06593	0,02343	384,5	0,02167	384,5	0,01929	440,91235	0,05117
315,35653	0,01984	385	0,02174	385	0,01948	441,50043	0,04753
315,64711	0,02293	385,5	0,02156	385,5	0,02005	442,08847	0,04453
315,93767	0,02063	386	0,02307	386	0,02043	442,67648	0,04169
316,22821	0,02199	386,5	0,02177	386,5	0,02082	443,26443	0,03921
316,51873	0,0246	387	0,02178	387	0,02142	443,85233	0,03677
316,80923	0,02485	387,5	0,02203	387,5	0,02201	444,44022	0,03488
317,09971	0,02683	388	0,02161	388	0,02261	445,02805	0,03315
317,39017	0,02517	388,5	0,02229	388,5	0,02351	445,61581	0,03149
317,68062	0,02914	389	0,02231	389	0,02432	446,20355	0,03007
317,97104	0,02559	389,5	0,02307	389,5	0,02538	446,79126	0,02867
318,26144	0,02613	390	0,02313	390	0,02647	447,37894	0,02769
318,55183	0,02464	390,5	0,0226	390,5	0,02773	447,96655	0,02662
318,84219	0,02351	391	0,02397	391	0,02904	448,55414	0,02566
319,13254	0,02673	391,5	0,02409	391,5	0,03039	449,14166	0,02459
319,42286	0,02642	392	0,02355	392	0,03193	449,72916	0,02357
319,71317	0,02643	392,5	0,02493	392,5	0,03361	450,31662	0,02276
320,00346	0,03249	393	0,0238	393	0,03516	450,90402	0,02213
320,29372	0,03351	393,5	0,024	393,5	0,03704	451,49139	0,02137
320,58397	0,03581	394	0,02353	394	0,03884	452,0787	0,02086
320,8742	0,03674	394,5	0,02329	394,5	0,04093	452,66602	0,02038
321,16441	0,04248	395	0,02362	395	0,04315	453,25323	0,02017
321,4546	0,04728	395,5	0,0251	395,5	0,04512	453,84045	0,01977
321,74477	0,04227	396	0,02541	396	0,04743	454,42761	0,0194
322,03491	0,04384	396,5	0,02592	396,5	0,04957	455,01474	0,01904
322,32504	0,04041	397	0,0257	397	0,05203	455,60181	0,01842
322,61515	0,03502	397,5	0,02634	397,5	0,05457	456,18884	0,01774
322,90524	0,03462	398	0,02585	398	0,05674	456,77585	0,01723
323,19532	0,03274	398,5	0,02651	398,5	0,05927	457,36279	0,01699
323,48537	0,0336	399	0,02683	399	0,06152	457,94971	0,01691
323,7754	0,03114	399,5	0,02731	399,5	0,06362	458,53656	0,01672
324,06541	0,03016	400	0,02838	400	0,06588	459,12341	0,01643
324,3554	0,03315	400,5	0,02798	400,5	0,06782	459,71017	0,01607
324,64537	0,03229	401	0,02794	401	0,06971	460,29694	0,01551
324,93533	0,03321	401,5	0,02872	401,5	0,0716	460,88364	0,01539
325,22526	0,0289	402	0,02933	402	0,07291	461,47031	0,01496
325,51517	0,02708	402,5	0,02913	402,5	0,07425	462,05692	0,01493
325,80507	0,02459	403	0,0292	403	0,07522	462,64349	0,01455
326,09494	0,0239	403,5	0,0285	403,5	0,07614	463,23004	0,01468
326,38479	0,01997	404	0,03043	404	0,07664	463,81653	0,01444
326,67463	0,01468	404,5	0,03009	404,5	0,07688	464,40298	0,01424
326,96444	0,01085	405	0,03036	405	0,07703	464,98938	0,01411
327,25424	0,01013	405,5	0,03078	405,5	0,07677	465,57574	0,01406
327,54401	0,01377	406	0,03069	406	0,07618	466,16208	0,01383
327,83376	0,01403	406,5	0,03078	406,5	0,07537	466,74838	0,01356
328,1235	0,01631	407	0,03003	407	0,07432	467,33463	0,01343
328,41321	0,01795	407,5	0,0302	407,5	0,07308	467,92081	0,01339
328,70291	0,02061	408	0,02962	408	0,07144	468,50699	0,01314
328,99259	0,02373	408,5	0,02969	408,5	0,06987	469,09311	0,01282
329,28224	0,02336	409	0,02985	409	0,06794	469,67917	0,01269
329,57188	0,0267	409,5	0,02963	409,5	0,0659	470,2652	0,01281
329,86149	0,03062	410	0,02974	410	0,06361	470,8512	0,01266
330,15109	0,02902	410,5	0,03049	410,5	0,0614	471,43716	0,01241
330,44067	0,02823	411	0,02992	411	0,05886	472,02307	0,0122
330,73022	0,032	411,5	0,0295	411,5	0,05668	472,60892	0,01205
331,01976	0,03205	412	0,02947	412	0,05423	473,19476	0,01216
331,30927	0,03206	412,5	0,02931	412,5	0,05192	473,78055	0,01209
331,59877	0,03733	413	0,02969	413	0,04928	474,36627	0,01196
331,88825	0,03914	413,5	0,02916	413,5	0,04696	474,952	0,01162
332,1777	0,04249	414	0,02946	414	0,04462	475,53766	0,01161
332,46714	0,04421	414,5	0,03055	414,5	0,04228	476,12326	0,01173
332,75656	0,04869	415	0,02986	415	0,04028	476,70883	0,01182
333,04596	0,04877	415,5	0,03	415,5	0,03831	477,29437	0,01138
333,33533	0,04723	416	0,03114	416	0,03645	477,87985	0,01104
333,62469	0,04321	416,5	0,03076	416,5	0,03458	478,4653	0,01097
333,91403	0,04847	417	0,03081	417	0,033	479,05072	0,01102
334,20334	0,04588	417,5	0,03114	417,5	0,03147	479,63608	0,01106
334,49264	0,04611	418	0,03145	418	0,02967	480,22141	0,01092
334,78192	0,04036	418,5	0,03206	418,5	0,02813	480,8067	0,01085
335,07117	0,03305	419	0,03146	419	0,02677	481,39194	0,01091
335,36041	0,0333	419,5	0,03227	419,5	0,0253	481,97714	0,01081
335,64963	0,02509	420	0,03372	420	0,02406	482,56229	0,01067
335,93883	0,0241	420,5	0,03513	420,5	0,0228	483,14743	0,01058
336,228	0,01946	421	0,03563	421	0,02176	483,73248	0,01071
336,51716	0,02187	421,5	0,03677	421,5	0,02071	484,31754	0,01074
336,8063	0,01871	422	0,0381	422	0,01982	484,90253	0,01067
337,09541	0,0162	422,5	0,03862	422,5	0,01879	485,48746	0,01044
337,38451	0,01659	423	0,04031	423	0,01792	486,07236	0,01047
337,67359	0,0153	423,5	0,04154	423,5	0,01715	486,65723	0,01035
337,96264	0,0077	424	0,04372	424	0,0163	487,24207	0,01023
338,25168	0,00395	424,5	0,04509	424,5	0,01563	487,82684	0,01018
338,54069	0,00288	425	0,04596	425	0,01498	488,41159	0,01031
338,82969	0,00685	425,5	0,04767	425,5	0,01441	488,99628	0,01012
339,11867	0,01102	426	0,04869	426	0,01381	489,58093	0,00991
339,40762	0,01334	426,5	0,05112	426,5	0,01329	490,16556	0,0096
339,69656	0,01303	427	0,05157	427	0,01277	490,75012	0,00973
339,98547	0,0138	427,5	0,05385	427,5	0,01232	491,33466	0,00947
340,27437	0,01532	428	0,05544	428	0,01192	491,91913	0,00948
340,56324	0,01768	428,5	0,05724	428,5	0,01152	492,5036	0,00931
340,8521	0,02335	429	0,05896	429	0,01105	493,08798	0,00961
341,14093	0,02826	429,5	0,06026	429,5	0,01074	493,67236	0,00964
341,42975	0,02939	430	0,06158	430	0,01043	494,25668	0,00975
341,71854	0,03381	430,5	0,06241	430,5	0,01009	494,84094	0,00968
342,00732	0,0382	431	0,06288	431	0,00979	495,4252	0,00973
342,29607	0,03768	431,5	0,06268	431,5	0,00953	496,0094	0,00953
342,5848	0,04067	432	0,06313	432	0,00932	496,59354	0,00941
342,87352	0,03939	432,5	0,06223	432,5	0,00901	497,17764	0,00929
343,16221	0,04786	433	0,0612	433	0,00882	497,76172	0,00944
343,45088	0,04804	433,5	0,05966	433,5	0,00853	498,34576	0,00952
343,73954	0,05132	434	0,05708	434	0,00836	498,92975	0,00928
344,02817	0,05566	434,5	0,05432	434,5	0,00823	499,51367	0,00929
344,31678	0,05763	435	0,05055	435	0,0081	500,0976	0,00914
344,60537	0,05276	435,5	0,04672	435,5	0,00788	500,68146	0,00931
344,89394	0,05174	436	0,04372	436	0,00775	501,26526	0,00924
345,1825	0,05106	436,5	0,03993	436,5	0,00759	501,84903	0,00929
345,47103	0,05085	437	0,03667	437	0,00747	502,43277	0,00925
345,75954	0,04904	437,5	0,03288	437,5	0,00724	503,01648	0,0092
346,04803	0,044	438	0,03049	438	0,007	503,60013	0,00931
346,3365	0,0435	438,5	0,02782	438,5	0,00693	504,18372	0,00932
346,62495	0,04041	439	0,0258	439	0,00681	504,7673	0,00939
346,91338	0,04204	439,5	0,02341	439,5	0,00668	505,35083	0,00944
347,20179	0,03358	440	0,02174	440	0,00663	505,9343	0,00943
347,49017	0,03626	440,5	0,02005	440,5	0,00651	506,51773	0,00939
347,77854	0,03431	441	0,01863	441	0,00638	507,10114	0,00901
348,06689	0,03541	441,5	0,01747	441,5	0,00632	507,68451	0,009
348,35522	0,03705	442	0,01678	442	0,00617	508,26782	0,00904
348,64352	0,03439	442,5	0,01555	442,5	0,00608	508,8511	0,00902
348,93181	0,03668	443	0,01485	443	0,006	509,43433	0,00883
349,22008	0,03569	443,5	0,01413	443,5	0,00588	510,01752	0,00889
349,50832	0,0337	444	0,01358	444	0,00578	510,60065	0,00918
349,79655	0,032	444,5	0,01311	444,5	0,00569	511,18378	0,0095
350,08475	0,03031	445	0,0125	445	0,00558	511,76685	0,0093
350,37294	0,02767	445,5	0,01294	445,5	0,00552	512,34985	0,00899
350,6611	0,03043	446	0,01192	446	0,00545	512,93286	0,00881
350,94924	0,03009	446,5	0,01176	446,5	0,00533	513,51575	0,0088
351,23737	0,02878	447	0,01115	447	0,0053	514,09869	0,00901
351,52547	0,02366	447,5	0,01131	447,5	0,00526	514,68152	0,00921
351,81355	0,02669	448	0,01032	448	0,00519	515,26434	0,00942
352,10161	0,02671	448,5	0,01066	448,5	0,00513	515,84711	0,00946
352,38965	0,02618	449	0,01067	449	0,00505	516,42981	0,00939
352,67767	0,02621	449,5	0,01103	449,5	0,00501	517,01251	0,00942
352,96567	0,02586	450	0,01112	450	0,00492	517,59515	0,00946
353,25365	0,03025	450,5	0,01068	450,5	0,00486	518,1778	0,00952
353,54161	0,02964	451	0,01006	451	0,00483	518,76031	0,00955
353,82955	0,02593	451,5	0,00998	451,5	0,0048	519,34283	0,00962
354,11747	0,02144	452	0,00981	452	0,00468	519,92529	0,0096
354,40537	0,02189	452,5	0,00993	452,5	0,00468	520,50775	0,00951
354,69324	0,02014	453	0,01007	453	0,00462	521,09015	0,0098
354,9811	0,01649	453,5	0,00932	453,5	0,00455	521,67249	0,01008
355,26893	0,01706	454	0,00938	454	0,00453	522,25482	0,01016
355,55675	0,01826	454,5	0,01001	454,5	0,00441	522,8371	0,00987
355,84454	0,01828	455	0,00882	455	0,0044	523,41931	0,00999
356,13232	0,02012	455,5	0,00951	455,5	0,00437	524,00146	0,00995
356,42007	0,01928	456	0,00967	456	0,00437	524,58362	0,01017
356,7078	0,01932	456,5	0,00961	456,5	0,00434	525,16571	0,01023
356,99551	0,0186	457	0,00938	457	0,00435	525,7478	0,01039
357,2832	0,0169	457,5	0,00911	457,5	0,00426	526,32977	0,0108
357,57087	0,01744	458	0,00918	458	0,00427	526,91174	0,0108
357,85852	0,01722	458,5	0,00931	458,5	0,00422	527,49371	0,01115
358,14615	0,019	459	0,00977	459	0,0042	528,07556	0,01118
358,43376	0,02018	459,5	0,0096	459,5	0,00417	528,65741	0,0116
358,72135	0,01856	460	0,00867	460	0,00413	529,23926	0,01191
359,00892	0,01859	460,5	0,00829	460,5	0,00416	529,82098	0,01176
359,29646	0,01583	461	0,00836	461	0,00416	530,40271	0,01171
359,58399	0,01257	461,5	0,00842	461,5	0,00408	530,98438	0,01177
359,87149	0,01442	462	0,00894	462	0,00402	531,56604	0,01192
360,15898	0,01504	462,5	0,00926	462,5	0,00406	532,14764	0,01203
360,44644	0,01551	463	0,00903	463	0,00402	532,72919	0,01217
360,73388	0,01809	463,5	0,00894	463,5	0,00397	533,31067	0,01229
361,0213	0,02004	464	0,00917	464	0,00393	533,89215	0,01238
361,3087	0,01709	464,5	0,00894	464,5	0,00389	534,47357	0,01221
361,59608	0,01856	465	0,00885	465	0,0039	535,05493	0,01262
361,88344	0,01789	465,5	0,00873	465,5	0,00381	535,63629	0,01274
362,17078	0,01825	466	0,00809	466	0,00379	536,21759	0,01314
362,4581	0,02112	466,5	0,00856	466,5	0,00383	536,79883	0,01314
362,7454	0,01847	467	0,00882	467	0,0038	537,38007	0,01344
363,03267	0,02051	467,5	0,00839	467,5	0,00378	537,96124	0,01343
363,31993	0,02283	468	0,00888	468	0,00371	538,54236	0,01346
363,60716	0,02488	468,5	0,00862	468,5	0,0037	539,12347	0,01373
363,89438	0,02596	469	0,00873	469	0,00369	539,70453	0,01414
364,18157	0,02469	469,5	0,00854	469,5	0,00369	540,28552	0,01423
364,46874	0,02271	470	0,00796	470	0,0037	540,86646	0,01409
364,75589	0,02284	470,5	0,00856	470,5	0,00373	541,44739	0,01432
365,04302	0,02322	471	0,00873	471	0,00371	542,02826	0,0148
365,33013	0,02489	471,5	0,00888	471,5	0,00367	542,60913	0,01499
365,61722	0,02531	472	0,00871	472	0,00368	543,18994	0,01487
365,90429	0,02589	472,5	0,00798	472,5	0,0037	543,77069	0,01476
366,19133	0,02539	473	0,00778	473	0,00371	544,35138	0,01503
366,47836	0,0247	473,5	0,00777	473,5	0,00374	544,93207	0,01531
366,76536	0,02556	474	0,00813	474	0,00374	545,5127	0,01544
367,05235	0,02394	474,5	0,00845	474,5	0,00374	546,09326	0,01531
367,33931	0,02438	475	0,00821	475	0,0037	546,67377	0,01508
367,62625	0,02415	475,5	0,00871	475,5	0,00374	547,25427	0,01514
367,91317	0,02525	476	0,00839	476	0,00372	547,83478	0,01491
368,20007	0,0255	476,5	0,00862	476,5	0,00369	548,41516	0,01502
368,48695	0,02698	477	0,00856	477	0,00365	548,99554	0,0148
368,77381	0,02825	477,5	0,00899	477,5	0,00364	549,57587	0,0151
369,06065	0,02781	478	0,00766	478	0,00366	550,15619	0,01474
369,34746	0,02744	478,5	0,00766	478,5	0,00364	550,73639	0,01446
369,63426	0,02663	479	0,00819	479	0,00366	551,31659	0,01449
369,92103	0,02574	479,5	0,00841	479,5	0,00373	551,89679	0,01469
370,20778	0,02519	480	0,00836	480	0,00367	552,47687	0,01475
370,49451	0,02542	480,5	0,00847	480,5	0,00365	553,05695	0,01428
370,78122	0,0246	481	0,00815	481	0,00364	553,63702	0,01404
371,06791	0,02374	481,5	0,00871	481,5	0,00364	554,21698	0,01419
371,35458	0,02463	482	0,00772	482	0,00359	554,79694	0,01419
371,64123	0,02557	482,5	0,00848	482,5	0,00361	555,37689	0,01409
371,92786	0,02528	483	0,0078	483	0,00366	555,95673	0,01383
372,21446	0,02599	483,5	0,00818	483,5	0,00359	556,53656	0,0139
372,50105	0,02563	484	0,0085	484	0,00364	557,11633	0,01384
372,78761	0,02397	484,5	0,00822	484,5	0,0036	557,69611	0,01403
373,07415	0,02471	485	0,00848	485	0,00363	558,27576	0,0139
373,36067	0,02466	485,5	0,00836	485,5	0,00363	558,85541	0,01414
373,64717	0,02478	486	0,0076	486	0,00373	559,43506	0,01391
373,93365	0,0242	486,5	0,00827	486,5	0,00368	560,01465	0,01374
374,22011	0,02291	487	0,00836	487	0,00367	560,59418	0,01382
374,50655	0,0224	487,5	0,00777	487,5	0,00367	561,17365	0,01394
374,79296	0,02192	488	0,0081	488	0,00364	561,75311	0,01445
375,07935	0,02048	488,5	0,00816	488,5	0,00362	562,33246	0,01431
375,36573	0,02089	489	0,00803	489	0,00364	562,91187	0,01435
375,65208	0,02144	489,5	0,00839	489,5	0,00368	563,49115	0,0141
375,93841	0,02202	490	0,00823	490	0,00366	564,07043	0,01407
376,22472	0,0232	490,5	0,00874	490,5	0,00365	564,64966	0,01422
376,51101	0,02292	491	0,0083	491	0,00366	565,22888	0,01416
376,79727	0,02439	491,5	0,00839	491,5	0,00365	565,80804	0,01414
377,08352	0,02398	492	0,00807	492	0,00363	566,38715	0,01399
377,36974	0,02431	492,5	0,00786	492,5	0,00365	566,96619	0,01407
377,65595	0,02364	493	0,00764	493	0,00363	567,54523	0,01424
377,94213	0,02367	493,5	0,00819	493,5	0,00366	568,12421	0,01421
378,22829	0,02305	494	0,00775	494	0,00365	568,70313	0,01401
378,51443	0,02373	494,5	0,00755	494,5	0,00364	569,28204	0,01363
378,80055	0,02413	495	0,00856	495	0,00366	569,8609	0,0137
379,08664	0,02313	495,5	0,00816	495,5	0,00367	570,4397	0,01421
379,37272	0,02251	496	0,00851	496	0,00372	571,01849	0,01457
379,65877	0,02194	496,5	0,00854	496,5	0,00371	571,59723	0,01475
379,94481	0,02244	497	0,00771	497	0,00371	572,1759	0,01499
380,23082	0,02258	497,5	0,00801	497,5	0,0037	572,75452	0,0152
380,51681	0,02255	498	0,00778	498	0,00373	573,33313	0,01521
380,80278	0,02239	498,5	0,0081	498,5	0,00364	573,91168	0,01503
381,08872	0,02293	499	0,00777	499	0,00367	574,49023	0,01513
381,37465	0,02212	499,5	0,00749	499,5	0,00364	575,06866	0,0153
381,66055	0,02208	500	0,00792	500	0,0037	575,64709	0,01482
381,94644	0,02142	500,5	0,00848	500,5	0,00368	576,22552	0,01434
382,2323	0,0205	501	0,0081	501	0,00375	576,80383	0,01389
382,51814	0,0202	501,5	0,00824	501,5	0,00376	577,38214	0,01404
382,80396	0,02057	502	0,00793	502	0,00377	577,96039	0,01428
383,08976	0,02071	502,5	0,00772	502,5	0,00373	578,53864	0,01423
383,37553	0,02037	503	0,00804	503	0,00379	579,11682	0,01424
383,66129	0,02054	503,5	0,0083	503,5	0,00386	579,69495	0,01416
383,94702	0,02098	504	0,00806	504	0,00386	580,27307	0,01409
384,23273	0,02166	504,5	0,00829	504,5	0,0039	580,85107	0,0139
384,51843	0,02165	505	0,0085	505	0,00395	581,42908	0,0137
384,80409	0,02156	505,5	0,0083	505,5	0,00399	582,00708	0,01378
385,08974	0,02214	506	0,0079	506	0,004	582,58502	0,01364
385,37537	0,02255	506,5	0,00816	506,5	0,00408	583,1629	0,01364
385,66097	0,023	507	0,00856	507	0,00402	583,74072	0,01374
385,94656	0,02278	507,5	0,00844	507,5	0,00414	584,31854	0,01383
386,23212	0,0224	508	0,0087	508	0,00419	584,8963	0,01356
386,51766	0,022	508,5	0,00845	508,5	0,00429	585,474	0,0135
386,80318	0,02219	509	0,00854	509	0,00436	586,05164	0,0133
387,08867	0,02204	509,5	0,00882	509,5	0,00438	586,62927	0,01374
387,37415	0,02175	510	0,00864	510	0,00449	587,20685	0,0133
387,6596	0,02204	510,5	0,00861	510,5	0,00456	587,78442	0,01327
387,94504	0,02189	511	0,00876	511	0,00461	588,36194	0,01312
388,23045	0,02259	511,5	0,00909	511,5	0,00475	588,93939	0,01338
388,51584	0,02298	512	0,00867	512	0,00486	589,51678	0,01341
388,80121	0,02223	512,5	0,00879	512,5	0,00499	590,09418	0,01307
389,08655	0,02207	513	0,00856	513	0,00513	590,67151	0,01279
389,37188	0,02208	513,5	0,00859	513,5	0,00526	591,24878	0,01251
389,65718	0,02204	514	0,00928	514	0,00537	591,82605	0,01199
389,94246	0,0216	514,5	0,00916	514,5	0,00552	592,40326	0,01201
390,22772	0,02184	515	0,00877	515	0,00563	592,98041	0,0124
390,51296	0,02166	515,5	0,00894	515,5	0,00576	593,5575	0,01297
390,79818	0,02165	516	0,00891	516	0,00582	594,13458	0,0128
391,08337	0,02208	516,5	0,00902	516,5	0,00593	594,71161	0,01236
391,36854	0,0215	517	0,00908	517	0,00612	595,28864	0,01246
391,6537	0,02191	517,5	0,00958	517,5	0,00621	595,8656	0,01255
391,93883	0,02177	518	0,00897	518	0,00633	596,4425	0,01281
392,22394	0,02199	518,5	0,00906	518,5	0,00644	597,01935	0,01284
392,50902	0,02279	519	0,00897	519	0,00657	597,59619	0,01321
392,79409	0,02284	519,5	0,00894	519,5	0,00667	598,17297	0,01307
393,07913	0,02256	520	0,009	520	0,00679	598,74969	0,013
393,36415	0,02343	520,5	0,00935	520,5	0,00689	599,32642	0,01297
393,64915	0,02352	521	0,00899	521	0,00696	599,90308	0,01323
393,93413	0,02395	521,5	0,00938	521,5	0,00705	600,47968	0,01323
394,21909	0,02407	522	0,00975	522	0,00713	601,05621	0,01342
394,50402	0,02439	522,5	0,0094	522,5	0,00723	601,63275	0,01353
394,78893	0,02484	523	0,00996	523	0,00735	602,20923	0,01383
395,07383	0,02513	523,5	0,00937	523,5	0,00736	602,78571	0,01378
395,3587	0,02518	524	0,00964	524	0,0074	603,36206	0,01394
395,64354	0,02512	524,5	0,00977	524,5	0,00745	603,93842	0,01407
395,92837	0,0259	525	0,00969	525	0,00748	604,51477	0,01428
396,21317	0,02557	525,5	0,01042	525,5	0,00744	605,091	0,01437
396,49796	0,0261	526	0,01012	526	0,0075	605,66724	0,01452
396,78272	0,02614	526,5	0,00998	526,5	0,00749	606,24347	0,01465
397,06745	0,02612	527	0,00998	527	0,00751	606,81958	0,01475
397,35217	0,02599	527,5	0,01062	527,5	0,00745	607,39569	0,01446
397,63687	0,02579	528	0,01035	528	0,00744	607,97174	0,01439
397,92154	0,0259	528,5	0,01033	528,5	0,00736	608,54779	0,01464
398,20619	0,02607	529	0,01071	529	0,0073	609,12372	0,01563
398,49082	0,02529	529,5	0,01039	529,5	0,00722	609,69971	0,01599
398,77543	0,02539	530	0,01061	530	0,00719	610,27557	0,01615
399,06001	0,02583	530,5	0,01041	530,5	0,00712	610,85144	0,01581
399,34458	0,02544	531	0,01097	531	0,00706	611,42725	0,016
399,62912	0,0252	531,5	0,01091	531,5	0,00701	612,00299	0,01622
399,91364	0,02515	532	0,01073	532	0,0069	612,57874	0,01671
400,19814	0,02535	532,5	0,01109	532,5	0,00682	613,15442	0,01741
400,48261	0,02522	533	0,01103	533	0,00671	613,73004	0,01774
400,76707	0,02562	533,5	0,01111	533,5	0,00668	614,3056	0,01806
401,0515	0,02549	534	0,01106	534	0,0066	614,88116	0,01809
401,33591	0,02576	534,5	0,0114	534,5	0,00658	615,45667	0,01843
401,6203	0,02596	535	0,01132	535	0,00648	616,03217	0,01852
401,90467	0,02591	535,5	0,01128	535,5	0,00636	616,60754	0,01849
402,18901	0,02585	536	0,01097	536	0,00633	617,18292	0,0187
402,47333	0,02577	536,5	0,01222	536,5	0,00623	617,7583	0,01926
402,75763	0,02515	537	0,01207	537	0,00615	618,33356	0,0199
403,04191	0,02527	537,5	0,01237	537,5	0,00608	618,90881	0,02049
403,32617	0,02555	538	0,0125	538	0,00602	619,48407	0,02081
403,6104	0,02563	538,5	0,01282	538,5	0,006	620,0592	0,02132
403,89462	0,026	539	0,01242	539	0,00593	620,63434	0,02166
404,17881	0,02583	539,5	0,01273	539,5	0,0059	621,20941	0,02218
404,46298	0,0263	540	0,01227	540	0,00587	621,78448	0,02265
404,74712	0,02631	540,5	0,01224	540,5	0,00581	622,3595	0,02301
405,03125	0,02643	541	0,01236	541	0,00582	622,93445	0,02331
405,31535	0,02657	541,5	0,0127	541,5	0,00578	623,50934	0,02389
405,59943	0,02668	542	0,0121	542	0,00573	624,08423	0,02436
405,88349	0,02666	542,5	0,01262	542,5	0,00569	624,65906	0,02471
406,16753	0,02646	543	0,0125	543	0,00573	625,23383	0,02527
406,45154	0,02622	543,5	0,01253	543,5	0,00575	625,80859	0,02574
406,73553	0,02623	544	0,01299	544	0,00574	626,3833	0,02609
407,0195	0,02663	544,5	0,01251	544,5	0,00577	626,95795	0,02641
407,30345	0,02671	545	0,01277	545	0,00577	627,53253	0,02712
407,58738	0,02638	545,5	0,01276	545,5	0,00578	628,10712	0,02825
407,87128	0,02632	546	0,01264	546	0,00584	628,68164	0,02876
408,15516	0,02629	546,5	0,01266	546,5	0,0059	629,25616	0,02921
408,43902	0,02634	547	0,01268	547	0,00596	629,83057	0,02943
408,72286	0,02695	547,5	0,0126	547,5	0,00598	630,40497	0,03001
409,00667	0,02665	548	0,01292	548	0,00605	630,97937	0,03041
409,29046	0,02682	548,5	0,01274	548,5	0,00614	631,55365	0,03091
409,57424	0,02653	549	0,01256	549	0,00614	632,12793	0,0315
409,85798	0,0265	549,5	0,01276	549,5	0,00629	632,70215	0,03186
410,14171	0,02661	550	0,01276	550	0,00637	633,27637	0,03193
410,42541	0,02694	550,5	0,01231	550,5	0,00651	633,85052	0,03203
410,7091	0,02745	551	0,01199	551	0,00658	634,42462	0,03238
410,99276	0,02733	551,5	0,01225	551,5	0,00672	634,99866	0,03278
411,27639	0,02743	552	0,01227	552	0,00686	635,57269	0,03269
411,56001	0,0272	552,5	0,01196	552,5	0,00701	636,14667	0,03272
411,8436	0,02699	553	0,01198	553	0,00717	636,72064	0,03318
412,12717	0,02706	553,5	0,01247	553,5	0,00734	637,29449	0,03414
412,41072	0,02739	554	0,0123	554	0,00749	637,86835	0,03444
412,69425	0,02723	554,5	0,01236	554,5	0,00761	638,4422	0,03495
412,97775	0,02688	555	0,01248	555	0,00777	639,01593	0,03429
413,26123	0,02665	555,5	0,01264	555,5	0,00788	639,58966	0,03424
413,54469	0,02703	556	0,01224	556	0,00801	640,16333	0,03346
413,82813	0,02692	556,5	0,0123	556,5	0,00815	640,737	0,03341
414,11154	0,02737	557	0,01233	557	0,00822	641,31055	0,0331
414,39493	0,02739	557,5	0,01231	557,5	0,00833	641,88409	0,03262
414,6783	0,02716	558	0,01225	558	0,0084	642,45764	0,03234
414,96165	0,02758	558,5	0,01225	558,5	0,00844	643,03113	0,03201
415,24498	0,0278	559	0,01225	559	0,00849	643,60455	0,03151
415,52828	0,02808	559,5	0,01242	559,5	0,0085	644,17792	0,03089
415,81156	0,0281	560	0,01292	560	0,00857	644,75122	0,03018
416,09482	0,02817	560,5	0,01219	560,5	0,00859	645,32452	0,0297
416,37805	0,02752	561	0,01213	561	0,00861	645,89777	0,02945
416,66127	0,02748	561,5	0,01254	561,5	0,00864	646,47101	0,02893
416,94446	0,02747	562	0,01245	562	0,00863	647,04419	0,02871
417,22763	0,02749	562,5	0,01282	562,5	0,00866	647,61731	0,02804
417,51077	0,02794	563	0,01269	563	0,00859	648,19037	0,02798
417,7939	0,02866	563,5	0,01285	563,5	0,00855	648,76343	0,02774
418,077	0,02907	564	0,01291	564	0,00849	649,33643	0,0271
418,36008	0,02937	564,5	0,01303	564,5	0,00848	649,90936	0,02645
418,64313	0,02957	565	0,01245	565	0,00839	650,4823	0,02568
418,92617	0,02985	565,5	0,01268	565,5	0,00834	651,05518	0,02553
419,20918	0,03012	566	0,01259	566	0,0083	651,62799	0,02503
419,49217	0,03035	566,5	0,01303	566,5	0,00828	652,20074	0,02495
419,77513	0,0309	567	0,01312	567	0,00823	652,7735	0,02465
420,05808	0,03117	567,5	0,01277	567,5	0,00817	653,34619	0,02411
420,341	0,03178	568	0,01269	568	0,00813	653,91888	0,02276
420,6239	0,03237	568,5	0,01274	568,5	0,00806	654,49152	0,02156
420,90678	0,03299	569	0,01291	569	0,008	655,06409	0,02097
421,18963	0,03357	569,5	0,01233	569,5	0,00792	655,6366	0,02116
421,47246	0,03441	570	0,01262	570	0,00785	656,20905	0,02123
421,75527	0,03481	570,5	0,01266	570,5	0,00776	656,78149	0,02133
422,03806	0,0356	571	0,01244	571	0,00769	657,35394	0,02054
422,32082	0,03632	571,5	0,01297	571,5	0,00765	657,92627	0,01992
422,60356	0,03709	572	0,01286	572	0,00758	658,4986	0,01933
422,88628	0,03797	572,5	0,01271	572,5	0,0075	659,07086	0,01963
423,16898	0,03869	573	0,01314	573	0,00744	659,64307	0,01945
423,45165	0,03933	573,5	0,01268	573,5	0,00736	660,21527	0,0194
423,7343	0,04004	574	0,01273	574	0,00727	660,78741	0,01879
424,01693	0,0409	574,5	0,01266	574,5	0,00716	661,35956	0,01853
424,29954	0,04163	575	0,01251	575	0,00709	661,93158	0,0179
424,58212	0,04281	575,5	0,01257	575,5	0,00702	662,5036	0,01764
424,86468	0,04384	576	0,01274	576	0,00696	663,07556	0,01718
425,14722	0,04486	576,5	0,01289	576,5	0,00688	663,64752	0,01681
425,42973	0,04604	577	0,01279	577	0,00678	664,21942	0,01654
425,71222	0,04699	577,5	0,01274	577,5	0,0067	664,79126	0,01682
425,99469	0,0481	578	0,01297	578	0,00668	665,36304	0,01693
426,27714	0,04936	578,5	0,0126	578,5	0,00661	665,93481	0,01683
426,55957	0,05029	579	0,0126	579	0,00661	666,50653	0,01625
426,84197	0,05162	579,5	0,01239	579,5	0,00648	667,07819	0,01625
427,12435	0,05262	580	0,01253	580	0,00641	667,64984	0,01592
427,4067	0,05409	580,5	0,01245	580,5	0,00635	668,22144	0,01582
427,68904	0,05564	581	0,01248	581	0,00628	668,79297	0,01525
427,97135	0,05684	581,5	0,01241	581,5	0,00626	669,3645	0,01548
428,25364	0,05832	582	0,01239	582	0,00622	669,93591	0,01568
428,5359	0,05953	582,5	0,01241	582,5	0,00618	670,50739	0,01583
428,81814	0,06083	583	0,01224	583	0,00615	671,07874	0,01553
429,10036	0,06207	583,5	0,0119	583,5	0,00609	671,65009	0,01483
429,38256	0,06357	584	0,01186	584	0,00611	672,22137	0,01459
429,66474	0,06474	584,5	0,01178	584,5	0,00609	672,7926	0,01366
429,94689	0,06576	585	0,01186	585	0,00603	673,36383	0,01391
430,22902	0,06688	585,5	0,01169	585,5	0,00604	673,935	0,01367
430,51112	0,0679	586	0,01216	586	0,00605	674,5061	0,01432
430,79321	0,06881	586,5	0,01204	586,5	0,00607	675,07715	0,01379
431,07527	0,07002	587	0,01218	587	0,00605	675,64819	0,01335
431,3573	0,07079	587,5	0,01189	587,5	0,00606	676,21918	0,01332
431,63932	0,07143	588	0,01204	588	0,00607	676,79016	0,01354
431,92131	0,0718	588,5	0,01201	588,5	0,00607	677,36102	0,01386
432,20328	0,07208	589	0,01151	589	0,00612	677,93188	0,01371
432,48523	0,07262	589,5	0,01176	589,5	0,0061	678,50275	0,01329
432,76715	0,07234	590	0,01138	590	0,00614	679,07349	0,01258
433,04905	0,07219	590,5	0,01154	590,5	0,00616	679,64423	0,01234
433,33093	0,07138	591	0,01172	591	0,00621	680,2149	0,0123
433,61278	0,07086	591,5	0,01198	591,5	0,00622	680,78558	0,01241
433,89461	0,07066	592	0,01199	592	0,00627	681,3562	0,01195
434,17642	0,06996	592,5	0,01222	592,5	0,00633	681,92676	0,01155
434,45821	0,0691	593	0,01196	593	0,00638	682,49725	0,01148
434,73997	0,06822	593,5	0,01231	593,5	0,00645	683,06775	0,01204
435,02171	0,06724	594	0,01234	594	0,00655	683,63818	0,01206
435,30343	0,06617	594,5	0,01233	594,5	0,00657	684,20856	0,0122
435,58512	0,06524	595	0,01248	595	0,00661	684,77893	0,01133
435,8668	0,06405	595,5	0,01225	595,5	0,00666	685,34924	0,01195
436,14844	0,06275	596	0,01259	596	0,00673	685,91949	0,01258
436,43007	0,06122	596,5	0,01257	596,5	0,00679	686,48969	0,01334
436,71167	0,05984	597	0,01247	597	0,00684	687,05988	0,01273
436,99325	0,05796	597,5	0,01302	597,5	0,00693	687,63	0,01236
437,27481	0,05619	598	0,0125	598	0,00699	688,20013	0,0126
437,55634	0,05482	598,5	0,01286	598,5	0,00704	688,77014	0,01321
437,83785	0,05296	599	0,01303	599	0,00713	689,34015	0,0126
438,11934	0,05106	599,5	0,01297	599,5	0,00721	689,91016	0,01177
438,4008	0,04944	600	0,01286	600	0,00729	690,48004	0,01127
438,68224	0,04818	600,5	0,01331	600,5	0,00735	691,04993	0,01127
438,96366	0,04643	601	0,01355	601	0,00741	691,61975	0,01119
439,24506	0,0456	601,5	0,01329	601,5	0,00749	692,18958	0,01122
439,52643	0,04438	602	0,01367	602	0,00757	692,75934	0,01117
439,80778	0,04286	602,5	0,01372	602,5	0,00764	693,32904	0,01117
440,0891	0,0418	603	0,01422	603	0,00771	693,89868	0,01121
440,37041	0,0405	603,5	0,01427	603,5	0,00779	694,46832	0,01153
440,65169	0,03927	604	0,01379	604	0,00787	695,0379	0,0115
440,93294	0,03815	604,5	0,01392	604,5	0,00793	695,60742	0,0113
441,21418	0,03691	605	0,01419	605	0,00804	696,17694	0,01093
441,49539	0,03569	605,5	0,01466	605,5	0,0081	696,74634	0,01117
441,77658	0,03492	606	0,0146	606	0,0082	697,3158	0,01114
442,05774	0,03373	606,5	0,01468	606,5	0,0083	697,88513	0,01122
442,33888	0,03284	607	0,0148	607	0,00837	698,45447	0,01068
442,62	0,03187	607,5	0,01476	607,5	0,00847	699,02374	0,01043
442,90109	0,0313	608	0,01506	608	0,00858	699,59296	0,01058
443,18216	0,03066	608,5	0,01483	608,5	0,00864	700,16217	0,01044
443,46321	0,02985	609	0,01491	609	0,00874	700,73132	0,01074
443,74424	0,02942	609,5	0,01584	609,5	0,00887	701,30042	0,01005
444,02524	0,02922	610	0,01564	610	0,00901	701,86951	0,01001
444,30622	0,02854	610,5	0,01598	610,5	0,00916	702,43848	0,00974
444,58717	0,02807	611	0,01637	611	0,0093	703,00745	0,01005
444,86811	0,02776	611,5	0,01648	611,5	0,00946	703,57642	0,01011
445,14902	0,02712	612	0,01649	612	0,00962	704,14532	0,00982
445,4299	0,02673	612,5	0,01637	612,5	0,00977	704,71417	0,00986
445,71076	0,02613	613	0,01692	613	0,00991	705,28296	0,00993
445,9916	0,02565	613,5	0,01741	613,5	0,01008	705,85175	0,00984
446,27242	0,02531	614	0,01805	614	0,01028	706,42047	0,00966
446,55321	0,02503	614,5	0,0184	614,5	0,01047	706,98914	0,00951
446,83398	0,02469	615	0,01854	615	0,01061	707,55774	0,0094
447,11473	0,02437	615,5	0,01892	615,5	0,0108	708,12634	0,00908
447,39545	0,02409	616	0,019	616	0,01101	708,69489	0,00845
447,67615	0,02384	616,5	0,01953	616,5	0,01118	709,26343	0,00828
447,95683	0,02333	617	0,01959	617	0,01145	709,83185	0,00875
448,23748	0,02328	617,5	0,01993	617,5	0,0117	710,40027	0,00952
448,51811	0,02316	618	0,02058	618	0,01187	710,96863	0,00975
448,79872	0,02302	618,5	0,02119	618,5	0,01211	711,53699	0,00917
449,0793	0,0228	619	0,0219	619	0,01229	712,10529	0,00871
449,35986	0,0224	619,5	0,02168	619,5	0,01253	712,67352	0,00845
449,64039	0,02225	620	0,0215	620	0,01272	713,24176	0,00907
449,92091	0,02207	620,5	0,02182	620,5	0,01294	713,80988	0,00934
450,2014	0,02187	621	0,02176	621	0,01314	714,37799	0,00995
450,48186	0,02167	621,5	0,02261	621,5	0,01327	714,94611	0,00924
450,76231	0,02167	622	0,02289	622	0,01342	715,5141	0,00936
451,04273	0,02128	622,5	0,02347	622,5	0,01361	716,08209	0,00872
451,32312	0,02098	623	0,02321	623	0,01373	716,65009	0,00899
451,60349	0,02086	623,5	0,02315	623,5	0,01387	717,21796	0,00854
451,88384	0,02058	624	0,02298	624	0,01399	717,78583	0,00842
452,16417	0,02031	624,5	0,02399	624,5	0,01409	718,35364	0,00792
452,44447	0,02032	625	0,02406	625	0,01419	718,92145	0,00813
452,72475	0,02022	625,5	0,02521	625,5	0,01428	719,48914	0,00797
453,005	0,01999	626	0,02483	626	0,01431	720,05682	0,00861
453,28524	0,01986	626,5	0,02437	626,5	0,01434	720,62451	0,00859
453,56544	0,01962	627	0,0247	627	0,01432	721,19208	0,00906
453,84563	0,01959	627,5	0,02423	627,5	0,01431	721,75964	0,0092
454,12579	0,01942	628	0,0248	628	0,01427	722,32715	0,0091
454,40593	0,01925	628,5	0,02448	628,5	0,01423	722,89465	0,00987
454,68604	0,01922	629	0,02492	629	0,01415	723,4621	0,00931
454,96613	0,01917	629,5	0,02446	629,5	0,01407	724,02948	0,00928
455,2462	0,01928	630	0,02441	630	0,014	724,5968	0,00845
455,52624	0,01895	630,5	0,02435	630,5	0,01382	725,16412	0,00854
455,80626	0,01876	631	0,02428	631	0,01372	725,73138	0,0083
456,08626	0,01869	631,5	0,02414	631,5	0,01354	726,29858	0,00835
456,36623	0,01864	632	0,02443	632	0,01337	726,86578	0,00802
456,64618	0,01864	632,5	0,02431	632,5	0,01318	727,43286	0,00744
456,92611	0,01875	633	0,02345	633	0,013	728	0,00716
457,20601	0,01874	633,5	0,02365	633,5	0,01277	728,56702	0,00746
457,48589	0,01866	634	0,02362	634	0,01261	729,13403	0,00813
457,76574	0,01861	634,5	0,02338	634,5	0,0124	729,70099	0,00831
458,04558	0,01855	635	0,023	635	0,01217	730,26788	0,00853
458,32538	0,01821	635,5	0,02298	635,5	0,01194	730,83478	0,00877
458,60517	0,01798	636	0,02231	636	0,0117	731,40161	0,00766
458,88493	0,01798	636,5	0,02197	636,5	0,01141	731,96838	0,00672
459,16466	0,01774	637	0,02191	637	0,0112	732,5351	0,00661
459,44438	0,01775	637,5	0,02145	637,5	0,01096	733,10181	0,00768
459,72407	0,01786	638	0,02138	638	0,01073	733,66846	0,00836
460,00373	0,0179	638,5	0,02112	638,5	0,01049	734,23511	0,0076
460,28338	0,01759	639	0,02013	639	0,01025	734,80164	0,0079
460,56299	0,0173	639,5	0,01952	639,5	0,01004	735,36816	0,00767
460,84259	0,01727	640	0,01907	640	0,00985	735,93469	0,00772
461,12216	0,01731	640,5	0,01947	640,5	0,00965	736,5011	0,0072
461,40171	0,01728	641	0,01863	641	0,00941	737,0675	0,0073
461,68123	0,01728	641,5	0,01816	641,5	0,00926	737,63385	0,00751
461,96073	0,01714	642	0,0184	642	0,00902	738,2002	0,00741
462,24021	0,01715	642,5	0,01753	642,5	0,00887	738,76642	0,00709
462,51966	0,01687	643	0,01717	643	0,00867	739,3327	0,00722
462,79909	0,01691	643,5	0,01708	643,5	0,00848	739,89886	0,00732
463,07849	0,01676	644	0,01694	644	0,00832	740,46497	0,00771
463,35787	0,01661	644,5	0,01604	644,5	0,00809	741,03107	0,00792
463,63723	0,01661	645	0,01624	645	0,00788	741,59717	0,00779
463,91656	0,01656	645,5	0,0162	645,5	0,00774	742,16315	0,00721
464,19587	0,01654	646	0,01559	646	0,00763	742,72913	0,0075
464,47516	0,01642	646,5	0,01547	646,5	0,00741	743,29504	0,00815
464,75442	0,01656	647	0,01501	647	0,00729	743,8609	0,00842
465,03366	0,01646	647,5	0,01476	647,5	0,00718	744,42676	0,00813
465,31288	0,01655	648	0,01405	648	0,00703	744,99255	0,00759
465,59207	0,01631	648,5	0,01424	648,5	0,00692	745,55829	0,00823
465,87123	0,01617	649	0,01355	649	0,00681	746,12402	0,00871
466,15038	0,01606	649,5	0,0136	649,5	0,00668	746,6897	0,00975
466,42949	0,01614	650	0,01357	650	0,00657	747,25531	0,00916
466,70859	0,016	650,5	0,01355	650,5	0,00646	747,82086	0,00829
466,98766	0,01592	651	0,01384	651	0,00632	748,38641	0,00754
467,26671	0,01585	651,5	0,01335	651,5	0,00624	748,9519	0,00742
467,54573	0,01578	652	0,01299	652	0,00611	749,5174	0,00829
467,82473	0,01562	652,5	0,01222	652,5	0,00602	750,08276	0,00756
468,10371	0,01536	653	0,01224	653	0,00593	750,64813	0,00759
468,38266	0,01523	653,5	0,01213	653,5	0,00581	751,21344	0,00693
468,66159	0,0149	654	0,01213	654	0,00574	751,77875	0,00723
468,94049	0,01496	654,5	0,01216	654,5	0,0057	752,34399	0,00757
469,21937	0,01484	655	0,01206	655	0,0056	752,90918	0,00671
469,49823	0,01492	655,5	0,01183	655,5	0,00552	753,4743	0,00662
469,77706	0,01483	656	0,01198	656	0,00542	754,03943	0,00597
470,05587	0,0148	656,5	0,01106	656,5	0,0054	754,60449	0,00698
470,33465	0,01473	657	0,01115	657	0,0053	755,16949	0,0074
470,61341	0,01461	657,5	0,01121	657,5	0,00527	755,73444	0,00778
470,89215	0,0145	658	0,01115	658	0,00518	756,29938	0,00697
471,17086	0,01434	658,5	0,01154	658,5	0,00512	756,86426	0,00596
471,44955	0,01426	659	0,01212	659	0,00506	757,42914	0,00572
471,72821	0,01412	659,5	0,01109	659,5	0,00497	757,99396	0,0062
472,00685	0,01412	660	0,01149	660	0,00494	758,55872	0,00713
472,28547	0,01405	660,5	0,01154	660,5	0,00481	759,12341	0,00782
472,56406	0,01377	661	0,01105	661	0,00481	759,68811	0,0077
472,84263	0,01384	661,5	0,01071	661,5	0,00474	760,25269	0,00748
473,12117	0,01384	662	0,01092	662	0,00467	760,81732	0,00733
473,39969	0,0137	662,5	0,01041	662,5	0,00466	761,38184	0,00777
473,67819	0,01379	663	0,01005	663	0,00459	761,94635	0,00756
473,95666	0,01389	663,5	0,00998	663,5	0,00458	762,5108	0,00701
474,23511	0,014	664	0,01022	664	0,00449	763,0752	0,0069
474,51353	0,01404	664,5	0,01004	664,5	0,00449	763,63959	0,00776
474,79193	0,01415	665	0,00958	665	0,00442	764,20392	0,0081
475,0703	0,01429	665,5	0,00993	665,5	0,00441	764,76819	0,00823
475,34865	0,01422	666	0,01038	666	0,00435	765,33246	0,00675
475,62698	0,01399	666,5	0,00972	666,5	0,00428	765,89661	0,00666
475,90528	0,01395	667	0,00948	667	0,00425	766,46075	0,00675
476,18356	0,01382	667,5	0,00943	667,5	0,00418	767,0249	0,00861
476,46182	0,01389	668	0,00911	668	0,0042	767,58899	0,00864
476,74005	0,01391	668,5	0,0098	668,5	0,00415	768,15302	0,00888
477,01825	0,01406	669	0,0096	669	0,00409	768,71698	0,0087
477,29643	0,01407	669,5	0,0097	669,5	0,00405	769,28088	0,00928
477,57459	0,01417	670	0,00966	670	0,00403	769,84479	0,00977
477,85272	0,01412	670,5	0,00882	670,5	0,00399	770,40863	0,00866
478,13083	0,01412	671	0,00917	671	0,00395	770,97247	0,0074
478,40892	0,01428	671,5	0,0087	671,5	0,00392	771,53619	0,0067
478,68698	0,01418	672	0,00864	672	0,0039	772,09998	0,00692
478,96502	0,01427	672,5	0,00897	672,5	0,00387	772,66364	0,00786
479,24303	0,01429	673	0,00867	673	0,0038	773,22723	0,0081
479,52102	0,01437	673,5	0,00917	673,5	0,00378	773,79083	0,00828
479,79898	0,01436	674	0,009	674	0,00374	774,35437	0,0077
480,07692	0,0143	674,5	0,00897	674,5	0,00373	774,91791	0,00712
480,35483	0,01408	675	0,00917	675	0,00366	775,48138	0,00624
480,63273	0,01401	675,5	0,00852	675,5	0,0037	776,0448	0,00614
480,91059	0,0139	676	0,009	676	0,00367	776,60815	0,00711
481,18843	0,01398	676,5	0,00916	676,5	0,00363	777,17151	0,00856
481,46625	0,01409	677	0,0085	677	0,00361	777,7348	0,00909
481,74405	0,01423	677,5	0,00873	677,5	0,00358	778,29803	0,00839
482,02182	0,01444	678	0,00861	678	0,00353	778,86121	0,00774
482,29956	0,01448	678,5	0,00836	678,5	0,0035	779,42438	0,00757
482,57728	0,01437	679	0,00749	679	0,00352	779,98749	0,00669
482,85498	0,01425	679,5	0,00842	679,5	0,00347	780,5506	0,00663
483,13265	0,01429	680	0,008	680	0,00341	781,11359	0,00593
483,4103	0,01433	680,5	0,00844	680,5	0,00341	781,67657	0,00688
483,68792	0,01452	681	0,00816	681	0,00343	782,23956	0,00629
483,96552	0,01443	681,5	0,00795	681,5	0,00336	782,80243	0,00707
484,24309	0,01433	682	0,00771	682	0,00333	783,3653	0,00676
484,52064	0,01414	682,5	0,00763	682,5	0,00331	783,9281	0,00765
484,79817	0,01409	683	0,00771	683	0,00331	784,49084	0,00758
485,07567	0,01418	683,5	0,00798	683,5	0,00328	785,05359	0,00826
485,35315	0,01408	684	0,00801	684	0,00324	785,61627	0,00808
485,6306	0,01398	684,5	0,0078	684,5	0,00321	786,17889	0,00839
485,90803	0,01397	685	0,00768	685	0,00314	786,74152	0,00836
486,18543	0,01397	685,5	0,00784	685,5	0,00315	787,30408	0,00859
486,46281	0,01391	686	0,00775	686	0,00312	787,86658	0,00828
486,74016	0,01381	686,5	0,00809	686,5	0,00311	788,42902	0,00764
487,01749	0,01371	687	0,0079	687	0,00309	788,99146	0,00671
487,2948	0,01371	687,5	0,00777	687,5	0,00301	789,55383	0,00684
487,57208	0,01376	688	0,00737	688	0,00301	790,11621	0,00708
487,84933	0,01364	688,5	0,00758	688,5	0,003	790,67847	0,00734
488,12657	0,01346	689	0,00754	689	0,00301	791,24072	0,00673
488,40377	0,01344	689,5	0,00751	689,5	0,003	791,80292	0,00651
488,68096	0,01349	690	0,00752	690	0,00293	792,36511	0,00662
488,95811	0,01339	690,5	0,00764	690,5	0,00289	792,92719	0,00723
489,23525	0,01327	691	0,00778	691	0,00288	793,48932	0,00795
489,51236	0,01314	691,5	0,00736	691,5	0,00282	794,05133	0,00839
489,78944	0,01308	692	0,00726	692	0,00286	794,61328	0,00876
490,0665	0,01305	692,5	0,00687	692,5	0,00281	795,17523	0,00826
490,34354	0,01298	693	0,00687	693	0,00282	795,73718	0,00716
490,62055	0,01286	693,5	0,00714	693,5	0,00278	796,29901	0,0066
490,89753	0,01272	694	0,00691	694	0,0028	796,86084	0,00655
491,1745	0,0127	694,5	0,00743	694,5	0,00275	797,42261	0,00832
491,45143	0,01265	695	0,00702	695	0,00273	797,98431	0,00867
491,72835	0,01275	695,5	0,00742	695,5	0,00268	798,54602	0,00851
492,00523	0,0127	696	0,00734	696	0,00258	799,10767	0,00823
492,2821	0,0127	696,5	0,00711	696,5	0,0026	799,66925	0,00763
492,55893	0,01264	697	0,00658	697	0,00263	800,23083	0,00772
492,83575	0,01261	697,5	0,00673	697,5	0,00259	800,7923	0,00707
493,11254	0,01254	698	0,00671	698	0,0026	801,35382	0,00765
493,3893	0,01231	698,5	0,00671	698,5	0,00259	801,91522	0,00838
493,66604	0,01223	699	0,00717	699	0,00256	802,47662	0,00826
493,94276	0,01217	699,5	0,00656	699,5	0,00249	803,03796	0,00818
494,21945	0,01214	700	0,00711	700	0,00243	803,59924	0,00705
494,49611	0,01198	700,5	0,00702	700,5	0,00244	804,16046	0,00701
494,77275	0,01207	701	0,00696	701	0,00241	804,72168	0,00751
495,04937	0,01213	701,5	0,00653	701,5	0,00238	805,28284	0,00798
495,32596	0,01205	702	0,0069	702	0,00242	805,84399	0,00891
495,60253	0,01217	702,5	0,00685	702,5	0,00238	806,40503	0,00872
495,87907	0,01225	703	0,00655	703	0,00233	806,96606	0,00922
496,15559	0,01227	703,5	0,00653	703,5	0,00235	807,5271	0,00804
496,43208	0,01226	704	0,00616	704	0,00231	808,08801	0,00774
496,70855	0,01234	704,5	0,00592	704,5	0,00231	808,64893	0,00746
496,98499	0,01242	705	0,00653	705	0,00228	809,20978	0,00837
497,26141	0,01242	705,5	0,00668	705,5	0,00226	809,77063	0,00765
497,5378	0,01226	706	0,00705	706	0,00229	810,33136	0,00677
497,81417	0,01224	706,5	0,00667	706,5	0,00229	810,89209	0,00627
498,09051	0,01213	707	0,00653	707	0,00236	811,45282	0,00706
498,36683	0,01213	707,5	0,00639	707,5	0,0023	812,01343	0,00671
498,64313	0,01219	708	0,00665	708	0,00231	812,57404	0,00619
498,9194	0,01224	708,5	0,006	708,5	0,00229	813,13458	0,00623
499,19564	0,01244	709	0,0058	709	0,00223	813,69513	0,0074
499,47186	0,01238	709,5	0,00635	709,5	0,00217	814,25555	0,00848
499,74806	0,01242	710	0,00577	710	0,00218	814,81604	0,00849
500,02423	0,01241	710,5	0,0061	710,5	0,00217	815,3764	0,00854
500,30037	0,01244	711	0,00615	711	0,00215	815,93671	0,00778
500,57649	0,0122	711,5	0,00639	711,5	0,0022	816,49701	0,00641
500,85259	0,01208	712	0,0068	712	0,00212	817,05725	0,00559
501,12866	0,01203	712,5	0,00673	712,5	0,00217	817,61749	0,00498
501,4047	0,01188	713	0,00644	713	0,00217	818,17767	0,00576
501,68072	0,01191	713,5	0,0069	713,5	0,00215	818,73779	0,00578
501,95672	0,01206	714	0,0069	714	0,00221	819,29785	0,00698
502,23269	0,01206	714,5	0,00636	714,5	0,00223	819,85791	0,00741
502,50863	0,01182	715	0,00642	715	0,00223	820,41785	0,00791
502,78455	0,01168	715,5	0,00623	715,5	0,00214	820,97784	0,00748
503,06045	0,01155	716	0,00667	716	0,00214	821,53772	0,00714
503,33632	0,01155	716,5	0,00603	716,5	0,00209	822,0976	0,00735
503,61216	0,01158	717	0,00641	717	0,00208	822,65741	0,00713
503,88799	0,01161	717,5	0,0061	717,5	0,00208	823,21716	0,0073
504,16378	0,01165	718	0,00624	718	0,00208	823,77692	0,00701
504,43955	0,01169	718,5	0,0061	718,5	0,00209	824,33661	0,00667
504,7153	0,01156	719	0,0069	719	0,00209	824,89624	0,00627
504,99102	0,01152	719,5	0,00661	719,5	0,00206	825,45581	0,00608
505,26671	0,01158	720	0,00693	720	0,00208	826,01538	0,00706
505,54238	0,01163	720,5	0,00658	720,5	0,00209	826,57489	0,00814
505,81803	0,01159	721	0,00618	721	0,00211	827,1344	0,00923
506,09365	0,01173	721,5	0,00545	721,5	0,00209	827,69379	0,00915
506,36925	0,01188	722	0,00577	722	0,00207	828,25317	0,0085
506,64482	0,01197	722,5	0,00565	722,5	0,00204	828,8125	0,00835
506,92036	0,01204	723	0,00548	723	0,00201	829,37183	0,00779
507,19588	0,012	723,5	0,00523	723,5	0,00199	829,93109	0,00747
507,47138	0,01189	724	0,00546	724	0,00198	830,4903	0,00756
507,74685	0,01186	724,5	0,00616	724,5	0,00198	831,04944	0,00811
508,02229	0,01191	725	0,00575	725	0,00197	831,60858	0,00873
508,29771	0,012	725,5	0,0053	725,5	0,00196	832,1676	0,00823
508,5731	0,01201	726	0,00566	726	0,00189	832,72668	0,00828
508,84847	0,01208	726,5	0,0054	726,5	0,00195	833,28564	0,00899
509,12382	0,01221	727	0,00549	727	0,00196	833,8446	0,00835
509,39914	0,01228	727,5	0,00618	727,5	0,00192	834,4035	0,00808
509,67443	0,01233	728	0,00612	728	0,00197	834,96234	0,00685
509,9497	0,01214	728,5	0,00589	728,5	0,00194	835,52118	0,00691
510,22494	0,01213	729	0,00633	729	0,00191	836,07996	0,00654
510,50016	0,01207	729,5	0,00539	729,5	0,00186	836,63867	0,00643
510,77536	0,01202	730	0,00572	730	0,00181	837,19739	0,00612
511,05052	0,0118	730,5	0,0056	730,5	0,00177	837,75598	0,00525
511,32567	0,01189	731	0,00548	731	0,00183	838,31458	0,0049
511,60078	0,01192	731,5	0,00485	731,5	0,00177	838,87317	0,00494
511,87588	0,0118	732	0,00545	732	0,00179	839,43164	0,006
512,15094	0,01175	732,5	0,0053	732,5	0,00176	839,99011	0,00676
512,42598	0,01164	733	0,00568	733	0,00182	840,54858	0,0076
512,701	0,01166	733,5	0,00502	733,5	0,0018	841,10693	0,00829
512,97599	0,01166	734	0,00537	734	0,00181	841,66528	0,00808
513,25096	0,01169	734,5	0,00488	734,5	0,00182	842,22357	0,00804
513,5259	0,0116	735	0,00507	735	0,00177	842,7818	0,00776
513,80081	0,01154	735,5	0,00534	735,5	0,00171	843,34003	0,00813
514,0757	0,01154	736	0,00549	736	0,00175	843,89819	0,00777
514,35057	0,01158	736,5	0,00542	736,5	0,00175	844,4563	0,00747
514,62541	0,01163	737	0,00586	737	0,00175	845,01434	0,00689
514,90022	0,01161	737,5	0,00569	737,5	0,00177	845,57239	0,00652
515,17501	0,01144	738	0,0058	738	0,00175	846,13037	0,00648
515,44978	0,01155	738,5	0,00558	738,5	0,00171	846,68835	0,00637
515,72451	0,01161	739	0,00531	739	0,00168	847,24622	0,00675
515,99923	0,01152	739,5	0,00542	739,5	0,00172	847,80408	0,00604
516,27391	0,01159	740	0,00568	740	0,0017	848,36188	0,00586
516,54858	0,01162	740,5	0,00536	740,5	0,00175	848,91968	0,00516
516,82321	0,01184	741	0,00565	741	0,00176	849,47742	0,00593
517,09782	0,01186	741,5	0,00604	741,5	0,00174	850,0351	0,00724
517,37241	0,01186	742	0,00558	742	0,0017	850,59271	0,00867
517,64697	0,01197	742,5	0,00548	742,5	0,00173	851,15033	0,00921
517,9215	0,01195	743	0,00531	743	0,0016	851,70782	0,00852
518,19601	0,012	743,5	0,00496	743,5	0,00165	852,26538	0,00718
518,4705	0,01201	744	0,00526	744	0,00169	852,82281	0,00667
518,74496	0,01215	744,5	0,00575	744,5	0,00165	853,38025	0,00651
519,01939	0,01207	745	0,00569	745	0,00167	853,93762	0,00696
519,2938	0,01217	745,5	0,00624	745,5	0,00169	854,49493	0,00714
519,56818	0,01223	746	0,00601	746	0,00171	855,05225	0,00683
519,84254	0,01227	746,5	0,00535	746,5	0,00168	855,6095	0,00685
520,11687	0,0124	747	0,00459	747	0,00164	856,16669	0,00706
520,39118	0,01237	747,5	0,00482	747,5	0,00164	856,72382	0,00799
520,66546	0,01227	748	0,00516	748	0,00163	857,28094	0,00849
520,93971	0,0123	748,5	0,00587	748,5	0,00168	857,83801	0,00772
521,21394	0,01228	749	0,0053	749	0,00164	858,39502	0,00672
521,48814	0,01236	749,5	0,00551	749,5	0,00162	858,95203	0,00599
521,76232	0,01252	750	0,00513	750	0,00155	859,50897	0,0059
522,03647	0,01249	750,5	0,00536	750,5	0,00156	860,06586	0,00619
522,3106	0,01254	751	0,0053	751	0,00153	860,62274	0,00644
522,5847	0,01247	751,5	0,00511	751,5	0,00155	861,1795	0,00762
522,85878	0,01242	752	0,0052	752	0,00157	861,73627	0,00781
523,13283	0,01238	752,5	0,00508	752,5	0,0015	862,29303	0,00727
523,40686	0,01227	753	0,00503	753	0,00154	862,84967	0,00638
523,68085	0,01218	753,5	0,00468	753,5	0,00154	863,40631	0,0062
523,95483	0,01216	754	0,00508	754	0,00151	863,96289	0,00659
524,22878	0,01201	754,5	0,00511	754,5	0,00149	864,51947	0,00651
524,5027	0,01197	755	0,00513	755	0,00151	865,07593	0,00686
524,7766	0,01204	755,5	0,00478	755,5	0,00151	865,63239	0,00752
525,05047	0,01204	756	0,00557	756	0,00148	866,18884	0,00757
525,32431	0,01206	756,5	0,00494	756,5	0,00144	866,74518	0,00706
525,59813	0,0121	757	0,00508	757	0,00148	867,30151	0,00651
525,87193	0,01213	757,5	0,00481	757,5	0,00141	867,85779	0,00603
526,1457	0,01223	758	0,00555	758	0,00142	868,41406	0,00568
526,41944	0,0124	758,5	0,00552	758,5	0,00145	868,97021	0,00573
526,69316	0,01255	759	0,0049	759	0,0015	869,52637	0,00575
526,96685	0,01252	759,5	0,00531	759,5	0,00149	870,08252	0,00636
527,24051	0,01249	760	0,00526	760	0,00152	870,63855	0,00661
527,51415	0,01247	760,5	0,0052	760,5	0,00149	871,19458	0,00644
527,78777	0,01245	761	0,00499	761	0,00145	871,75055	0,00615
528,06136	0,01248	761,5	0,00565	761,5	0,00142	872,30646	0,0068
528,33492	0,01243	762	0,00504	762	0,00144	872,86237	0,00768
528,60846	0,01243	762,5	0,006	762,5	0,00141	873,41821	0,00874
528,88197	0,01238	763	0,00455	763	0,00143	873,974	0,00785
529,15546	0,01247	763,5	0,00499	763,5	0,00144	874,52979	0,00764
529,42892	0,0126	764	0,00459	764	0,00143	875,08551	0,00737
529,70235	0,01273	764,5	0,00446	764,5	0,00144	875,64117	0,00785
529,97576	0,01299	765	0,00549	765	0,00139	876,19678	0,00794
530,24914	0,01305	765,5	0,0051	765,5	0,00143	876,75238	0,00781
530,5225	0,01307	766	0,00534	766	0,00141	877,30792	0,00759
530,79583	0,01304	766,5	0,00507	766,5	0,00148	877,8634	0,00716
531,06913	0,01311	767	0,00556	767	0,00146	878,41882	0,00632
531,34241	0,01321	767,5	0,00459	767,5	0,00149	878,97424	0,00626
531,61567	0,01311	768	0,00479	768	0,00145	879,5296	0,00653
531,88889	0,01314	768,5	0,00421	768,5	0,00146	880,08496	0,00702
532,1621	0,01319	769	0,00462	769	0,00145	880,6402	0,00666
532,43527	0,01323	769,5	0,00465	769,5	0,00138	881,19543	0,00622
532,70842	0,01331	770	0,0051	770	0,00139	881,75061	0,00562
532,98155	0,01344	770,5	0,00514	770,5	0,00142	882,30579	0,00599
533,25465	0,01346	771	0,00507	771	0,0013	882,8609	0,00555
533,52772	0,01346	771,5	0,00577	771,5	0,00137	883,41595	0,00561
533,80076	0,01347	772	0,00481	772	0,00136	883,97095	0,00584
534,07378	0,01368	772,5	0,00577	772,5	0,00136	884,52594	0,00702
534,34678	0,01384	773	0,00543	773	0,0014	885,08087	0,009
534,61975	0,01394	773,5	0,00635	773,5	0,00139	885,63574	0,00894
534,89269	0,014	774	0,00552	774	0,00134	886,19055	0,00877
535,16561	0,01416	774,5	0,00595	774,5	0,0013	886,74536	0,00799
535,4385	0,01411	775	0,00539	775	0,00134	887,30011	0,00771
535,71136	0,01401	775,5	0,00501	775,5	0,00137	887,8548	0,00783
535,9842	0,01404	776	0,00525	776	0,0014	888,40948	0,00677
536,25702	0,01401	776,5	0,00478	776,5	0,00139	888,96411	0,00675
536,5298	0,01416	777	0,00484	777	0,00137	889,51868	0,00674
536,80257	0,0142	777,5	0,00449	777,5	0,00134	890,07318	0,00778
537,0753	0,0142	778	0,00522	778	0,00136	890,62769	0,00849
537,34801	0,0143	778,5	0,00462	778,5	0,00138	891,18213	0,00829
537,62069	0,01434	779	0,00472	779	0,00134	891,73651	0,00768
537,89335	0,01428	779,5	0,00468	779,5	0,00128	892,29089	0,00649
538,16598	0,01437	780	0,00455	780	0,00131	892,84521	0,00705
538,43859	0,01438	780,5	0,00468	780,5	0,00133	893,39948	0,00647
538,71116	0,01436	781	0,00481	781	0,00128	893,95367	0,00641
538,98372	0,01439	781,5	0,00516	781,5	0,00132	894,50787	0,00614
539,25624	0,01453	782	0,00406	782	0,0013	895,06201	0,0067
539,52875	0,01456	782,5	0,00501	782,5	0,00136	895,61609	0,00632
539,80122	0,01459	783	0,00504	783	0,00135	896,17017	0,00687
540,07367	0,01465	783,5	0,00467	783,5	0,00131	896,72412	0,00744
540,34609	0,0146	784	0,00496	784	0,00132	897,27808	0,00972
540,61849	0,01457	784,5	0,00459	784,5	0,00137	897,83203	0,00912
540,89086	0,0145	785	0,00426	785	0,00135	898,38586	0,00876
541,1632	0,01457	785,5	0,00429	785,5	0,00132	898,9397	0,00748
541,43552	0,01469	786	0,00482	786	0,00136	899,49353	0,00757
541,70781	0,0148	786,5	0,00501	786,5	0,00129	900,04724	0,00752
541,98008	0,01491	787	0,00478	787	0,00128	900,60095	0,00804
542,25232	0,01498	787,5	0,00565	787,5	0,00123	901,1546	0,0079
542,52453	0,01497	788	0,00484	788	0,00132	901,70819	0,00728
542,79672	0,01499	788,5	0,00597	788,5	0,00128	902,26178	0,0073
543,06888	0,01491	789	0,00516	789	0,00129	902,81531	0,00787
543,34101	0,01496	789,5	0,00478	789,5	0,00127	903,36877	0,00822
543,61312	0,01503	790	0,00502	790	0,00125	903,92218	0,00708
543,8852	0,015	790,5	0,00536	790,5	0,0012	904,47559	0,00657
544,15726	0,01504	791	0,00536	791	0,00128	905,02893	0,00664
544,42929	0,01507	791,5	0,00398	791,5	0,00121	905,58221	0,00692
544,70129	0,01511	792	0,00444	792	0,0012	906,1355	0,00695
544,97327	0,01504	792,5	0,00452	792,5	0,00122	906,68872	0,00727
545,24522	0,01516	793	0,00404	793	0,00123	907,24188	0,00718
545,51715	0,01507	793,5	0,00545	793,5	0,00119	907,79498	0,00682
545,78905	0,01502	794	0,00432	794	0,00122	908,34808	0,00637
546,06092	0,01524	794,5	0,00456	794,5	0,00125	908,90112	0,0068
546,33277	0,01525	795	0,00606	795	0,00128	909,4541	0,00662
546,60459	0,01527	795,5	0,00475	795,5	0,00117	910,00708	0,00875
546,87638	0,01535	796	0,00452	796	0,00116	910,55994	0,00914
547,14815	0,01532	796,5	0,00354	796,5	0,00118	911,11285	0,01041
547,41989	0,01527	797	0,00499	797	0,00115	911,66565	0,00946
547,6916	0,01521	797,5	0,00432	797,5	0,00117	912,21844	0,00835
547,96329	0,01517	798	0,00545	798	0,00117	912,77112	0,00644
548,23495	0,0152	798,5	0,00525	798,5	0,00115	913,32385	0,00574
548,50659	0,01523	799	0,00467	799	0,00111	913,87646	0,00662
548,7782	0,01526	799,5	0,00571	799,5	0,00115	914,42908	0,0071
549,04978	0,01523	800	0,00462	800	0,00115	914,98163	0,00609
549,32134	0,0152	--	--	--	--	915,53412	0,00567
549,59287	0,01515	--	--	--	--	916,08661	0,00638
549,86437	0,01507	--	--	--	--	916,63904	0,00717
550,13585	0,01506	--	--	--	--	917,19141	0,00693
550,4073	0,01503	--	--	--	--	917,74371	0,00775
550,67872	0,01505	--	--	--	--	918,29602	0,0079
550,95012	0,01493	--	--	--	--	918,84827	0,00867
551,22149	0,01488	--	--	--	--	919,40045	0,00755
551,49284	0,01485	--	--	--	--	919,95264	0,00707
551,76416	0,01468	--	--	--	--	920,50476	0,00655
552,03545	0,01472	--	--	--	--	921,05682	0,00606
552,30672	0,01464	--	--	--	--	921,60883	0,00644
552,57796	0,01454	--	--	--	--	922,16083	0,00656
552,84917	0,01449	--	--	--	--	922,71277	0,00667
553,12035	0,01456	--	--	--	--	923,26465	0,00594
553,39151	0,01453	--	--	--	--	923,81647	0,00552
553,66265	0,01453	--	--	--	--	924,36829	0,00504
553,93375	0,0145	--	--	--	--	924,92004	0,00519
554,20483	0,01438	--	--	--	--	925,4718	0,00477
554,47589	0,01441	--	--	--	--	926,02344	0,00466
554,74692	0,01439	--	--	--	--	926,57507	0,00413
555,01792	0,01431	--	--	--	--	927,12665	0,00475
555,28889	0,01427	--	--	--	--	927,67822	0,00546
555,55984	0,01422	--	--	--	--	928,22968	0,00723
555,83076	0,01413	--	--	--	--	928,78113	0,00804
556,10165	0,01411	--	--	--	--	929,33258	0,00869
556,37252	0,01406	--	--	--	--	929,88391	0,00713
556,64336	0,01411	--	--	--	--	930,43524	0,00551
556,91418	0,01409	--	--	--	--	930,98651	0,00512
557,18497	0,0141	--	--	--	--	931,53778	0,00604
557,45573	0,0141	--	--	--	--	932,08893	0,00694
557,72646	0,01407	--	--	--	--	932,64008	0,00706
557,99717	0,01412	--	--	--	--	933,19122	0,00774
558,26785	0,01411	--	--	--	--	933,74225	0,00838
558,53851	0,01407	--	--	--	--	934,29327	0,00725
558,80913	0,01401	--	--	--	--	934,84424	0,0053
559,07974	0,01396	--	--	--	--	935,39514	0,00293
559,35031	0,0139	--	--	--	--	935,94604	0,00335
559,62086	0,01391	--	--	--	--	936,49689	0,00473
559,89138	0,01397	--	--	--	--	937,04767	0,00692
560,16187	0,01393	--	--	--	--	937,59839	0,00775
560,43234	0,01391	--	--	--	--	938,14911	0,00779
560,70278	0,01393	--	--	--	--	938,69977	0,00733
560,9732	0,01399	--	--	--	--	939,25037	0,00747
561,24359	0,01409	--	--	--	--	939,80096	0,00756
561,51395	0,01409	--	--	--	--	940,3515	0,00649
561,78428	0,01408	--	--	--	--	940,90198	0,00513
562,05459	0,0141	--	--	--	--	941,45239	0,00389
562,32487	0,01408	--	--	--	--	942,00281	0,00453
562,59512	0,0141	--	--	--	--	942,55316	0,00462
562,86535	0,01407	--	--	--	--	943,10345	0,00604
563,13555	0,01405	--	--	--	--	943,65375	0,0076
563,40572	0,01402	--	--	--	--	944,20392	0,00904
563,67587	0,01396	--	--	--	--	944,75409	0,00829
563,94599	0,01393	--	--	--	--	945,30426	0,00745
564,21608	0,01386	--	--	--	--	945,85431	0,00629
564,48615	0,01397	--	--	--	--	946,40436	0,00663
564,75619	0,01406	--	--	--	--	946,95435	0,0066
565,0262	0,01408	--	--	--	--	947,50433	0,00797
565,29619	0,01406	--	--	--	--	948,0542	0,00855
565,56615	0,0141	--	--	--	--	948,60406	0,00822
565,83608	0,01406	--	--	--	--	949,15393	0,00805
566,10598	0,01403	--	--	--	--	949,70367	0,00815
566,37586	0,01403	--	--	--	--	950,25342	0,00926
566,64571	0,014	--	--	--	--	950,8031	0,0096
566,91554	0,01392	--	--	--	--	951,35272	0,00982
567,18533	0,01395	--	--	--	--	951,90234	0,01008
567,4551	0,01395	--	--	--	--	952,4519	0,01079
567,72485	0,0139	--	--	--	--	953,0014	0,01017
567,99456	0,01395	--	--	--	--	953,5509	0,00945
568,26425	0,01391	--	--	--	--	954,10028	0,00856
568,53392	0,01399	--	--	--	--	954,64966	0,00766
568,80355	0,01405	--	--	--	--	955,19904	0,00845
569,07316	0,01418	--	--	--	--	955,74829	0,00914
569,34274	0,01419	--	--	--	--	956,29755	0,01049
569,6123	0,01434	--	--	--	--	956,84674	0,00997
569,88182	0,01439	--	--	--	--	957,39594	0,00925
570,15132	0,01428	--	--	--	--	957,94501	0,00859
570,4208	0,01418	--	--	--	--	958,49408	0,00863
570,69024	0,01421	--	--	--	--	959,04309	0,00839
570,95966	0,01425	--	--	--	--	959,5921	0,00876
571,22906	0,01425	--	--	--	--	960,14105	0,00922
571,49842	0,01435	--	--	--	--	960,68994	0,00931
571,76776	0,01443	--	--	--	--	961,23877	0,00815
572,03707	0,01445	--	--	--	--	961,7876	0,00757
572,30636	0,01443	--	--	--	--	962,33636	0,00667
572,57561	0,01452	--	--	--	--	962,88507	0,00699
572,84484	0,01452	--	--	--	--	963,43372	0,00696
573,11405	0,01457	--	--	--	--	963,98236	0,00901
573,38322	0,01456	--	--	--	--	964,53094	0,01029
573,65237	0,01461	--	--	--	--	965,07947	0,01015
573,92149	0,01462	--	--	--	--	965,62799	0,00797
574,19059	0,01453	--	--	--	--	966,17639	0,00613
574,45965	0,01443	--	--	--	--	966,72485	0,00522
574,72869	0,01437	--	--	--	--	967,27319	0,00594
574,99771	0,01432	--	--	--	--	967,82153	0,00669
575,26669	0,01426	--	--	--	--	968,36975	0,00695
575,53565	0,01427	--	--	--	--	968,91803	0,00743
575,80458	0,0143	--	--	--	--	969,46619	0,00822
576,07348	0,01435	--	--	--	--	970,01434	0,00905
576,34236	0,0143	--	--	--	--	970,56244	0,00986
576,61121	0,01426	--	--	--	--	971,11047	0,00878
576,88003	0,01423	--	--	--	--	971,65851	0,00892
577,14883	0,01417	--	--	--	--	972,20642	0,00679
577,4176	0,01413	--	--	--	--	972,75433	0,00718
577,68634	0,01416	--	--	--	--	973,30225	0,00567
577,95505	0,01412	--	--	--	--	973,85004	0,00613
578,22374	0,01414	--	--	--	--	974,39783	0,00522
578,4924	0,01412	--	--	--	--	974,94562	0,00634
578,76103	0,0141	--	--	--	--	975,49329	0,00689
579,02963	0,01412	--	--	--	--	976,04095	0,00688
579,29821	0,01411	--	--	--	--	976,58856	0,00668
579,56676	0,01412	--	--	--	--	977,13611	0,00686
579,83528	0,01409	--	--	--	--	977,68365	0,00756
580,10378	0,01412	--	--	--	--	978,23114	0,00683
580,37224	0,01415	--	--	--	--	978,77856	0,00627
580,64068	0,01412	--	--	--	--	979,32593	0,00705
580,9091	0,01409	--	--	--	--	979,87329	0,00743
581,17748	0,01403	--	--	--	--	980,42059	0,00798
581,44584	0,01399	--	--	--	--	980,96783	0,00697
581,71417	0,01403	--	--	--	--	981,51501	0,00706
581,98248	0,01399	--	--	--	--	982,06219	0,00677
582,25075	0,01391	--	--	--	--	982,60931	0,0073
582,519	0,01385	--	--	--	--	983,15637	0,00717
582,78722	0,01385	--	--	--	--	983,70343	0,00632
583,05542	0,01382	--	--	--	--	984,25043	0,00452
583,32358	0,01379	--	--	--	--	984,79736	0,00456
583,59172	0,01384	--	--	--	--	985,34424	0,00494
583,85983	0,01379	--	--	--	--	985,89111	0,0068
584,12792	0,01375	--	--	--	--	986,43793	0,00606
584,39597	0,01368	--	--	--	--	986,98468	0,00675
584,664	0,01365	--	--	--	--	987,53143	0,00647
584,932	0,01355	--	--	--	--	988,07806	0,00746
585,19998	0,01349	--	--	--	--	988,62469	0,00752
585,46793	0,01358	--	--	--	--	989,17133	0,00969
585,73585	0,01358	--	--	--	--	989,71783	0,01005
586,00374	0,01355	--	--	--	--	990,26434	0,0095
586,2716	0,01353	--	--	--	--	990,81079	0,00803
586,53944	0,01348	--	--	--	--	991,35724	0,00817
586,80725	0,01343	--	--	--	--	991,90356	0,00872
587,07503	0,01345	--	--	--	--	992,44989	0,00929
587,34278	0,01343	--	--	--	--	992,99615	0,01074
587,61051	0,01338	--	--	--	--	993,54242	0,01103
587,87821	0,01341	--	--	--	--	994,08862	0,00952
588,14588	0,01343	--	--	--	--	994,63477	0,00821
588,41352	0,0134	--	--	--	--	995,18085	0,00813
588,68114	0,01338	--	--	--	--	995,72693	0,0088
588,94873	0,0133	--	--	--	--	996,27289	0,00694
589,21629	0,0132	--	--	--	--	996,81885	0,00594
589,48382	0,01314	--	--	--	--	997,36481	0,00549
589,75133	0,0132	--	--	--	--	997,91071	0,00602
590,01881	0,01325	--	--	--	--	998,45648	0,00642
590,28626	0,01329	--	--	--	--	999,00232	0,0069
590,55368	0,01329	--	--	--	--	999,54803	0,0089
590,82108	0,01324	--	--	--	--	1000,09375	0,00833
591,08844	0,01323	--	--	--	--	1000,6394	0,00747
591,35578	0,0132	--	--	--	--	1001,185	0,00596
591,62309	0,01323	--	--	--	--	1001,73059	0,00594
591,89038	0,01324	--	--	--	--	1002,27612	0,00645
592,15764	0,01326	--	--	--	--	1002,82159	0,0062
592,42486	0,01325	--	--	--	--	1003,367	0,00724
592,69207	0,01319	--	--	--	--	1003,91241	0,00803
592,95924	0,01317	--	--	--	--	1004,45776	0,00876
593,22639	0,01325	--	--	--	--	1005,00305	0,00849
593,4935	0,01326	--	--	--	--	1005,54828	0,00853
593,76059	0,01321	--	--	--	--	1006,09351	0,00742
594,02766	0,01316	--	--	--	--	1006,63867	0,00601
594,29469	0,01317	--	--	--	--	1007,18378	0,0067
594,5617	0,01317	--	--	--	--	1007,72888	0,00775
594,82868	0,01321	--	--	--	--	1008,27393	0,00863
595,09563	0,01329	--	--	--	--	1008,81891	0,00742
595,36255	0,01332	--	--	--	--	1009,36383	0,00849
595,62945	0,01338	--	--	--	--	1009,90875	0,00946
595,89632	0,01328	--	--	--	--	1010,45361	0,00983
596,16316	0,01331	--	--	--	--	1010,99841	0,00845
596,42997	0,01331	--	--	--	--	1011,54315	0,00784
596,69675	0,01325	--	--	--	--	1012,08789	0,00719
596,96351	0,01336	--	--	--	--	1012,63257	0,00627
597,23024	0,01332	--	--	--	--	1013,17719	0,00583
597,49694	0,01339	--	--	--	--	1013,7218	0,0067
597,76361	0,01346	--	--	--	--	1014,26636	0,00921
598,03026	0,01347	--	--	--	--	1014,81085	0,01066
598,29688	0,01347	--	--	--	--	1015,35529	0,01056
598,56347	0,01344	--	--	--	--	1015,89972	0,00969
598,83003	0,01343	--	--	--	--	1016,44409	0,00741
599,09656	0,01344	--	--	--	--	1016,9884	0,00571
599,36307	0,01344	--	--	--	--	1017,53265	0,00341
599,62954	0,01346	--	--	--	--	1018,0769	0,00392
599,89599	0,0135	--	--	--	--	1018,62109	0,00537
600,16242	0,01364	--	--	--	--	1019,16522	0,00846
600,42881	0,01379	--	--	--	--	1019,70935	0,01061
600,69518	0,01382	--	--	--	--	1020,25336	0,01018
600,96151	0,01382	--	--	--	--	1020,79736	0,00929
601,22782	0,0138	--	--	--	--	1021,34137	0,00708
601,49411	0,01396	--	--	--	--	1021,88525	0,006
601,76036	0,01399	--	--	--	--	1022,42914	0,00509
602,02659	0,01405	--	--	--	--	1022,97296	0,00599
602,29278	0,01421	--	--	--	--	1023,51678	0,00797
602,55895	0,01419	--	--	--	--	1024,06055	0,00982
602,8251	0,0143	--	--	--	--	1024,60425	0,00857
603,09121	0,01434	--	--	--	--	1025,14783	0,00769
603,35729	0,01435	--	--	--	--	1025,69141	0,00593
603,62335	0,01444	--	--	--	--	1026,23499	0,00701
603,88938	0,01454	--	--	--	--	1026,77856	0,00706
604,15538	0,01469	--	--	--	--	1027,32202	0,00886
604,42136	0,0148	--	--	--	--	1027,86548	0,00857
604,6873	0,01485	--	--	--	--	1028,40881	0,00923
604,95322	0,01494	--	--	--	--	1028,95215	0,00712
605,21911	0,01507	--	--	--	--	1029,49548	0,00816
605,48497	0,01505	--	--	--	--	1030,0387	0,00773
605,7508	0,01502	--	--	--	--	1030,58191	0,0097
606,01661	0,01497	--	--	--	--	1031,12512	0,01026
606,28238	0,01488	--	--	--	--	1031,66821	0,01066
606,54813	0,01494	--	--	--	--	1032,2113	0,01074
606,81385	0,01499	--	--	--	--	1032,75427	0,00974
607,07955	0,01488	--	--	--	--	1033,29724	0,00974
607,34521	0,01495	--	--	--	--	1033,84021	0,00894
607,61085	0,01502	--	--	--	--	1034,38318	0,00893
607,87645	0,01495	--	--	--	--	1034,92603	0,00966
608,14203	0,01487	--	--	--	--	1035,46875	0,01204
608,40758	0,01485	--	--	--	--	1036,0116	0,01441
608,67311	0,01483	--	--	--	--	1036,55432	0,01436
608,9386	0,01481	--	--	--	--	1037,09692	0,01164
609,20407	0,01487	--	--	--	--	1037,63953	0,00772
609,46951	0,0149	--	--	--	--	1038,18213	0,00633
609,73492	0,01486	--	--	--	--	1038,72473	0,00505
610,0003	0,01479	--	--	--	--	1039,26721	0,00675
610,26565	0,01486	--	--	--	--	1039,80957	0,00667
610,53098	0,01488	--	--	--	--	1040,35205	0,00793
610,79627	0,01484	--	--	--	--	1040,89441	0,00846
611,06154	0,01494	--	--	--	--	1041,43665	0,00849
611,32678	0,01499	--	--	--	--	1041,979	0,00798
611,59199	0,01507	--	--	--	--	1042,52124	0,00731
611,85718	0,01524	--	--	--	--	1043,06335	0,00832
612,12233	0,01526	--	--	--	--	1043,60547	0,00853
612,38746	0,01546	--	--	--	--	1044,14758	0,00741
612,65256	0,01553	--	--	--	--	1044,6897	0,00604
612,91763	0,01554	--	--	--	--	1045,23169	0,00632
613,18267	0,0156	--	--	--	--	1045,77356	0,00899
613,44769	0,01568	--	--	--	--	1046,31555	0,01128
613,71267	0,0159	--	--	--	--	1046,85742	0,01143
613,97763	0,01609	--	--	--	--	1047,39917	0,00959
614,24256	0,01631	--	--	--	--	1047,94104	0,00848
614,50746	0,01649	--	--	--	--	1048,48267	0,00839
614,77233	0,01667	--	--	--	--	1049,02441	0,00838
615,03717	0,01671	--	--	--	--	1049,56604	0,00682
615,30199	0,01684	--	--	--	--	1050,10767	0,00747
615,56677	0,01701	--	--	--	--	1050,64917	0,00858
615,83153	0,0172	--	--	--	--	1051,19067	0,00859
616,09626	0,01729	--	--	--	--	1051,73218	0,008
616,36096	0,01743	--	--	--	--	1052,27356	0,00878
616,62563	0,01755	--	--	--	--	1052,81494	0,00915
616,89028	0,01766	--	--	--	--	1053,35632	0,00988
617,15489	0,01771	--	--	--	--	1053,89758	0,00954
617,41948	0,01779	--	--	--	--	1054,43884	0,01073
617,68404	0,01788	--	--	--	--	1054,97998	0,0106
617,94857	0,01784	--	--	--	--	1055,52124	0,00964
618,21307	0,01804	--	--	--	--	1056,06226	0,00896
618,47754	0,01816	--	--	--	--	1056,60339	0,00981
618,74199	0,01834	--	--	--	--	1057,14441	0,01046
619,0064	0,0185	--	--	--	--	1057,6853	0,00968
619,27079	0,01853	--	--	--	--	1058,22632	0,00855
619,53515	0,01843	--	--	--	--	1058,76721	0,00847
619,79948	0,0185	--	--	--	--	1059,30798	0,0097
620,06378	0,01857	--	--	--	--	1059,84875	0,00921
620,32806	0,0187	--	--	--	--	1060,38953	0,00839
620,5923	0,01886	--	--	--	--	1060,9303	0,00934
620,85652	0,019	--	--	--	--	1061,47095	0,00924
621,1207	0,01913	--	--	--	--	1062,01147	0,00822
621,38486	0,01917	--	--	--	--	1062,55212	0,00526
621,64899	0,01938	--	--	--	--	1063,09265	0,00535
621,91309	0,01953	--	--	--	--	1063,63306	0,00573
622,17717	0,01967	--	--	--	--	1064,17358	0,00722
622,44121	0,01981	--	--	--	--	1064,71399	0,00692
622,70523	0,01995	--	--	--	--	1065,25427	0,00762
622,96921	0,02011	--	--	--	--	1065,79456	0,00723
623,23317	0,02029	--	--	--	--	1066,33484	0,00814
623,4971	0,02041	--	--	--	--	1066,875	0,00825
623,761	0,02069	--	--	--	--	1067,41516	0,01026
624,02487	0,02087	--	--	--	--	1067,95532	0,01052
624,28872	0,0209	--	--	--	--	1068,49536	0,01081
624,55253	0,02109	--	--	--	--	1069,0354	0,00944
624,81632	0,0213	--	--	--	--	1069,57544	0,0095
625,08007	0,02153	--	--	--	--	1070,11536	0,0094
625,3438	0,02182	--	--	--	--	1070,65527	0,01086
625,6075	0,02198	--	--	--	--	1071,19519	0,01078
625,87117	0,02207	--	--	--	--	1071,73499	0,01116
626,13482	0,02218	--	--	--	--	1072,27466	0,00953
626,39843	0,02229	--	--	--	--	1072,81445	0,01004
626,66201	0,02242	--	--	--	--	1073,35413	0,0108
626,92557	0,02258	--	--	--	--	1073,89368	0,00999
627,1891	0,0227	--	--	--	--	1074,43335	0,00837
627,45259	0,02282	--	--	--	--	1074,9729	0,00614
627,71606	0,02294	--	--	--	--	1075,51233	0,00748
627,9795	0,02317	--	--	--	--	1076,05176	0,00889
628,24292	0,02332	--	--	--	--	1076,59119	0,00915
628,5063	0,02339	--	--	--	--	1077,13062	0,00861
628,76965	0,02349	--	--	--	--	1077,66992	0,00823
629,03298	0,0237	--	--	--	--	1078,20911	0,00888
629,29627	0,02378	--	--	--	--	1078,74841	0,00902
629,55954	0,02392	--	--	--	--	1079,2876	0,00977
629,82278	0,02416	--	--	--	--	1079,82666	0,00858
630,08599	0,02419	--	--	--	--	1080,36584	0,00694
630,34917	0,02441	--	--	--	--	1080,90479	0,0047
630,61232	0,02458	--	--	--	--	1081,44385	0,00626
630,87545	0,02455	--	--	--	--	1081,98279	0,00724
631,13854	0,02467	--	--	--	--	1082,52173	0,00865
631,4016	0,02481	--	--	--	--	1083,06055	0,00807
631,66464	0,0249	--	--	--	--	1083,59937	0,00914
631,92765	0,02504	--	--	--	--	1084,13818	0,00966
632,19063	0,02514	--	--	--	--	1084,67688	0,0106
632,45358	0,02532	--	--	--	--	1085,21558	0,01018
632,7165	0,02545	--	--	--	--	1085,75427	0,00988
632,97939	0,0256	--	--	--	--	1086,29285	0,00907
633,24225	0,02575	--	--	--	--	1086,83142	0,01064
633,50508	0,0258	--	--	--	--	1087,36987	0,01143
633,76789	0,02596	--	--	--	--	1087,90833	0,01276
634,03066	0,0262	--	--	--	--	1088,44678	0,01142
634,29341	0,02633	--	--	--	--	1088,98511	0,0099
634,55613	0,0264	--	--	--	--	1089,52344	0,00742
634,81881	0,02652	--	--	--	--	1090,06177	0,00794
635,08147	0,02662	--	--	--	--	1090,59998	0,00713
635,3441	0,02673	--	--	--	--	1091,13818	0,00644
635,6067	0,02675	--	--	--	--	1091,67639	0,00514
635,86928	0,02677	--	--	--	--	1092,21448	0,00643
636,13182	0,02683	--	--	--	--	1092,75244	0,00764
636,39433	0,02706	--	--	--	--	1093,29053	0,00914
636,65682	0,02711	--	--	--	--	1093,82849	0,00877
636,91927	0,02712	--	--	--	--	1094,36646	0,01049
637,1817	0,02719	--	--	--	--	1094,9043	0,00836
637,4441	0,02716	--	--	--	--	1095,44214	0,00801
637,70646	0,02719	--	--	--	--	1095,97986	0,00687
637,9688	0,02718	--	--	--	--	1096,5177	0,00843
638,23111	0,0272	--	--	--	--	1097,0553	0,00872
638,49339	0,02724	--	--	--	--	1097,59302	0,00918
638,75564	0,02718	--	--	--	--	1098,13062	0,00746
639,01787	0,02714	--	--	--	--	1098,66821	0,008
639,28006	0,02705	--	--	--	--	1099,20569	0,00638
639,54222	0,02691	--	--	--	--	1099,74316	0,00704
639,80436	0,027	--	--	--	--	1100,28064	0,00704
640,06646	0,02686	--	--	--	--	--	--
640,32854	0,02669	--	--	--	--	--	--
640,59059	0,02658	--	--	--	--	--	--
640,8526	0,02649	--	--	--	--	--	--
641,11459	0,0264	--	--	--	--	--	--
641,37655	0,02627	--	--	--	--	--	--
641,63848	0,02608	--	--	--	--	--	--
641,90038	0,02593	--	--	--	--	--	--
642,16225	0,02577	--	--	--	--	--	--
642,4241	0,02568	--	--	--	--	--	--
642,68591	0,02564	--	--	--	--	--	--
642,94769	0,02559	--	--	--	--	--	--
643,20945	0,02547	--	--	--	--	--	--
643,47117	0,02535	--	--	--	--	--	--
643,73287	0,02521	--	--	--	--	--	--
643,99453	0,02501	--	--	--	--	--	--
644,25617	0,02497	--	--	--	--	--	--
644,51778	0,02479	--	--	--	--	--	--
644,77936	0,02472	--	--	--	--	--	--
645,04091	0,02451	--	--	--	--	--	--
645,30243	0,02432	--	--	--	--	--	--
645,56392	0,02414	--	--	--	--	--	--
645,82538	0,0241	--	--	--	--	--	--
646,08681	0,02395	--	--	--	--	--	--
646,34821	0,02375	--	--	--	--	--	--
646,60958	0,02373	--	--	--	--	--	--
646,87093	0,02371	--	--	--	--	--	--
647,13224	0,02361	--	--	--	--	--	--
647,39352	0,02344	--	--	--	--	--	--
647,65478	0,02331	--	--	--	--	--	--
647,916	0,02314	--	--	--	--	--	--
648,1772	0,02293	--	--	--	--	--	--
648,43837	0,02266	--	--	--	--	--	--
648,6995	0,0226	--	--	--	--	--	--
648,96061	0,02234	--	--	--	--	--	--
649,22169	0,02225	--	--	--	--	--	--
649,48274	0,0221	--	--	--	--	--	--
649,74376	0,02192	--	--	--	--	--	--
650,00474	0,02185	--	--	--	--	--	--
650,2657	0,02175	--	--	--	--	--	--
650,52663	0,0216	--	--	--	--	--	--
650,78754	0,02144	--	--	--	--	--	--
651,04841	0,02135	--	--	--	--	--	--
651,30925	0,02118	--	--	--	--	--	--
651,57006	0,02104	--	--	--	--	--	--
651,83084	0,02096	--	--	--	--	--	--
652,09159	0,02072	--	--	--	--	--	--
652,35232	0,02048	--	--	--	--	--	--
652,61301	0,02029	--	--	--	--	--	--
652,87368	0,02003	--	--	--	--	--	--
653,13431	0,02001	--	--	--	--	--	--
653,39491	0,01985	--	--	--	--	--	--
653,65549	0,01979	--	--	--	--	--	--
653,91604	0,01964	--	--	--	--	--	--
654,17655	0,01952	--	--	--	--	--	--
654,43704	0,01938	--	--	--	--	--	--
654,69749	0,01923	--	--	--	--	--	--
654,95792	0,01912	--	--	--	--	--	--
655,21832	0,01902	--	--	--	--	--	--
655,47868	0,01894	--	--	--	--	--	--
655,73902	0,01876	--	--	--	--	--	--
655,99933	0,01881	--	--	--	--	--	--
656,25961	0,01873	--	--	--	--	--	--
656,51986	0,01855	--	--	--	--	--	--
656,78007	0,01846	--	--	--	--	--	--
657,04026	0,01839	--	--	--	--	--	--
657,30042	0,01835	--	--	--	--	--	--
657,56055	0,01833	--	--	--	--	--	--
657,82065	0,01828	--	--	--	--	--	--
658,08072	0,01835	--	--	--	--	--	--
658,34076	0,01829	--	--	--	--	--	--
658,60077	0,01822	--	--	--	--	--	--
658,86075	0,01823	--	--	--	--	--	--
659,1207	0,01823	--	--	--	--	--	--
659,38062	0,01825	--	--	--	--	--	--
659,64051	0,01812	--	--	--	--	--	--
659,90038	0,01815	--	--	--	--	--	--
660,16021	0,01801	--	--	--	--	--	--
660,42001	0,01789	--	--	--	--	--	--
660,67978	0,01782	--	--	--	--	--	--
660,93952	0,01763	--	--	--	--	--	--
661,19923	0,01759	--	--	--	--	--	--
661,45892	0,01743	--	--	--	--	--	--
661,71857	0,01737	--	--	--	--	--	--
661,97819	0,01737	--	--	--	--	--	--
662,23778	0,01729	--	--	--	--	--	--
662,49734	0,01717	--	--	--	--	--	--
662,75688	0,01705	--	--	--	--	--	--
663,01638	0,01694	--	--	--	--	--	--
663,27585	0,01694	--	--	--	--	--	--
663,53529	0,01682	--	--	--	--	--	--
663,79471	0,01675	--	--	--	--	--	--
664,05409	0,01666	--	--	--	--	--	--
664,31344	0,01643	--	--	--	--	--	--
664,57276	0,0163	--	--	--	--	--	--
664,83206	0,01622	--	--	--	--	--	--
665,09132	0,01619	--	--	--	--	--	--
665,35055	0,01614	--	--	--	--	--	--
665,60975	0,01611	--	--	--	--	--	--
665,86892	0,01604	--	--	--	--	--	--
666,12807	0,016	--	--	--	--	--	--
666,38718	0,01602	--	--	--	--	--	--
666,64626	0,01594	--	--	--	--	--	--
666,90531	0,01583	--	--	--	--	--	--
667,16434	0,01579	--	--	--	--	--	--
667,42333	0,01575	--	--	--	--	--	--
667,68229	0,01566	--	--	--	--	--	--
667,94122	0,01562	--	--	--	--	--	--
668,20012	0,01554	--	--	--	--	--	--
668,45899	0,01551	--	--	--	--	--	--
668,71784	0,01527	--	--	--	--	--	--
668,97665	0,01519	--	--	--	--	--	--
669,23543	0,01525	--	--	--	--	--	--
669,49418	0,01515	--	--	--	--	--	--
669,7529	0,01521	--	--	--	--	--	--
670,01159	0,01504	--	--	--	--	--	--
670,27025	0,01497	--	--	--	--	--	--
670,52888	0,01484	--	--	--	--	--	--
670,78748	0,01473	--	--	--	--	--	--
671,04605	0,01464	--	--	--	--	--	--
671,30459	0,01471	--	--	--	--	--	--
671,5631	0,01461	--	--	--	--	--	--
671,82158	0,0145	--	--	--	--	--	--
672,08003	0,01458	--	--	--	--	--	--
672,33845	0,01452	--	--	--	--	--	--
672,59684	0,0144	--	--	--	--	--	--
672,85519	0,01436	--	--	--	--	--	--
673,11352	0,0143	--	--	--	--	--	--
673,37182	0,01411	--	--	--	--	--	--
673,63009	0,01402	--	--	--	--	--	--
673,88832	0,01397	--	--	--	--	--	--
674,14653	0,01407	--	--	--	--	--	--
674,40471	0,01389	--	--	--	--	--	--
674,66285	0,01384	--	--	--	--	--	--
674,92097	0,01379	--	--	--	--	--	--
675,17906	0,01374	--	--	--	--	--	--
675,43711	0,01382	--	--	--	--	--	--
675,69514	0,01385	--	--	--	--	--	--
675,95313	0,01384	--	--	--	--	--	--
676,21109	0,0138	--	--	--	--	--	--
676,46903	0,01378	--	--	--	--	--	--
676,72693	0,01366	--	--	--	--	--	--
676,9848	0,01363	--	--	--	--	--	--
677,24265	0,01357	--	--	--	--	--	--
677,50046	0,01344	--	--	--	--	--	--
677,75824	0,0134	--	--	--	--	--	--
678,01599	0,01352	--	--	--	--	--	--
678,27371	0,01356	--	--	--	--	--	--
678,5314	0,01361	--	--	--	--	--	--
678,78906	0,01368	--	--	--	--	--	--
679,04669	0,01375	--	--	--	--	--	--
679,30429	0,01377	--	--	--	--	--	--
679,56186	0,01375	--	--	--	--	--	--
679,8194	0,01383	--	--	--	--	--	--
680,07691	0,01379	--	--	--	--	--	--
680,33438	0,01387	--	--	--	--	--	--
680,59183	0,01388	--	--	--	--	--	--
680,84925	0,0138	--	--	--	--	--	--
681,10663	0,01372	--	--	--	--	--	--
681,36399	0,01371	--	--	--	--	--	--
681,62131	0,01365	--	--	--	--	--	--
681,8786	0,01368	--	--	--	--	--	--
682,13587	0,01361	--	--	--	--	--	--
682,3931	0,01353	--	--	--	--	--	--
682,6503	0,0135	--	--	--	--	--	--
682,90747	0,01348	--	--	--	--	--	--
683,16461	0,01345	--	--	--	--	--	--
683,42172	0,01331	--	--	--	--	--	--
683,6788	0,01323	--	--	--	--	--	--
683,93585	0,01316	--	--	--	--	--	--
684,19287	0,01315	--	--	--	--	--	--
684,44986	0,01307	--	--	--	--	--	--
684,70682	0,01301	--	--	--	--	--	--
684,96374	0,01295	--	--	--	--	--	--
685,22064	0,01299	--	--	--	--	--	--
685,4775	0,01294	--	--	--	--	--	--
685,73434	0,01278	--	--	--	--	--	--
685,99114	0,01274	--	--	--	--	--	--
686,24792	0,01284	--	--	--	--	--	--
686,50466	0,0129	--	--	--	--	--	--
686,76137	0,01287	--	--	--	--	--	--
687,01805	0,01288	--	--	--	--	--	--
687,2747	0,01288	--	--	--	--	--	--
687,53132	0,01286	--	--	--	--	--	--
687,78791	0,01294	--	--	--	--	--	--
688,04447	0,01301	--	--	--	--	--	--
688,301	0,01296	--	--	--	--	--	--
688,55749	0,01293	--	--	--	--	--	--
688,81396	0,01293	--	--	--	--	--	--
689,07039	0,01295	--	--	--	--	--	--
689,3268	0,01298	--	--	--	--	--	--
689,58317	0,01298	--	--	--	--	--	--
689,83951	0,01293	--	--	--	--	--	--
690,09582	0,01288	--	--	--	--	--	--
690,35211	0,01282	--	--	--	--	--	--
690,60836	0,01269	--	--	--	--	--	--
690,86458	0,01265	--	--	--	--	--	--
691,12076	0,01266	--	--	--	--	--	--
691,37692	0,0126	--	--	--	--	--	--
691,63305	0,01248	--	--	--	--	--	--
691,88914	0,0124	--	--	--	--	--	--
692,14521	0,01239	--	--	--	--	--	--
692,40124	0,01232	--	--	--	--	--	--
692,65725	0,01229	--	--	--	--	--	--
692,91322	0,01229	--	--	--	--	--	--
693,16916	0,01223	--	--	--	--	--	--
693,42507	0,01215	--	--	--	--	--	--
693,68095	0,01212	--	--	--	--	--	--
693,9368	0,01216	--	--	--	--	--	--
694,19261	0,01203	--	--	--	--	--	--
694,4484	0,01189	--	--	--	--	--	--
694,70416	0,0118	--	--	--	--	--	--
694,95988	0,01173	--	--	--	--	--	--
695,21557	0,01176	--	--	--	--	--	--
695,47124	0,01175	--	--	--	--	--	--
695,72687	0,01174	--	--	--	--	--	--
695,98247	0,0117	--	--	--	--	--	--
696,23804	0,01171	--	--	--	--	--	--
696,49358	0,01166	--	--	--	--	--	--
696,74909	0,0116	--	--	--	--	--	--
697,00456	0,0115	--	--	--	--	--	--
697,26001	0,01141	--	--	--	--	--	--
697,51542	0,01133	--	--	--	--	--	--
697,7708	0,01125	--	--	--	--	--	--
698,02616	0,01116	--	--	--	--	--	--
698,28148	0,01119	--	--	--	--	--	--
698,53677	0,01116	--	--	--	--	--	--
698,79203	0,01112	--	--	--	--	--	--
699,04725	0,01114	--	--	--	--	--	--
699,30245	0,01107	--	--	--	--	--	--
699,55762	0,01109	--	--	--	--	--	--
699,81275	0,01111	--	--	--	--	--	--
700,06785	0,01115	--	--	--	--	--	--
700,32293	0,01115	--	--	--	--	--	--
700,57797	0,01119	--	--	--	--	--	--
700,83298	0,01114	--	--	--	--	--	--
701,08796	0,01113	--	--	--	--	--	--
701,3429	0,01113	--	--	--	--	--	--
701,59782	0,01108	--	--	--	--	--	--
701,85271	0,01102	--	--	--	--	--	--
702,10756	0,01107	--	--	--	--	--	--
702,36238	0,01108	--	--	--	--	--	--
702,61717	0,01114	--	--	--	--	--	--
702,87193	0,01112	--	--	--	--	--	--
703,12666	0,01123	--	--	--	--	--	--
703,38136	0,01121	--	--	--	--	--	--
703,63603	0,01108	--	--	--	--	--	--
703,89066	0,01105	--	--	--	--	--	--
704,14526	0,01106	--	--	--	--	--	--
704,39984	0,011	--	--	--	--	--	--
704,65438	0,0109	--	--	--	--	--	--
704,90889	0,01095	--	--	--	--	--	--
705,16337	0,01095	--	--	--	--	--	--
705,41781	0,01098	--	--	--	--	--	--
705,67223	0,01089	--	--	--	--	--	--
705,92661	0,01078	--	--	--	--	--	--
706,18097	0,01071	--	--	--	--	--	--
706,43529	0,0107	--	--	--	--	--	--
706,68958	0,01059	--	--	--	--	--	--
706,94384	0,0107	--	--	--	--	--	--
707,19807	0,01067	--	--	--	--	--	--
707,45226	0,01072	--	--	--	--	--	--
707,70643	0,01073	--	--	--	--	--	--
707,96056	0,0107	--	--	--	--	--	--
708,21467	0,01074	--	--	--	--	--	--
708,46874	0,01065	--	--	--	--	--	--
708,72278	0,01064	--	--	--	--	--	--
708,97678	0,01069	--	--	--	--	--	--
709,23076	0,01072	--	--	--	--	--	--
709,4847	0,01067	--	--	--	--	--	--
709,73862	0,01072	--	--	--	--	--	--
709,9925	0,01075	--	--	--	--	--	--
710,24635	0,01062	--	--	--	--	--	--
710,50017	0,01057	--	--	--	--	--	--
710,75396	0,01054	--	--	--	--	--	--
711,00771	0,01052	--	--	--	--	--	--
711,26144	0,0105	--	--	--	--	--	--
711,51513	0,01048	--	--	--	--	--	--
711,76879	0,01046	--	--	--	--	--	--
712,02242	0,0104	--	--	--	--	--	--
712,27602	0,01035	--	--	--	--	--	--
712,52959	0,01029	--	--	--	--	--	--
712,78312	0,01021	--	--	--	--	--	--
713,03663	0,01013	--	--	--	--	--	--
713,2901	0,01016	--	--	--	--	--	--
713,54354	0,01002	--	--	--	--	--	--
713,79695	0,00998	--	--	--	--	--	--
714,05033	0,00998	--	--	--	--	--	--
714,30367	0,01003	--	--	--	--	--	--
714,55699	0,01001	--	--	--	--	--	--
714,81027	0,00999	--	--	--	--	--	--
715,06352	0,00992	--	--	--	--	--	--
715,31674	0,00994	--	--	--	--	--	--
715,56993	0,01005	--	--	--	--	--	--
715,82308	0,00999	--	--	--	--	--	--
716,07621	0,01001	--	--	--	--	--	--
716,3293	0,01003	--	--	--	--	--	--
716,58236	0,01007	--	--	--	--	--	--
716,83539	0,01007	--	--	--	--	--	--
717,08839	0,01021	--	--	--	--	--	--
717,34135	0,01018	--	--	--	--	--	--
717,59429	0,01026	--	--	--	--	--	--
717,84719	0,01026	--	--	--	--	--	--
718,10006	0,01032	--	--	--	--	--	--
718,3529	0,01038	--	--	--	--	--	--
718,60571	0,01038	--	--	--	--	--	--
718,85848	0,01051	--	--	--	--	--	--
719,11123	0,01057	--	--	--	--	--	--
719,36394	0,01062	--	--	--	--	--	--
719,61662	0,01049	--	--	--	--	--	--
719,86927	0,01047	--	--	--	--	--	--
720,12188	0,01046	--	--	--	--	--	--
720,37447	0,01042	--	--	--	--	--	--
720,62702	0,01034	--	--	--	--	--	--
720,87954	0,01024	--	--	--	--	--	--
721,13203	0,01018	--	--	--	--	--	--
721,38449	0,01017	--	--	--	--	--	--
721,63691	0,01015	--	--	--	--	--	--
721,88931	0,01012	--	--	--	--	--	--
722,14167	0,01007	--	--	--	--	--	--
722,394	0,01013	--	--	--	--	--	--
722,6463	0,01008	--	--	--	--	--	--
722,89856	0,01004	--	--	--	--	--	--
723,1508	0,01007	--	--	--	--	--	--
723,403	0,00999	--	--	--	--	--	--
723,65517	0,01001	--	--	--	--	--	--
723,90731	0,00991	--	--	--	--	--	--
724,15941	0,00993	--	--	--	--	--	--
724,41149	0,00989	--	--	--	--	--	--
724,66353	0,00982	--	--	--	--	--	--
724,91554	0,00984	--	--	--	--	--	--
725,16752	0,00982	--	--	--	--	--	--
725,41947	0,00981	--	--	--	--	--	--
725,67138	0,00981	--	--	--	--	--	--
725,92327	0,00984	--	--	--	--	--	--
726,17512	0,00982	--	--	--	--	--	--
726,42693	0,00982	--	--	--	--	--	--
726,67872	0,00977	--	--	--	--	--	--
726,93048	0,00973	--	--	--	--	--	--
727,1822	0,00979	--	--	--	--	--	--
727,43389	0,00972	--	--	--	--	--	--
727,68555	0,00964	--	--	--	--	--	--
727,93717	0,00964	--	--	--	--	--	--
728,18877	0,00948	--	--	--	--	--	--
728,44033	0,00942	--	--	--	--	--	--
728,69186	0,00939	--	--	--	--	--	--
728,94336	0,00927	--	--	--	--	--	--
729,19482	0,00927	--	--	--	--	--	--
729,44626	0,00911	--	--	--	--	--	--
729,69766	0,00913	--	--	--	--	--	--
729,94903	0,0092	--	--	--	--	--	--
730,20037	0,00918	--	--	--	--	--	--
730,45167	0,00909	--	--	--	--	--	--
730,70295	0,00911	--	--	--	--	--	--
730,95419	0,00913	--	--	--	--	--	--
731,2054	0,00918	--	--	--	--	--	--
731,45657	0,00925	--	--	--	--	--	--
731,70772	0,00926	--	--	--	--	--	--
731,95883	0,00938	--	--	--	--	--	--
732,20991	0,00927	--	--	--	--	--	--
732,46096	0,00929	--	--	--	--	--	--
732,71197	0,00932	--	--	--	--	--	--
732,96296	0,00933	--	--	--	--	--	--
733,21391	0,00937	--	--	--	--	--	--
733,46483	0,0095	--	--	--	--	--	--
733,71571	0,00956	--	--	--	--	--	--
733,96657	0,00966	--	--	--	--	--	--
734,21739	0,00978	--	--	--	--	--	--
734,46818	0,00984	--	--	--	--	--	--
734,71894	0,00992	--	--	--	--	--	--
734,96966	0,00986	--	--	--	--	--	--
735,22036	0,00972	--	--	--	--	--	--
735,47102	0,00977	--	--	--	--	--	--
735,72164	0,00988	--	--	--	--	--	--
735,97224	0,00993	--	--	--	--	--	--
736,2228	0,00993	--	--	--	--	--	--
736,47334	0,00992	--	--	--	--	--	--
736,72383	0,00994	--	--	--	--	--	--
736,9743	0,0099	--	--	--	--	--	--
737,22474	0,01	--	--	--	--	--	--
737,47514	0,01005	--	--	--	--	--	--
737,72551	0,01003	--	--	--	--	--	--
737,97584	0,00998	--	--	--	--	--	--
738,22615	0,01001	--	--	--	--	--	--
738,47642	0,01001	--	--	--	--	--	--
738,72666	0,01007	--	--	--	--	--	--
738,97687	0,01005	--	--	--	--	--	--
739,22704	0,01008	--	--	--	--	--	--
739,47719	0,01007	--	--	--	--	--	--
739,7273	0,01011	--	--	--	--	--	--
739,97737	0,01012	--	--	--	--	--	--
740,22742	0,01018	--	--	--	--	--	--
740,47743	0,01028	--	--	--	--	--	--
740,72741	0,01026	--	--	--	--	--	--
740,97736	0,01031	--	--	--	--	--	--
741,22727	0,01031	--	--	--	--	--	--
741,47716	0,01045	--	--	--	--	--	--
741,72701	0,01031	--	--	--	--	--	--
741,97682	0,0104	--	--	--	--	--	--
742,22661	0,01038	--	--	--	--	--	--
742,47636	0,01032	--	--	--	--	--	--
742,72608	0,01044	--	--	--	--	--	--
742,97577	0,01058	--	--	--	--	--	--
743,22542	0,01064	--	--	--	--	--	--
743,47505	0,01063	--	--	--	--	--	--
743,72464	0,0108	--	--	--	--	--	--
743,97419	0,01081	--	--	--	--	--	--
744,22372	0,01087	--	--	--	--	--	--
744,47321	0,01085	--	--	--	--	--	--
744,72267	0,01079	--	--	--	--	--	--
744,9721	0,0108	--	--	--	--	--	--
745,22149	0,01078	--	--	--	--	--	--
745,47085	0,01076	--	--	--	--	--	--
745,72018	0,01073	--	--	--	--	--	--
745,96948	0,01064	--	--	--	--	--	--
746,21874	0,01062	--	--	--	--	--	--
746,46797	0,01045	--	--	--	--	--	--
746,71717	0,01044	--	--	--	--	--	--
746,96633	0,01041	--	--	--	--	--	--
747,21547	0,01032	--	--	--	--	--	--
747,46457	0,01035	--	--	--	--	--	--
747,71363	0,01033	--	--	--	--	--	--
747,96267	0,01024	--	--	--	--	--	--
748,21167	0,01005	--	--	--	--	--	--
748,46064	0,00999	--	--	--	--	--	--
748,70957	0,01002	--	--	--	--	--	--
748,95848	0,00991	--	--	--	--	--	--
749,20735	0,00983	--	--	--	--	--	--
749,45619	0,00967	--	--	--	--	--	--
749,70499	0,00954	--	--	--	--	--	--
749,95376	0,0096	--	--	--	--	--	--
750,2025	0,00953	--	--	--	--	--	--
750,45121	0,00964	--	--	--	--	--	--
750,69988	0,00964	--	--	--	--	--	--
750,94852	0,00973	--	--	--	--	--	--
751,19713	0,00971	--	--	--	--	--	--
751,44571	0,00977	--	--	--	--	--	--
751,69425	0,00985	--	--	--	--	--	--
751,94276	0,00982	--	--	--	--	--	--
752,19124	0,00995	--	--	--	--	--	--
752,43968	0,00993	--	--	--	--	--	--
752,68809	0,00993	--	--	--	--	--	--
752,93647	0,00985	--	--	--	--	--	--
753,18481	0,00984	--	--	--	--	--	--
753,43313	0,00993	--	--	--	--	--	--
753,68141	0,01009	--	--	--	--	--	--
753,92965	0,01004	--	--	--	--	--	--
754,17787	0,01004	--	--	--	--	--	--
754,42605	0,01009	--	--	--	--	--	--
754,67419	0,01019	--	--	--	--	--	--
754,92231	0,01029	--	--	--	--	--	--
755,17039	0,01013	--	--	--	--	--	--
755,41844	0,01	--	--	--	--	--	--
755,66645	0,00988	--	--	--	--	--	--
755,91444	0,00986	--	--	--	--	--	--
756,16239	0,00986	--	--	--	--	--	--
756,4103	0,00998	--	--	--	--	--	--
756,65819	0,0099	--	--	--	--	--	--
756,90604	0,00996	--	--	--	--	--	--
757,15386	0,00997	--	--	--	--	--	--
757,40164	0,01001	--	--	--	--	--	--
757,64939	0,01012	--	--	--	--	--	--
757,89711	0,01006	--	--	--	--	--	--
758,14479	0,01007	--	--	--	--	--	--
758,39245	0,01006	--	--	--	--	--	--
758,64007	0,01007	--	--	--	--	--	--
758,88765	0,00992	--	--	--	--	--	--
759,13521	0,00997	--	--	--	--	--	--
759,38273	0,00995	--	--	--	--	--	--
759,63021	0,00996	--	--	--	--	--	--
759,87767	0,00997	--	--	--	--	--	--
760,12509	0,00997	--	--	--	--	--	--
760,37247	0,01005	--	--	--	--	--	--
760,61983	0,0102	--	--	--	--	--	--
760,86715	0,01029	--	--	--	--	--	--
761,11444	0,01033	--	--	--	--	--	--
761,36169	0,01035	--	--	--	--	--	--
761,60891	0,01025	--	--	--	--	--	--
761,8561	0,01022	--	--	--	--	--	--
762,10326	0,0101	--	--	--	--	--	--
762,35038	0,00999	--	--	--	--	--	--
762,59747	0,00997	--	--	--	--	--	--
762,84452	0,00994	--	--	--	--	--	--
763,09154	0,00998	--	--	--	--	--	--
763,33853	0,01	--	--	--	--	--	--
763,58549	0,01	--	--	--	--	--	--
763,83241	0,00993	--	--	--	--	--	--
764,0793	0,00983	--	--	--	--	--	--
764,32616	0,00971	--	--	--	--	--	--
764,57298	0,00962	--	--	--	--	--	--
764,81977	0,00965	--	--	--	--	--	--
765,06652	0,00969	--	--	--	--	--	--
765,31325	0,00965	--	--	--	--	--	--
765,55994	0,0096	--	--	--	--	--	--
765,80659	0,00963	--	--	--	--	--	--
766,05321	0,00973	--	--	--	--	--	--
766,2998	0,00977	--	--	--	--	--	--
766,54636	0,00961	--	--	--	--	--	--
766,79288	0,00962	--	--	--	--	--	--
767,03937	0,00972	--	--	--	--	--	--
767,28583	0,00983	--	--	--	--	--	--
767,53225	0,01002	--	--	--	--	--	--
767,77864	0,00998	--	--	--	--	--	--
768,02499	0,00997	--	--	--	--	--	--
768,27132	0,00991	--	--	--	--	--	--
768,51761	0,00981	--	--	--	--	--	--
768,76386	0,00967	--	--	--	--	--	--
769,01008	0,00956	--	--	--	--	--	--
769,25627	0,00969	--	--	--	--	--	--
769,50243	0,00969	--	--	--	--	--	--
769,74855	0,00969	--	--	--	--	--	--
769,99464	0,0096	--	--	--	--	--	--
770,24069	0,00945	--	--	--	--	--	--
770,48671	0,00948	--	--	--	--	--	--
770,7327	0,00952	--	--	--	--	--	--
770,97865	0,00934	--	--	--	--	--	--
771,22457	0,00921	--	--	--	--	--	--
771,47046	0,00905	--	--	--	--	--	--
771,71631	0,00913	--	--	--	--	--	--
771,96213	0,00926	--	--	--	--	--	--
772,20792	0,00924	--	--	--	--	--	--
772,45367	0,00912	--	--	--	--	--	--
772,69939	0,00892	--	--	--	--	--	--
772,94508	0,009	--	--	--	--	--	--
773,19073	0,00899	--	--	--	--	--	--
773,43635	0,00912	--	--	--	--	--	--
773,68194	0,00923	--	--	--	--	--	--
773,92749	0,0093	--	--	--	--	--	--
774,173	0,00934	--	--	--	--	--	--
774,41849	0,00926	--	--	--	--	--	--
774,66394	0,00932	--	--	--	--	--	--
774,90936	0,00928	--	--	--	--	--	--
775,15474	0,00942	--	--	--	--	--	--
775,40009	0,00955	--	--	--	--	--	--
775,6454	0,00961	--	--	--	--	--	--
775,89069	0,00972	--	--	--	--	--	--
776,13594	0,0098	--	--	--	--	--	--
776,38115	0,00975	--	--	--	--	--	--
776,62633	0,00983	--	--	--	--	--	--
776,87148	0,00985	--	--	--	--	--	--
777,11659	0,00966	--	--	--	--	--	--
777,36167	0,00969	--	--	--	--	--	--
777,60672	0,0098	--	--	--	--	--	--
777,85173	0,00979	--	--	--	--	--	--
778,09671	0,00977	--	--	--	--	--	--
778,34166	0,00977	--	--	--	--	--	--
778,58657	0,00964	--	--	--	--	--	--
778,83145	0,00964	--	--	--	--	--	--
779,07629	0,00974	--	--	--	--	--	--
779,3211	0,00986	--	--	--	--	--	--
779,56588	0,00988	--	--	--	--	--	--
779,81062	0,00996	--	--	--	--	--	--
780,05533	0,01005	--	--	--	--	--	--
780,3	0,0098	--	--	--	--	--	--
780,54464	0,00973	--	--	--	--	--	--
780,78925	0,00969	--	--	--	--	--	--
781,03382	0,00957	--	--	--	--	--	--
781,27836	0,00946	--	--	--	--	--	--
781,52287	0,00939	--	--	--	--	--	--
781,76734	0,00931	--	--	--	--	--	--
782,01178	0,00924	--	--	--	--	--	--
782,25618	0,0093	--	--	--	--	--	--
782,50055	0,00915	--	--	--	--	--	--
782,74489	0,00912	--	--	--	--	--	--
782,98919	0,00909	--	--	--	--	--	--
783,23346	0,00909	--	--	--	--	--	--
783,47769	0,00912	--	--	--	--	--	--
783,72189	0,00925	--	--	--	--	--	--
783,96606	0,00932	--	--	--	--	--	--
784,21019	0,0094	--	--	--	--	--	--
784,45429	0,00927	--	--	--	--	--	--
784,69835	0,00918	--	--	--	--	--	--
784,94238	0,00918	--	--	--	--	--	--
785,18638	0,00915	--	--	--	--	--	--
785,43034	0,00931	--	--	--	--	--	--
785,67427	0,00936	--	--	--	--	--	--
785,91817	0,00941	--	--	--	--	--	--
786,16203	0,00944	--	--	--	--	--	--
786,40585	0,00956	--	--	--	--	--	--
786,64965	0,00955	--	--	--	--	--	--
786,8934	0,00964	--	--	--	--	--	--
787,13713	0,00957	--	--	--	--	--	--
787,38082	0,00958	--	--	--	--	--	--
787,62448	0,00976	--	--	--	--	--	--
787,8681	0,00994	--	--	--	--	--	--
788,11169	0,01032	--	--	--	--	--	--
788,35524	0,0119	--	--	--	--	--	--
788,59876	0,00999	--	--	--	--	--	--
788,84225	0,00938	--	--	--	--	--	--
789,0857	0,00726	--	--	--	--	--	--
789,32911	0,00964	--	--	--	--	--	--
789,5725	0,00689	--	--	--	--	--	--
789,81585	0,00997	--	--	--	--	--	--