Mean molecule area A2/molecule	Surface pressure, mN/m	Mean molecule area A2/molecule	Cs-1, mN/m
269,8	0,012	269,8	--
269,76	0,007	269,76	--
269,71	0	269,71	--
269,66	-0,002	269,66	--
269,61	0	269,61	--
269,57	0,006	269,57	--
269,51	0,008	269,51	--
269,47	0,01	269,47	--
269,41	0,013	269,41	--
269,37	0,021	269,37	--
269,32	0,023	269,32	--
269,27	0,024	269,27	--
269,23	0,04	269,23	--
269,18	0,044	269,18	--
269,13	0,054	269,13	--
269,08	0,066	269,08	--
269,04	0,071	269,04	--
268,98	0,079	268,98	--
268,94	0,08	268,94	--
268,88	0,077	268,88	--
268,84	0,075	268,84	--
268,79	0,077	268,79	--
268,75	0,08	268,75	--
268,69	0,081	268,69	--
268,65	0,079	268,65	--
268,59	0,088	268,59	--
268,55	0,094	268,55	--
268,51	0,102	268,51	--
268,45	0,11	268,45	--
268,41	0,113	268,41	--
268,36	0,114	268,36	--
268,32	0,12	268,32	--
268,26	0,124	268,26	--
268,22	0,128	268,22	--
268,17	0,131	268,17	--
268,12	0,136	268,12	--
268,07	0,142	268,07	--
268,03	0,146	268,03	--
267,97	0,147	267,97	--
267,93	0,148	267,93	--
267,87	0,148	267,87	--
267,83	0,15	267,83	--
267,79	0,157	267,79	--
267,74	0,169	267,74	--
267,69	0,17	267,69	--
267,64	0,168	267,64	--
267,6	0,171	267,6	--
267,54	0,172	267,54	--
267,5	0,183	267,5	--
267,44	0,19	267,44	--
267,4	0,199	267,4	--
267,35	0,213	267,35	--
267,3	0,219	267,3	--
267,25	0,22	267,25	--
267,21	0,221	267,21	--
267,15	0,223	267,15	--
267,11	0,23	267,11	--
267,07	0,231	267,07	--
267,01	0,238	267,01	--
266,97	0,239	266,97	--
266,91	0,242	266,91	--
266,87	0,25	266,87	--
266,82	0,255	266,82	--
266,78	0,258	266,78	--
266,72	0,265	266,72	--
266,68	0,272	266,68	--
266,62	0,273	266,62	--
266,58	0,271	266,58	--
266,53	0,281	266,53	--
266,49	0,281	266,49	--
266,44	0,281	266,44	--
266,39	0,283	266,39	--
266,35	0,289	266,35	--
266,29	0,304	266,29	--
266,25	0,305	266,25	--
266,19	0,301	266,19	--
266,15	0,302	266,15	--
266,1	0,315	266,1	--
266,06	0,322	266,06	--
266	0,328	266	--
265,96	0,33	265,96	--
265,9	0,329	265,9	--
265,86	0,343	265,86	--
265,81	0,347	265,81	--
265,77	0,346	265,77	--
265,71	0,348	265,71	--
265,67	0,353	265,67	--
265,61	0,356	265,61	--
265,57	0,365	265,57	--
265,52	0,365	265,52	--
265,47	0,366	265,47	--
265,42	0,372	265,42	--
265,38	0,376	265,38	--
265,32	0,377	265,32	--
265,28	0,379	265,28	--
265,22	0,383	265,22	--
265,18	0,385	265,18	--
265,13	0,389	265,13	--
265,09	0,384	265,09	--
265,03	0,379	265,03	--
264,99	0,391	264,99	--
264,95	0,399	264,95	--
264,89	0,408	264,89	--
264,85	0,409	264,85	--
264,79	0,408	264,79	--
264,75	0,411	264,75	--
264,7	0,412	264,7	--
264,65	0,412	264,65	--
264,6	0,405	264,6	--
264,56	0,403	264,56	--
264,5	0,413	264,5	--
264,46	0,418	264,46	--
264,4	0,421	264,4	--
264,36	0,43	264,36	--
264,31	0,437	264,31	--
264,27	0,443	264,27	--
264,21	0,44	264,21	--
264,17	0,441	264,17	--
264,11	0,442	264,11	--
264,07	0,449	264,07	--
264,02	0,45	264,02	--
263,98	0,45	263,98	--
263,93	0,451	263,93	--
263,88	0,449	263,88	--
263,79	0,454	263,79	--
263,71	0,466	263,71	--
263,67	0,47	263,67	--
263,64	0,468	263,64	--
263,59	0,472	263,59	--
263,54	0,479	263,54	--
263,49	0,482	263,49	--
263,45	0,483	263,45	--
263,39	0,485	263,39	--
263,35	0,486	263,35	--
263,29	0,482	263,29	--
263,25	0,488	263,25	--
263,2	0,49	263,2	--
263,16	0,477	263,16	--
263,1	0,481	263,1	--
263,06	0,481	263,06	--
263	0,472	263	--
262,96	0,474	262,96	--
262,91	0,485	262,91	--
262,86	0,485	262,86	--
262,81	0,484	262,81	--
262,77	0,484	262,77	--
262,71	0,483	262,71	--
262,67	0,488	262,67	--
262,62	0,491	262,62	--
262,57	0,493	262,57	--
262,53	0,493	262,53	--
262,48	0,491	262,48	--
262,43	0,494	262,43	--
262,38	0,498	262,38	--
262,34	0,499	262,34	--
262,28	0,491	262,28	--
262,24	0,489	262,24	--
262,18	0,492	262,18	--
262,14	0,493	262,14	--
262,09	0,5	262,09	--
262,05	0,513	262,05	--
261,99	0,515	261,99	--
261,95	0,513	261,95	--
261,89	0,503	261,89	--
261,85	0,502	261,85	--
261,8	0,51	261,8	--
261,76	0,506	261,76	--
261,71	0,504	261,71	--
261,66	0,507	261,66	--
261,62	0,504	261,62	--
261,56	0,507	261,56	--
261,52	0,508	261,52	--
261,46	0,515	261,46	--
261,42	0,516	261,42	--
261,37	0,508	261,37	--
261,33	0,51	261,33	--
261,27	0,513	261,27	--
261,23	0,512	261,23	--
261,17	0,515	261,17	--
261,13	0,515	261,13	--
261,08	0,52	261,08	--
261,03	0,52	261,03	--
260,98	0,519	260,98	--
260,94	0,519	260,94	--
260,88	0,52	260,88	--
260,84	0,522	260,84	--
260,78	0,524	260,78	--
260,74	0,525	260,74	--
260,69	0,534	260,69	--
260,64	0,527	260,64	--
260,59	0,527	260,59	--
260,55	0,537	260,55	--
260,51	0,53	260,51	--
260,45	0,528	260,45	--
260,41	0,536	260,41	--
260,35	0,538	260,35	--
260,31	0,535	260,31	--
260,25	0,534	260,25	--
260,21	0,537	260,21	--
260,16	0,539	260,16	--
260,11	0,541	260,11	--
260,06	0,543	260,06	--
260,02	0,545	260,02	--
259,96	0,542	259,96	--
259,92	0,537	259,92	--
259,87	0,534	259,87	--
259,82	0,539	259,82	--
259,77	0,543	259,77	--
259,73	0,541	259,73	--
259,67	0,541	259,67	--
259,63	0,542	259,63	--
259,58	0,542	259,58	--
259,53	0,54	259,53	--
259,48	0,538	259,48	--
259,44	0,544	259,44	--
259,38	0,548	259,38	--
259,34	0,549	259,34	--
259,3	0,55	259,3	--
259,24	0,55	259,24	--
259,2	0,549	259,2	--
259,15	0,555	259,15	--
259,1	0,554	259,1	--
259,05	0,547	259,05	--
259,01	0,544	259,01	--
258,95	0,539	258,95	--
258,91	0,534	258,91	--
258,85	0,528	258,85	--
258,81	0,535	258,81	--
258,76	0,537	258,76	--
258,72	0,537	258,72	--
258,66	0,546	258,66	--
258,62	0,55	258,62	--
258,56	0,552	258,56	--
258,52	0,553	258,52	--
258,47	0,553	258,47	--
258,42	0,553	258,42	--
258,37	0,554	258,37	--
258,33	0,555	258,33	--
258,29	0,551	258,29	--
258,23	0,547	258,23	--
258,19	0,546	258,19	--
258,13	0,551	258,13	0,7991
258,1	0,553	258,1	0,7597
258,05	0,535	258,05	0,71923
258,01	0,533	258,01	0,67298
257,97	0,539	257,97	0,62207
257,91	0,542	257,91	0,56753
257,87	0,543	257,87	0,51201
257,81	0,546	257,81	0,4583
257,77	0,55	257,77	0,41079
257,72	0,551	257,72	0,37241
257,68	0,545	257,68	0,34435
257,62	0,543	257,62	0,32433
257,58	0,545	257,58	0,31014
257,52	0,545	257,52	0,30101
257,48	0,544	257,48	0,29615
257,43	0,553	257,43	0,29369
257,38	0,547	257,38	0,29188
257,33	0,548	257,33	0,29087
257,29	0,55	257,29	0,29139
257,23	0,548	257,23	0,29358
257,19	0,549	257,19	0,2971
257,13	0,547	257,13	0,30196
257,09	0,546	257,09	0,30826
257,04	0,543	257,04	0,31606
257	0,539	257	0,32472
256,94	0,552	256,94	0,33308
256,9	0,551	256,9	0,33994
256,84	0,542	256,84	0,3451
256,8	0,55	256,8	0,35033
256,74	0,55	256,74	0,35754
256,7	0,55	256,7	0,36732
256,66	0,547	256,66	0,3795
256,61	0,547	256,61	0,39389
256,56	0,549	256,56	0,41027
256,51	0,55	256,51	0,42745
256,47	0,547	256,47	0,4443
256,41	0,547	256,41	0,46036
256,37	0,549	256,37	0,47605
256,32	0,545	256,32	0,49152
256,27	0,545	256,27	0,50691
256,22	0,543	256,22	0,52222
256,18	0,539	256,18	0,53729
256,12	0,535	256,12	0,55214
256,08	0,541	256,08	0,56704
256,02	0,545	256,02	0,58217
255,98	0,544	255,98	0,59728
255,93	0,543	255,93	0,61253
255,88	0,546	255,88	0,62806
255,83	0,538	255,83	0,64372
255,79	0,537	255,79	0,65922
255,73	0,534	255,73	0,67427
255,69	0,534	255,69	0,68871
255,64	0,534	255,64	0,70254
255,59	0,54	255,59	0,71593
255,54	0,544	255,54	0,72897
255,5	0,545	255,5	0,74157
255,45	0,542	255,45	0,75341
255,4	0,541	255,4	0,76443
255,36	0,549	255,36	0,77438
255,3	0,543	255,3	0,78303
255,26	0,542	255,26	0,79035
255,2	0,544	255,2	0,79648
255,16	0,545	255,16	0,80137
255,11	0,544	255,11	0,805
255,07	0,543	255,07	0,80769
255,01	0,543	255,01	0,80953
254,97	0,55	254,97	0,81078
254,91	0,55	254,91	0,8119
254,87	0,554	254,87	0,81298
254,82	0,555	254,82	0,81362
254,77	0,553	254,77	0,81375
254,72	0,548	254,72	0,81342
254,68	0,544	254,68	0,81257
254,62	0,547	254,62	0,81111
254,58	0,547	254,58	0,80923
254,53	0,557	254,53	0,80699
254,48	0,541	254,48	0,80437
254,43	0,535	254,43	0,8012
254,39	0,547	254,39	0,79734
254,33	0,55	254,33	0,79252
254,29	0,551	254,29	0,78653
254,23	0,551	254,23	0,77965
254,19	0,553	254,19	0,77224
254,14	0,563	254,14	0,76445
254,1	0,564	254,1	0,75636
254,04	0,561	254,04	0,74807
254	0,56	254	0,73936
253,94	0,564	253,94	0,73012
253,9	0,566	253,9	0,72049
253,85	0,563	253,85	0,71052
253,8	0,561	253,8	0,70012
253,75	0,555	253,75	0,68926
253,71	0,553	253,71	0,67779
253,65	0,552	253,65	0,66536
253,61	0,552	253,61	0,65189
253,55	0,553	253,55	0,63754
253,51	0,553	253,51	0,62245
253,46	0,553	253,46	0,60682
253,42	0,549	253,42	0,59077
253,36	0,547	253,36	0,57439
253,32	0,548	253,32	0,55781
253,26	0,549	253,26	0,54823
253,22	0,549	253,22	0,53875
253,17	0,546	253,17	0,52939
253,12	0,548	253,12	0,52021
253,07	0,552	253,07	0,51127
253,03	0,548	253,03	0,50258
252,97	0,547	252,97	0,49416
252,93	0,553	252,93	0,48599
252,87	0,553	252,87	0,47809
252,83	0,551	252,83	0,47049
252,78	0,552	252,78	0,46318
252,73	0,551	252,73	0,45613
252,68	0,548	252,68	0,44928
252,64	0,552	252,64	0,44258
252,58	0,555	252,58	0,43595
252,54	0,555	252,54	0,42931
252,48	0,551	252,48	0,42259
252,44	0,548	252,44	0,41574
252,39	0,548	252,39	0,40871
252,35	0,552	252,35	0,40144
252,29	0,552	252,29	0,39393
252,25	0,558	252,25	0,38624
252,21	0,558	252,21	0,37842
252,15	0,558	252,15	0,37051
252,11	0,557	252,11	0,36252
252,05	0,558	252,05	0,3544
252,01	0,558	252,01	0,34614
251,96	0,558	251,96	0,33773
251,92	0,556	251,92	0,3292
251,86	0,554	251,86	0,32059
251,82	0,562	251,82	0,31194
251,76	0,562	251,76	0,30331
251,72	0,558	251,72	0,2947
251,67	0,558	251,67	0,28614
251,62	0,567	251,62	0,27761
251,57	0,567	251,57	0,26915
251,53	0,569	251,53	0,26079
251,47	0,57	251,47	0,25254
251,43	0,565	251,43	0,24441
251,37	0,56	251,37	0,23642
251,33	0,563	251,33	0,22858
251,28	0,562	251,28	0,22085
251,24	0,56	251,24	0,21318
251,18	0,559	251,18	0,20554
251,14	0,557	251,14	0,19786
251,08	0,559	251,08	0,19008
251,04	0,561	251,04	0,18219
250,99	0,554	250,99	0,17418
250,95	0,554	250,95	0,16607
250,89	0,563	250,89	0,15794
250,85	0,564	250,85	0,14985
250,79	0,564	250,79	0,14191
250,75	0,559	250,75	0,1342
250,7	0,556	250,7	0,12674
250,65	0,558	250,65	0,11947
250,6	0,559	250,6	0,1123
250,56	0,558	250,56	0,10511
250,5	0,557	250,5	0,09784
250,46	0,56	250,46	0,09045
250,4	0,563	250,4	0,08293
250,36	0,562	250,36	0,07526
250,31	0,557	250,31	0,06747
250,27	0,564	250,27	0,05956
250,22	0,566	250,22	0,05157
250,17	0,566	250,17	0,04352
250,13	0,566	250,13	0,03547
250,07	0,565	250,07	0,02749
250,03	0,565	250,03	0,01961
249,97	0,565	249,97	0,01186
249,93	0,565	249,93	0,00428
249,88	0,566	249,88	-0,00309
249,83	0,571	249,83	-0,01021
249,78	0,576	249,78	-0,01707
249,72	0,573	249,72	-0,02371
249,67	0,57	249,67	-0,03015
249,64	0,568	249,64	-0,0364
249,59	0,562	249,59	-0,04245
249,54	0,555	249,54	-0,04831
249,49	0,557	249,49	-0,05396
249,45	0,565	249,45	-0,05937
249,39	0,561	249,39	-0,06456
249,35	0,557	249,35	-0,06953
249,29	0,556	249,29	-0,07433
249,25	0,552	249,25	-0,07901
249,21	0,556	249,21	-0,08359
249,17	0,561	249,17	-0,0881
249,13	0,561	249,13	-0,09253
249,1	0,559	249,1	-0,09684
249,07	0,558	249,07	-0,10099
249,02	0,555	249,02	-0,10498
248,97	0,554	248,97	-0,10886
248,92	0,553	248,92	-0,11268
248,86	0,56	248,86	-0,11646
248,81	0,563	248,81	-0,1202
248,77	0,555	248,77	-0,12387
248,71	0,548	248,71	-0,12736
248,65	0,556	248,65	-0,13058
248,61	0,566	248,61	-0,13347
248,56	0,567	248,56	-0,13601
248,52	0,56	248,52	-0,13818
248,46	0,558	248,46	-0,14001
248,42	0,558	248,42	-0,14157
248,36	0,558	248,36	-0,14294
248,32	0,56	248,32	-0,1442
248,26	0,564	248,26	-0,14541
248,22	0,567	248,22	-0,14656
248,17	0,566	248,17	-0,14761
248,13	0,561	248,13	-0,1485
248,07	0,56	248,07	-0,14918
248,02	0,565	248,02	-0,14968
247,97	0,562	247,97	-0,15001
247,92	0,562	247,92	-0,15016
247,88	0,562	247,88	-0,1502
247,82	0,565	247,82	-0,15015
247,79	0,563	247,79	-0,14999
247,75	0,563	247,75	-0,14968
247,7	0,564	247,7	-0,14922
247,64	0,562	247,64	-0,14857
247,63	0,563	247,63	-0,14763
247,57	0,563	247,57	-0,14639
247,53	0,557	247,53	-0,1449
247,48	0,556	247,48	-0,14316
247,42	0,56	247,42	-0,14121
247,37	0,558	247,37	-0,13906
247,32	0,553	247,32	-0,13669
247,27	0,555	247,27	-0,13402
247,23	0,558	247,23	-0,13104
247,17	0,559	247,17	-0,12776
247,13	0,56	247,13	-0,12416
247,07	0,558	247,07	-0,12023
247,02	0,559	247,02	-0,11606
246,95	0,571	246,95	-0,11172
246,91	0,572	246,91	-0,10729
246,85	0,577	246,85	-0,1029
246,81	0,558	246,81	-0,0986
246,75	0,56	246,75	-0,09438
246,71	0,56	246,71	-0,09019
246,66	0,558	246,66	-0,08595
246,6	0,553	246,6	-0,08162
246,56	0,559	246,56	-0,0772
246,5	0,563	246,5	-0,0727
246,46	0,563	246,46	-0,06809
246,41	0,56	246,41	-0,06334
246,37	0,56	246,37	-0,05843
246,31	0,559	246,31	-0,05332
246,27	0,561	246,27	-0,04802
246,21	0,563	246,21	-0,0426
246,17	0,564	246,17	-0,0371
246,12	0,555	246,12	-0,03155
246,06	0,555	246,06	-0,02596
246,05	0,554	246,05	-0,0203
245,98	0,553	245,98	-0,0145
245,91	0,557	245,91	-0,0085
245,87	0,559	245,87	-0,00223
245,81	0,559	245,81	0,00433
245,75	0,56	245,75	0,01122
245,71	0,558	245,71	0,01842
245,66	0,555	245,66	0,02585
245,6	0,553	245,6	0,03347
245,56	0,555	245,56	0,04123
245,5	0,556	245,5	0,04914
245,46	0,556	245,46	0,05718
245,41	0,557	245,41	0,06538
245,36	0,556	245,36	0,07385
245,31	0,552	245,31	0,08267
245,27	0,55	245,27	0,09185
245,21	0,56	245,21	0,10135
245,16	0,558	245,16	0,11113
245,11	0,56	245,11	0,12111
245,06	0,558	245,06	0,13119
245,02	0,558	245,02	0,14136
244,96	0,557	244,96	0,15172
244,92	0,553	244,92	0,1623
244,86	0,553	244,86	0,17309
244,82	0,558	244,82	0,18408
244,77	0,559	244,77	0,19518
244,73	0,558	244,73	0,20632
244,67	0,559	244,67	0,21748
244,62	0,561	244,62	0,22865
244,57	0,55	244,57	0,23983
244,52	0,547	244,52	0,25101
244,48	0,552	244,48	0,26221
244,42	0,554	244,42	0,27353
244,38	0,556	244,38	0,28508
244,34	0,554	244,34	0,29697
244,28	0,552	244,28	0,30934
244,23	0,554	244,23	0,32221
244,19	0,567	244,19	0,33548
244,13	0,565	244,13	0,34905
244,09	0,564	244,09	0,36282
244,03	0,564	244,03	0,37676
243,99	0,562	243,99	0,39087
243,94	0,561	243,94	0,40516
243,89	0,558	243,89	0,41967
243,84	0,559	243,84	0,43442
243,8	0,561	243,8	0,44942
243,74	0,566	243,74	0,46461
243,7	0,566	243,7	0,47999
243,65	0,564	243,65	0,49552
243,6	0,563	243,6	0,51114
243,55	0,559	243,55	0,52683
243,51	0,558	243,51	0,54257
243,45	0,557	243,45	0,5583
243,41	0,56	243,41	0,57399
243,35	0,558	243,35	0,58959
243,31	0,556	243,31	0,60505
243,26	0,565	243,26	0,62033
243,22	0,567	243,22	0,63547
243,16	0,567	243,16	0,65052
243,12	0,559	243,12	0,66554
243,06	0,554	243,06	0,68054
243,02	0,555	243,02	0,69559
242,97	0,552	242,97	0,71077
242,92	0,558	242,92	0,72613
242,88	0,559	242,88	0,74171
242,83	0,556	242,83	0,75748
242,78	0,559	242,78	0,77343
242,73	0,562	242,73	0,78952
242,69	0,563	242,69	0,80574
242,63	0,57	242,63	0,82209
242,59	0,573	242,59	0,83858
242,53	0,568	242,53	0,8552
242,49	0,562	242,49	0,8719
242,44	0,559	242,44	0,8886
242,4	0,56	242,4	0,90527
242,34	0,568	242,34	0,92192
242,3	0,57	242,3	0,93855
242,24	0,569	242,24	0,9552
242,2	0,567	242,2	0,97189
242,15	0,567	242,15	0,98859
242,1	0,566	242,1	1,0053
242,05	0,567	242,05	1,02196
242,01	0,567	242,01	1,03854
241,95	0,565	241,95	1,05501
241,91	0,561	241,91	1,07133
241,85	0,564	241,85	1,0875
241,81	0,566	241,81	1,1035
241,76	0,568	241,76	1,11935
241,71	0,576	241,71	1,13512
241,66	0,573	241,66	1,15087
241,62	0,576	241,62	1,16665
241,56	0,569	241,56	1,18246
241,52	0,567	241,52	1,19828
241,46	0,575	241,46	1,21407
241,42	0,573	241,42	1,22975
241,37	0,574	241,37	1,24526
241,33	0,575	241,33	1,26059
241,27	0,571	241,27	1,27581
241,23	0,572	241,23	1,29094
241,17	0,56	241,17	1,30604
241,12	0,556	241,12	1,32114
241,08	0,571	241,08	1,33625
241,02	0,573	241,02	1,35129
240,98	0,575	240,98	1,36621
240,94	0,577	240,94	1,38103
240,88	0,579	240,88	1,39577
240,84	0,571	240,84	1,41048
240,78	0,567	240,78	1,42518
240,74	0,57	240,74	1,43991
240,69	0,571	240,69	1,45463
240,65	0,571	240,65	1,46935
240,59	0,575	240,59	1,48408
240,55	0,578	240,55	1,49881
240,49	0,58	240,49	1,51347
240,45	0,581	240,45	1,52799
240,4	0,579	240,4	1,54226
240,36	0,577	240,36	1,55622
240,3	0,582	240,3	1,56984
240,26	0,57	240,26	1,58322
240,2	0,563	240,2	1,59643
240,15	0,572	240,15	1,60957
240,11	0,578	240,11	1,62265
240,05	0,581	240,05	1,63564
240,01	0,584	240,01	1,6485
239,96	0,586	239,96	1,66122
239,91	0,588	239,91	1,67379
239,86	0,567	239,86	1,68621
239,82	0,558	239,82	1,69846
239,76	0,582	239,76	1,71055
239,72	0,573	239,72	1,72247
239,66	0,562	239,66	1,73421
239,62	0,565	239,62	1,74581
239,56	0,57	239,56	1,75733
239,52	0,578	239,52	1,76886
239,47	0,58	239,47	1,78046
239,43	0,593	239,43	1,79212
239,37	0,585	239,37	1,80383
239,33	0,558	239,33	1,81555
239,27	0,568	239,27	1,82718
239,23	0,595	239,23	1,83865
239,18	0,587	239,18	1,84993
239,13	0,585	239,13	1,86101
239,08	0,587	239,08	1,87193
239,04	0,594	239,04	1,8827
238,98	0,594	238,98	1,89336
238,93	0,594	238,93	1,90394
238,89	0,592	238,89	1,91447
238,83	0,596	238,83	1,92491
238,8	0,567	238,8	1,93522
238,76	0,563	238,76	1,94536
238,71	0,569	238,71	1,95531
238,65	0,56	238,65	1,9651
238,61	0,58	238,61	1,97475
238,55	0,583	238,55	1,98437
238,51	0,583	238,51	1,99403
238,45	0,59	238,45	2,00376
238,41	0,592	238,41	2,01354
238,36	0,592	238,36	2,02332
238,32	0,576	238,32	2,03306
238,26	0,601	238,26	2,04273
238,22	0,593	238,22	2,0524
238,16	0,606	238,16	2,06215
238,12	0,595	238,12	2,07199
238,07	0,586	238,07	2,08197
238,03	0,583	238,03	2,09205
237,97	0,593	237,97	2,10219
237,93	0,598	237,93	2,11234
237,87	0,598	237,87	2,1225
237,83	0,611	237,83	2,13261
237,77	0,615	237,77	2,14259
237,73	0,607	237,73	2,15239
237,68	0,597	237,68	2,16198
237,64	0,602	237,64	2,17139
237,58	0,603	237,58	2,18065
237,54	0,588	237,54	2,18986
237,48	0,57	237,48	2,19907
237,44	0,575	237,44	2,20827
237,39	0,588	237,39	2,21745
237,33	0,596	237,33	2,2266
237,29	0,603	237,29	2,23565
237,23	0,605	237,23	2,24461
237,19	0,607	237,19	2,25349
237,13	0,607	237,13	2,26234
237,09	0,608	237,09	2,2712
237,05	0,595	237,05	2,28013
237	0,605	237	2,28918
236,94	0,612	236,94	2,29839
236,9	0,598	236,9	2,30774
236,85	0,599	236,85	2,31724
236,8	0,599	236,8	2,32686
236,75	0,591	236,75	2,33658
236,7	0,595	236,7	2,34635
236,65	0,6	236,65	2,35617
236,61	0,607	236,61	2,36601
236,55	0,613	236,55	2,37585
236,51	0,603	236,51	2,3857
236,46	0,601	236,46	2,39558
236,41	0,602	236,41	2,4055
236,36	0,605	236,36	2,41548
236,32	0,597	236,32	2,4255
236,26	0,599	236,26	2,43554
236,22	0,596	236,22	2,44558
236,17	0,592	236,17	2,45555
236,12	0,599	236,12	2,46544
236,07	0,599	236,07	2,47525
236,03	0,592	236,03	2,48497
235,97	0,593	235,97	2,49462
235,93	0,582	235,93	2,50425
235,87	0,592	235,87	2,51397
235,83	0,61	235,83	2,52384
235,78	0,602	235,78	2,5339
235,72	0,6	235,72	2,5441
235,68	0,605	235,68	2,55437
235,63	0,607	235,63	2,5646
235,58	0,601	235,58	2,57468
235,53	0,599	235,53	2,58453
235,48	0,599	235,48	2,59418
235,43	0,607	235,43	2,60368
235,39	0,605	235,39	2,61309
235,33	0,604	235,33	2,62252
235,29	0,603	235,29	2,63206
235,24	0,602	235,24	2,64172
235,19	0,603	235,19	2,65148
235,14	0,604	235,14	2,6613
235,1	0,605	235,1	2,67119
235,04	0,605	235,04	2,68111
235	0,607	235	2,69106
234,94	0,604	234,94	2,70108
234,9	0,611	234,9	2,71116
234,85	0,615	234,85	2,72131
234,8	0,618	234,8	2,73155
234,75	0,605	234,75	2,74188
234,71	0,602	234,71	2,75229
234,65	0,601	234,65	2,76272
234,61	0,61	234,61	2,77311
234,56	0,615	234,56	2,78336
234,51	0,615	234,51	2,79338
234,46	0,613	234,46	2,80319
234,41	0,611	234,41	2,81284
234,36	0,607	234,36	2,82241
234,32	0,614	234,32	2,83199
234,26	0,616	234,26	2,84162
234,22	0,615	234,22	2,85126
234,17	0,616	234,17	2,86089
234,11	0,616	234,11	2,87046
234,07	0,608	234,07	2,87988
234,01	0,61	234,01	2,88916
233,97	0,61	233,97	2,89831
233,92	0,611	233,92	2,90733
233,87	0,616	233,87	2,91627
233,82	0,626	233,82	2,92522
233,78	0,627	233,78	2,93425
233,72	0,619	233,72	2,94341
233,68	0,619	233,68	2,95276
233,62	0,625	233,62	2,96232
233,58	0,622	233,58	2,97208
233,53	0,622	233,53	2,982
233,49	0,62	233,49	2,9921
233,43	0,619	233,43	3,00233
233,39	0,618	233,39	3,01263
233,33	0,62	233,33	3,02295
233,29	0,62	233,29	3,03329
233,24	0,615	233,24	3,04358
233,2	0,612	233,2	3,0538
233,14	0,624	233,14	3,06396
233,1	0,626	233,1	3,0741
233,04	0,622	233,04	3,08426
233	0,621	233	3,09446
232,95	0,623	232,95	3,10472
232,9	0,627	232,9	3,11502
232,85	0,626	232,85	3,12535
232,81	0,619	232,81	3,13569
232,75	0,62	232,75	3,14607
232,71	0,623	232,71	3,15652
232,65	0,625	232,65	3,16706
232,61	0,625	232,61	3,17768
232,56	0,624	232,56	3,18838
232,53	0,624	232,53	3,19915
232,47	0,62	232,47	3,20998
232,43	0,631	232,43	3,2209
232,38	0,634	232,38	3,23193
232,34	0,63	232,34	3,24309
232,28	0,622	232,28	3,25444
232,24	0,622	232,24	3,266
232,18	0,633	232,18	3,27775
232,14	0,636	232,14	3,28968
232,08	0,64	232,08	3,30175
232,04	0,641	232,04	3,31394
231,99	0,634	231,99	3,32618
231,93	0,633	231,93	3,33841
231,89	0,628	231,89	3,35054
231,83	0,628	231,83	3,36252
231,79	0,633	231,79	3,3744
231,74	0,636	231,74	3,38626
231,7	0,635	231,7	3,3982
231,64	0,635	231,64	3,41036
231,6	0,638	231,6	3,42286
231,54	0,64	231,54	3,43575
231,5	0,642	231,5	3,44898
231,45	0,644	231,45	3,46249
231,4	0,647	231,4	3,4762
231,35	0,642	231,35	3,49002
231,31	0,635	231,31	3,50389
231,25	0,635	231,25	3,5178
231,21	0,642	231,21	3,53174
231,16	0,642	231,16	3,54564
231,11	0,64	231,11	3,55946
231,06	0,641	231,06	3,57319
231,02	0,639	231,02	3,58681
230,96	0,64	230,96	3,60036
230,92	0,651	230,92	3,6139
230,86	0,653	230,86	3,62746
230,82	0,649	230,82	3,64107
230,77	0,648	230,77	3,65471
230,72	0,649	230,72	3,66841
230,67	0,649	230,67	3,68221
230,63	0,648	230,63	3,69614
230,57	0,647	230,57	3,71023
230,53	0,651	230,53	3,72447
230,47	0,649	230,47	3,73884
230,43	0,645	230,43	3,75326
230,38	0,653	230,38	3,76765
230,34	0,656	230,34	3,78197
230,28	0,65	230,28	3,79621
230,24	0,653	230,24	3,81035
230,18	0,652	230,18	3,82443
230,13	0,65	230,13	3,83851
230,09	0,658	230,09	3,8526
230,04	0,659	230,04	3,86672
229,99	0,657	229,99	3,88085
229,95	0,656	229,95	3,89498
229,89	0,657	229,89	3,90907
229,85	0,659	229,85	3,92305
229,79	0,655	229,79	3,93685
229,75	0,652	229,75	3,95044
229,7	0,654	229,7	3,96382
229,64	0,654	229,64	3,977
229,6	0,652	229,6	3,99001
229,55	0,65	229,55	4,00285
229,5	0,657	229,5	4,01557
229,45	0,656	229,45	4,02823
229,41	0,658	229,41	4,04089
229,35	0,663	229,35	4,0536
229,31	0,667	229,31	4,06638
229,25	0,663	229,25	4,07919
229,21	0,658	229,21	4,09196
229,16	0,664	229,16	4,10454
229,11	0,667	229,11	4,11685
229,06	0,671	229,06	4,12884
229,02	0,665	229,02	4,14054
228,96	0,662	228,96	4,15202
228,92	0,666	228,92	4,16331
228,87	0,671	228,87	4,17447
228,82	0,676	228,82	4,18552
228,77	0,676	228,77	4,19647
228,73	0,672	228,73	4,20732
228,67	0,667	228,67	4,21811
228,63	0,667	228,63	4,22887
228,58	0,668	228,58	4,23959
228,53	0,663	228,53	4,25025
228,48	0,671	228,48	4,26079
228,44	0,682	228,44	4,27117
228,38	0,68	228,38	4,28136
228,34	0,678	228,34	4,29136
228,28	0,678	228,28	4,30118
228,24	0,671	228,24	4,3109
228,19	0,67	228,19	4,32054
228,14	0,674	228,14	4,33012
228,09	0,675	228,09	4,33967
228,05	0,678	228,05	4,34914
227,99	0,679	227,99	4,35853
227,95	0,68	227,95	4,36788
227,9	0,684	227,9	4,37723
227,85	0,685	227,85	4,3866
227,8	0,688	227,8	4,39597
227,75	0,687	227,75	4,40528
227,7	0,68	227,7	4,41447
227,66	0,678	227,66	4,42344
227,6	0,68	227,6	4,43217
227,56	0,685	227,56	4,44068
227,5	0,686	227,5	4,44902
227,46	0,686	227,46	4,45723
227,41	0,684	227,41	4,46535
227,37	0,683	227,37	4,47343
227,31	0,685	227,31	4,48149
227,27	0,686	227,27	4,48951
227,21	0,689	227,21	4,4975
227,16	0,692	227,16	4,50544
227,12	0,69	227,12	4,51335
227,06	0,688	227,06	4,52122
227,02	0,692	227,02	4,52908
226,96	0,693	226,96	4,53691
226,92	0,695	226,92	4,54469
226,87	0,696	226,87	4,5524
226,83	0,69	226,83	4,56
226,77	0,683	226,77	4,56749
226,73	0,686	226,73	4,57487
226,67	0,689	226,67	4,58218
226,63	0,69	226,63	4,58948
226,57	0,691	226,57	4,59681
226,53	0,691	226,53	4,60419
226,48	0,69	226,48	4,61164
226,44	0,697	226,44	4,61917
226,38	0,699	226,38	4,62678
226,34	0,694	226,34	4,63445
226,28	0,692	226,28	4,64217
226,24	0,697	226,24	4,64991
226,19	0,704	226,19	4,65764
226,14	0,692	226,14	4,66534
226,09	0,687	226,09	4,67301
226,05	0,696	226,05	4,68067
225,99	0,698	225,99	4,68835
225,95	0,692	225,95	4,69608
225,89	0,691	225,89	4,70388
225,85	0,696	225,85	4,71177
225,8	0,697	225,8	4,71971
225,76	0,698	225,76	4,72767
225,73	0,698	225,73	4,7356
225,67	0,696	225,67	4,7435
225,63	0,702	225,63	4,75139
225,58	0,71	225,58	4,75932
225,53	0,716	225,53	4,76733
225,48	0,718	225,48	4,77542
225,44	0,709	225,44	4,78357
225,38	0,711	225,38	4,79174
225,34	0,711	225,34	4,79995
225,29	0,71	225,29	4,80819
225,24	0,71	225,24	4,81651
225,19	0,708	225,19	4,82497
225,14	0,709	225,14	4,8336
225,09	0,72	225,09	4,84239
225,05	0,724	225,05	4,85133
224,99	0,723	224,99	4,86044
224,95	0,722	224,95	4,8697
224,9	0,722	224,9	4,8791
224,85	0,719	224,85	4,88862
224,8	0,719	224,8	4,89824
224,76	0,724	224,76	4,90798
224,7	0,722	224,7	4,91784
224,66	0,72	224,66	4,92784
224,61	0,725	224,61	4,93799
224,55	0,728	224,55	4,9483
224,51	0,73	224,51	4,95881
224,45	0,724	224,45	4,9695
224,41	0,725	224,41	4,98037
224,37	0,732	224,37	4,99149
224,31	0,727	224,31	5,00287
224,27	0,724	224,27	5,01452
224,22	0,733	224,22	5,0264
224,16	0,737	224,16	5,03849
224,12	0,735	224,12	5,05076
224,06	0,727	224,06	5,06315
224,02	0,728	224,02	5,07562
223,97	0,736	223,97	5,08811
223,93	0,744	223,93	5,10064
223,87	0,746	223,87	5,11321
223,83	0,739	223,83	5,12581
223,77	0,733	223,77	5,13847
223,73	0,738	223,73	5,15122
223,68	0,75	223,68	5,16409
223,63	0,753	223,63	5,1771
223,58	0,751	223,58	5,19024
223,54	0,75	223,54	5,20352
223,48	0,753	223,48	5,21689
223,44	0,746	223,44	5,23032
223,38	0,744	223,38	5,24375
223,34	0,741	223,34	5,25718
223,29	0,74	223,29	5,2706
223,25	0,743	223,25	5,28404
223,19	0,75	223,19	5,2975
223,15	0,75	223,15	5,31097
223,09	0,745	223,09	5,32443
223,05	0,744	223,05	5,33784
223	0,744	223	5,3512
222,95	0,746	222,95	5,36455
222,9	0,746	222,9	5,37795
222,86	0,75	222,86	5,39147
222,8	0,752	222,8	5,40513
222,76	0,753	222,76	5,41891
222,7	0,75	222,7	5,43277
222,66	0,75	222,66	5,44665
222,61	0,754	222,61	5,4605
222,56	0,754	222,56	5,47431
222,51	0,759	222,51	5,48807
222,47	0,763	222,47	5,50179
222,41	0,767	222,41	5,51551
222,37	0,76	222,37	5,52925
222,32	0,757	222,32	5,54304
222,27	0,754	222,27	5,5569
222,22	0,754	222,22	5,57085
222,16	0,768	222,16	5,58486
222,12	0,758	222,12	5,59892
222,06	0,755	222,06	5,61298
222,02	0,758	222,02	5,62699
221,97	0,762	221,97	5,64092
221,93	0,765	221,93	5,65476
221,87	0,759	221,87	5,66846
221,83	0,756	221,83	5,68199
221,77	0,756	221,77	5,6954
221,73	0,756	221,73	5,70869
221,68	0,765	221,68	5,72186
221,64	0,772	221,64	5,73494
221,58	0,775	221,58	5,74793
221,54	0,767	221,54	5,76085
221,48	0,767	221,48	5,7737
221,44	0,767	221,44	5,7865
221,38	0,769	221,38	5,79929
221,34	0,773	221,34	5,81212
221,29	0,777	221,29	5,82499
221,25	0,78	221,25	5,8379
221,19	0,782	221,19	5,85083
221,15	0,78	221,15	5,86373
221,09	0,776	221,09	5,87655
221,05	0,778	221,05	5,88927
221	0,781	221	5,90189
220,96	0,782	220,96	5,91444
220,9	0,785	220,9	5,927
220,86	0,787	220,86	5,93963
220,8	0,778	220,8	5,95236
220,76	0,774	220,76	5,9652
220,7	0,777	220,7	5,97813
220,66	0,789	220,66	5,99113
220,61	0,804	220,61	6,00417
220,55	0,797	220,55	6,01717
220,51	0,777	220,51	6,03011
220,46	0,778	220,46	6,04299
220,41	0,793	220,41	6,05579
220,36	0,796	220,36	6,06852
220,32	0,798	220,32	6,08123
220,26	0,799	220,26	6,09398
220,22	0,795	220,22	6,10685
220,17	0,794	220,17	6,11988
220,12	0,795	220,12	6,13311
220,07	0,797	220,07	6,14656
220,03	0,799	220,03	6,16018
219,97	0,797	219,97	6,1739
219,93	0,79	219,93	6,18768
219,87	0,786	219,87	6,2015
219,83	0,794	219,83	6,21534
219,78	0,798	219,78	6,22923
219,73	0,798	219,73	6,24318
219,68	0,802	219,68	6,25718
219,64	0,81	219,64	6,27124
219,58	0,806	219,58	6,28536
219,54	0,805	219,54	6,29953
219,48	0,8	219,48	6,31379
219,44	0,798	219,44	6,32819
219,39	0,8	219,39	6,34278
219,34	0,805	219,34	6,3576
219,29	0,806	219,29	6,37272
219,25	0,808	219,25	6,38821
219,19	0,806	219,19	6,40408
219,14	0,803	219,14	6,42035
219,09	0,803	219,09	6,43704
219,04	0,808	219,04	6,45416
219	0,815	219	6,47169
218,94	0,816	218,94	6,48955
218,9	0,816	218,9	6,50767
218,84	0,81	218,84	6,52602
218,8	0,812	218,8	6,54456
218,75	0,816	218,75	6,56333
218,71	0,812	218,71	6,58239
218,65	0,809	218,65	6,60178
218,61	0,814	218,61	6,6215
218,55	0,822	218,55	6,64156
218,51	0,841	218,51	6,66195
218,46	0,836	218,46	6,68262
218,42	0,822	218,42	6,70353
218,36	0,821	218,36	6,72464
218,32	0,822	218,32	6,74594
218,26	0,829	218,26	6,76744
218,22	0,834	218,22	6,78917
218,16	0,835	218,16	6,81119
218,11	0,834	218,11	6,83359
218,07	0,83	218,07	6,85646
218,01	0,828	218,01	6,87985
217,97	0,83	217,97	6,90375
217,92	0,833	217,92	6,92817
217,87	0,834	217,87	6,95306
217,82	0,831	217,82	6,97837
217,78	0,828	217,78	7,00404
217,72	0,83	217,72	7,03004
217,68	0,832	217,68	7,05635
217,62	0,836	217,62	7,08294
217,58	0,837	217,58	7,10981
217,53	0,839	217,53	7,13699
217,49	0,848	217,49	7,16452
217,43	0,851	217,43	7,19243
217,39	0,857	217,39	7,22074
217,33	0,854	217,33	7,24943
217,29	0,844	217,29	7,27845
217,24	0,842	217,24	7,30779
217,18	0,846	217,18	7,33743
217,14	0,849	217,14	7,36739
217,08	0,848	217,08	7,39768
217,04	0,846	217,04	7,42831
216,99	0,849	216,99	7,45929
216,95	0,852	216,95	7,49056
216,89	0,853	216,89	7,52206
216,85	0,855	216,85	7,55371
216,79	0,855	216,79	7,58537
216,75	0,855	216,75	7,61698
216,7	0,855	216,7	7,64857
216,65	0,856	216,65	7,68015
216,6	0,86	216,6	7,71174
216,56	0,865	216,56	7,74339
216,5	0,866	216,5	7,77506
216,46	0,865	216,46	7,80677
216,4	0,87	216,4	7,8385
216,36	0,884	216,36	7,87023
216,31	0,879	216,31	7,90197
216,25	0,881	216,25	7,93368
216,21	0,88	216,21	7,96533
216,15	0,876	216,15	7,99692
216,11	0,874	216,11	8,02849
216,06	0,879	216,06	8,06009
216,02	0,873	216,02	8,09179
215,96	0,868	215,96	8,12363
215,92	0,874	215,92	8,15567
215,86	0,876	215,86	8,18788
215,82	0,877	215,82	8,22021
215,76	0,891	215,76	8,25259
215,72	0,896	215,72	8,28496
215,67	0,897	215,67	8,31728
215,63	0,892	215,63	8,34955
215,57	0,881	215,57	8,38178
215,53	0,884	215,53	8,41401
215,47	0,89	215,47	8,44626
215,43	0,894	215,43	8,47853
215,37	0,891	215,37	8,51081
215,32	0,887	215,32	8,543
215,28	0,886	215,28	8,57502
215,22	0,882	215,22	8,60684
215,18	0,881	215,18	8,63843
215,13	0,887	215,13	8,66976
215,08	0,887	215,08	8,70085
215,03	0,886	215,03	8,7317
214,99	0,89	214,99	8,76233
214,93	0,894	214,93	8,79274
214,89	0,895	214,89	8,82294
214,83	0,895	214,83	8,85292
214,79	0,896	214,79	8,88269
214,74	0,91	214,74	8,91219
214,69	0,916	214,69	8,9414
214,64	0,907	214,64	8,97031
214,58	0,901	214,58	8,99892
214,54	0,911	214,54	9,02718
214,49	0,909	214,49	9,05513
214,45	0,908	214,45	9,08283
214,39	0,912	214,39	9,11034
214,35	0,919	214,35	9,13776
214,29	0,92	214,29	9,16515
214,25	0,919	214,25	9,19253
214,2	0,922	214,2	9,21985
214,16	0,922	214,16	9,24704
214,1	0,92	214,1	9,27398
214,06	0,93	214,06	9,30061
214	0,933	214	9,32694
213,96	0,926	213,96	9,353
213,91	0,917	213,91	9,37884
213,86	0,926	213,86	9,40449
213,81	0,93	213,81	9,42998
213,75	0,937	213,75	9,45533
213,71	0,926	213,71	9,48052
213,66	0,924	213,66	9,50558
213,61	0,932	213,61	9,5305
213,56	0,934	213,56	9,55525
213,52	0,928	213,52	9,57979
213,46	0,93	213,46	9,60408
213,42	0,934	213,42	9,62814
213,36	0,938	213,36	9,652
213,32	0,935	213,32	9,67569
213,27	0,938	213,27	9,69929
213,23	0,939	213,23	9,72282
213,17	0,94	213,17	9,74628
213,13	0,94	213,13	9,76962
213,07	0,941	213,07	9,79276
213,03	0,947	213,03	9,81563
212,98	0,945	212,98	9,83822
212,93	0,944	212,93	9,86049
212,88	0,948	212,88	9,8825
212,82	0,952	212,82	9,90437
212,78	0,95	212,78	9,92618
212,72	0,95	212,72	9,94795
212,69	0,966	212,69	9,9697
212,63	0,969	212,63	9,99144
212,59	0,974	212,59	10,01315
212,53	0,967	212,53	10,03482
212,49	0,955	212,49	10,05643
212,43	0,951	212,43	10,07794
212,39	0,95	212,39	10,09931
212,34	0,959	212,34	10,12048
212,3	0,968	212,3	10,14148
212,24	0,973	212,24	10,16235
212,2	0,993	212,2	10,18315
212,14	0,994	212,14	10,20389
212,1	0,991	212,1	10,22461
212,04	0,987	212,04	10,24532
212	0,985	212	10,26599
211,95	0,98	211,95	10,28657
211,91	0,979	211,91	10,30704
211,85	0,981	211,85	10,32741
211,81	0,983	211,81	10,34766
211,75	0,986	211,75	10,3678
211,71	0,987	211,71	10,38786
211,66	0,984	211,66	10,40784
211,61	0,986	211,61	10,42776
211,56	0,993	211,56	10,44763
211,52	0,999	211,52	10,46744
211,46	0,995	211,46	10,48723
211,42	0,996	211,42	10,507
211,36	0,997	211,36	10,52675
211,32	0,998	211,32	10,5465
211,27	0,999	211,27	10,56625
211,21	0,994	211,21	10,58599
211,2	0,998	211,2	10,60571
210,73	1,017	210,73	10,62536
210,68	1,017	210,68	10,64492
210,63	1,016	210,63	10,66434
210,59	1,021	210,59	10,68363
210,53	1,024	210,53	10,70275
210,49	1,022	210,49	10,72171
210,44	1,024	210,44	10,74054
210,39	1,02	210,39	10,75928
210,34	1,02	210,34	10,77799
210,28	1,024	210,28	10,79667
210,24	1,025	210,24	10,81535
210,19	1,032	210,19	10,83405
210,14	1,042	210,14	10,8527
210,09	1,043	210,09	10,87122
210,05	1,037	210,05	10,88953
209,99	1,037	209,99	10,90754
209,95	1,04	209,95	10,92517
209,9	1,035	209,9	10,9424
209,85	1,03	209,85	10,95928
209,8	1,029	209,8	10,97585
209,76	1,034	209,76	10,9922
209,7	1,039	209,7	11,00839
209,66	1,044	209,66	11,02445
209,6	1,051	209,6	11,04039
209,56	1,054	209,56	11,05626
209,51	1,054	209,51	11,07206
209,45	1,054	209,45	11,0878
209,41	1,055	209,41	11,10346
209,35	1,058	209,35	11,11901
209,31	1,069	209,31	11,13442
209,26	1,066	209,26	11,14966
209,22	1,067	209,22	11,16471
209,16	1,067	209,16	11,17955
209,12	1,069	209,12	11,19416
209,06	1,069	209,06	11,20843
209,02	1,072	209,02	11,22223
208,97	1,073	208,97	11,23551
208,92	1,075	208,92	11,24823
208,87	1,076	208,87	11,26036
208,83	1,079	208,83	11,27193
208,77	1,08	208,77	11,28301
208,73	1,081	208,73	11,2937
208,67	1,087	208,67	11,30406
208,62	1,087	208,62	11,31411
208,58	1,079	208,58	11,32385
208,52	1,077	208,52	11,33326
208,48	1,086	208,48	11,34226
208,42	1,091	208,42	11,35082
208,38	1,092	208,38	11,35892
208,33	1,093	208,33	11,36657
208,29	1,093	208,29	11,37378
208,23	1,09	208,23	11,38059
208,19	1,094	208,19	11,38708
208,13	1,101	208,13	11,3933
208,09	1,106	208,09	11,39931
208,03	1,108	208,03	11,40517
207,99	1,103	207,99	11,41089
207,94	1,102	207,94	11,41642
207,88	1,108	207,88	11,42168
207,84	1,117	207,84	11,42659
207,78	1,123	207,78	11,43107
207,74	1,12	207,74	11,43508
207,69	1,116	207,69	11,43863
207,65	1,118	207,65	11,44177
207,59	1,121	207,59	11,44458
207,55	1,122	207,55	11,44709
207,49	1,129	207,49	11,44932
207,45	1,13	207,45	11,45131
207,4	1,129	207,4	11,45306
207,35	1,129	207,35	11,45457
207,3	1,127	207,3	11,45582
207,26	1,125	207,26	11,45679
207,2	1,127	207,2	11,45746
207,15	1,14	207,15	11,45781
207,1	1,139	207,1	11,4578
207,05	1,142	207,05	11,45743
207,01	1,144	207,01	11,4567
206,95	1,145	206,95	11,45566
206,91	1,147	206,91	11,45434
206,85	1,15	206,85	11,45277
206,81	1,155	206,81	11,45098
206,76	1,149	206,76	11,44897
206,72	1,148	206,72	11,44676
206,66	1,148	206,66	11,44439
206,62	1,153	206,62	11,44191
206,56	1,158	206,56	11,43947
206,52	1,161	206,52	11,43717
206,47	1,159	206,47	11,435
206,41	1,152	206,41	11,43294
206,37	1,15	206,37	11,43096
206,31	1,16	206,31	11,429
206,27	1,168	206,27	11,42703
206,22	1,173	206,22	11,42503
206,18	1,169	206,18	11,42302
206,12	1,165	206,12	11,42104
206,08	1,168	206,08	11,41913
206,02	1,173	206,02	11,41734
205,98	1,174	205,98	11,41576
205,93	1,172	205,93	11,41439
205,89	1,172	205,89	11,41319
205,83	1,186	205,83	11,41213
205,79	1,191	205,79	11,41115
205,73	1,192	205,73	11,41021
205,68	1,194	205,68	11,40924
205,63	1,189	205,63	11,40824
205,58	1,189	205,58	11,40718
205,54	1,189	205,54	11,40602
205,48	1,191	205,48	11,40475
205,44	1,191	205,44	11,4034
205,38	1,19	205,38	11,402
205,34	1,189	205,34	11,40059
205,29	1,194	205,29	11,3992
205,25	1,212	205,25	11,39783
205,19	1,215	205,19	11,39652
205,15	1,208	205,15	11,39529
205,09	1,206	205,09	11,39427
205,05	1,209	205,05	11,39358
205	1,213	205	11,3933
204,94	1,215	204,94	11,39349
204,9	1,211	204,9	11,39413
204,84	1,214	204,84	11,39519
204,8	1,22	204,8	11,39665
204,75	1,221	204,75	11,39844
204,7	1,224	204,7	11,40054
204,65	1,227	204,65	11,40295
204,61	1,228	204,61	11,40566
204,55	1,225	204,55	11,40872
204,51	1,227	204,51	11,41216
204,46	1,235	204,46	11,41601
204,41	1,238	204,41	11,42025
204,36	1,236	204,36	11,42486
204,31	1,241	204,31	11,42983
204,26	1,241	204,26	11,43511
204,22	1,239	204,22	11,44066
204,16	1,242	204,16	11,44642
204,12	1,256	204,12	11,45234
204,06	1,257	204,06	11,45836
204,01	1,251	204,01	11,46446
203,97	1,247	203,97	11,4707
203,91	1,255	203,91	11,47716
203,87	1,252	203,87	11,48393
203,82	1,249	203,82	11,49107
203,77	1,248	203,77	11,49861
203,72	1,252	203,72	11,50655
203,68	1,258	203,68	11,51486
203,62	1,268	203,62	11,52351
203,58	1,273	203,58	11,53246
203,52	1,271	203,52	11,54168
203,48	1,27	203,48	11,55114
203,43	1,269	203,43	11,56084
203,37	1,272	203,37	11,57079
203,33	1,277	203,33	11,58106
203,28	1,274	203,28	11,59167
203,23	1,27	203,23	11,60263
203,18	1,274	203,18	11,61392
203,14	1,276	203,14	11,62555
203,08	1,275	203,08	11,6375
203,04	1,274	203,04	11,64974
202,98	1,277	202,98	11,66228
202,94	1,285	202,94	11,6751
202,89	1,289	202,89	11,68818
202,85	1,292	202,85	11,70149
202,79	1,292	202,79	11,71505
202,75	1,291	202,75	11,72887
202,69	1,295	202,69	11,74296
202,65	1,301	202,65	11,7573
202,6	1,299	202,6	11,77178
202,54	1,298	202,54	11,78631
202,5	1,293	202,5	11,80082
202,44	1,299	202,44	11,81525
202,4	1,308	202,4	11,82961
202,34	1,31	202,34	11,84394
202,3	1,311	202,3	11,8583
202,25	1,314	202,25	11,87274
202,21	1,315	202,21	11,8873
202,15	1,316	202,15	11,90202
202,11	1,312	202,11	11,91694
202,05	1,31	202,05	11,93201
202,01	1,319	202,01	11,94721
201,96	1,318	201,96	11,96247
201,92	1,316	201,92	11,97778
201,86	1,316	201,86	11,99315
201,82	1,321	201,82	12,00861
201,76	1,324	201,76	12,02421
201,72	1,324	201,72	12,04001
201,67	1,329	201,67	12,05605
201,62	1,326	201,62	12,07233
201,57	1,323	201,57	12,08887
201,53	1,329	201,53	12,1057
201,47	1,331	201,47	12,12277
201,43	1,336	201,43	12,14004
201,37	1,337	201,37	12,1575
201,32	1,333	201,32	12,17512
201,28	1,336	201,28	12,1929
201,22	1,347	201,22	12,2108
201,18	1,348	201,18	12,22879
201,12	1,348	201,12	12,24685
201,08	1,346	201,08	12,26496
201,03	1,352	201,03	12,28311
200,98	1,351	200,98	12,30129
200,93	1,341	200,93	12,31952
200,89	1,339	200,89	12,33783
200,83	1,342	200,83	12,35621
200,79	1,351	200,79	12,37465
200,73	1,357	200,73	12,39314
200,69	1,357	200,69	12,41169
200,64	1,354	200,64	12,43027
200,6	1,361	200,6	12,44888
200,54	1,372	200,54	12,46751
200,5	1,374	200,5	12,48617
200,44	1,365	200,44	12,50491
200,4	1,36	200,4	12,52374
200,35	1,373	200,35	12,54269
200,3	1,378	200,3	12,5618
200,25	1,376	200,25	12,58106
200,21	1,38	200,21	12,60046
200,15	1,384	200,15	12,62
200,1	1,387	200,1	12,63971
200,05	1,388	200,05	12,65957
200	1,388	200	12,67958
199,96	1,394	199,96	12,69972
199,9	1,397	199,9	12,71996
199,86	1,406	199,86	12,74026
199,8	1,409	199,8	12,76058
199,76	1,408	199,76	12,78091
199,71	1,405	199,71	12,80122
199,67	1,409	199,67	12,82148
199,61	1,412	199,61	12,8417
199,57	1,414	199,57	12,86191
199,51	1,416	199,51	12,88211
199,47	1,41	199,47	12,90233
199,42	1,405	199,42	12,92261
199,38	1,412	199,38	12,94294
199,32	1,412	199,32	12,96332
199,28	1,411	199,28	12,98376
199,22	1,41	199,22	13,00425
199,18	1,42	199,18	13,0248
199,12	1,424	199,12	13,04541
199,08	1,425	199,08	13,06606
199,03	1,44	199,03	13,08674
198,97	1,44	198,97	13,10744
198,93	1,434	198,93	13,12814
198,88	1,436	198,88	13,14883
198,83	1,438	198,83	13,1695
198,78	1,444	198,78	13,19016
198,74	1,444	198,74	13,2108
198,68	1,44	198,68	13,23144
198,64	1,449	198,64	13,25209
198,58	1,452	198,58	13,27275
198,54	1,448	198,54	13,29341
198,49	1,445	198,49	13,3141
198,45	1,453	198,45	13,33482
198,39	1,459	198,39	13,35552
198,35	1,465	198,35	13,37616
198,29	1,467	198,29	13,39675
198,25	1,467	198,25	13,41723
198,2	1,463	198,2	13,43757
198,15	1,462	198,15	13,45777
198,1	1,463	198,1	13,47787
198,06	1,463	198,06	13,49788
198	1,469	198	13,51783
197,94	1,471	197,94	13,53774
197,9	1,481	197,9	13,55764
197,85	1,49	197,85	13,5775
197,81	1,495	197,81	13,59731
197,77	1,488	197,77	13,61705
197,71	1,485	197,71	13,63671
197,65	1,485	197,65	13,65633
197,61	1,486	197,61	13,67593
197,56	1,489	197,56	13,69553
197,52	1,491	197,52	13,71515
197,46	1,492	197,46	13,73484
197,42	1,496	197,42	13,75457
197,36	1,503	197,36	13,77432
197,32	1,505	197,32	13,79405
197,27	1,506	197,27	13,81375
197,23	1,511	197,23	13,83341
197,17	1,521	197,17	13,85303
197,11	1,516	197,11	13,87258
197,07	1,511	197,07	13,89206
197,03	1,516	197,03	13,91146
196,97	1,521	196,97	13,93078
196,92	1,521	196,92	13,95
196,88	1,521	196,88	13,96914
196,82	1,534	196,82	13,98817
196,78	1,539	196,78	14,00709
196,72	1,535	196,72	14,02587
196,68	1,531	196,68	14,0445
196,63	1,536	196,63	14,06299
196,59	1,543	196,59	14,08136
196,53	1,544	196,53	14,09961
196,49	1,546	196,49	14,11776
196,43	1,546	196,43	14,13582
196,39	1,554	196,39	14,15381
196,34	1,556	196,34	14,1717
196,29	1,557	196,29	14,18948
196,24	1,551	196,24	14,20716
196,2	1,553	196,2	14,22473
196,14	1,559	196,14	14,24214
196,09	1,562	196,09	14,25943
196,04	1,564	196,04	14,2766
195,99	1,565	195,99	14,29365
195,95	1,575	195,95	14,31058
195,89	1,579	195,89	14,32744
195,85	1,578	195,85	14,34424
195,8	1,585	195,8	14,36101
195,75	1,59	195,75	14,3778
195,7	1,589	195,7	14,39462
195,66	1,589	195,66	14,41148
195,6	1,594	195,6	14,42836
195,56	1,598	195,56	14,44523
195,5	1,599	195,5	14,46203
195,46	1,599	195,46	14,47873
195,41	1,6	195,41	14,49529
195,36	1,604	195,36	14,51168
195,31	1,605	195,31	14,52787
195,27	1,605	195,27	14,54387
195,21	1,606	195,21	14,55967
195,17	1,618	195,17	14,57525
195,11	1,619	195,11	14,59059
195,06	1,616	195,06	14,6057
195,02	1,623	195,02	14,62058
194,96	1,629	194,96	14,63526
194,92	1,63	194,92	14,64979
194,86	1,63	194,86	14,66423
194,82	1,634	194,82	14,67861
194,77	1,633	194,77	14,69293
194,73	1,632	194,73	14,70719
194,67	1,637	194,67	14,72138
194,63	1,632	194,63	14,73548
194,57	1,631	194,57	14,7495
194,53	1,648	194,53	14,76346
194,48	1,644	194,48	14,77738
194,44	1,641	194,44	14,79129
194,38	1,639	194,38	14,80522
194,34	1,652	194,34	14,81916
194,28	1,656	194,28	14,83312
194,24	1,655	194,24	14,84708
194,18	1,659	194,18	14,86105
194,14	1,663	194,14	14,87497
194,09	1,667	194,09	14,88881
194,05	1,667	194,05	14,90253
193,99	1,674	193,99	14,91611
193,95	1,683	193,95	14,92952
193,89	1,679	193,89	14,94276
193,84	1,676	193,84	14,95582
193,8	1,69	193,8	14,96869
193,74	1,69	193,74	14,98137
193,7	1,688	193,7	14,99379
193,64	1,688	193,64	15,00595
193,6	1,693	193,6	15,01786
193,55	1,7	193,55	15,02953
193,5	1,702	193,5	15,04095
193,45	1,697	193,45	15,05212
193,41	1,701	193,41	15,0631
193,35	1,704	193,35	15,0739
193,31	1,704	193,31	15,08454
193,26	1,705	193,26	15,09505
193,2	1,713	193,2	15,10545
193,16	1,718	193,16	15,11574
193,1	1,721	193,1	15,1259
193,06	1,723	193,06	15,13594
193	1,721	193	15,14588
192,96	1,719	192,96	15,15571
192,91	1,729	192,91	15,16547
192,85	1,744	192,85	15,17517
192,81	1,743	192,81	15,18484
192,75	1,739	192,75	15,19451
192,71	1,738	192,71	15,20419
192,66	1,744	192,66	15,21394
192,62	1,747	192,62	15,22379
192,56	1,748	192,56	15,2337
192,52	1,748	192,52	15,24366
192,46	1,755	192,46	15,25359
192,42	1,756	192,42	15,26344
192,37	1,757	192,37	15,27316
192,32	1,76	192,32	15,28272
192,27	1,764	192,27	15,2921
192,23	1,766	192,23	15,30129
192,17	1,769	192,17	15,3103
192,13	1,77	192,13	15,31912
192,08	1,768	192,08	15,32774
192,03	1,765	192,03	15,33618
191,98	1,767	191,98	15,34443
191,94	1,776	191,94	15,35247
191,88	1,777	191,88	15,36029
191,84	1,774	191,84	15,36788
191,78	1,77	191,78	15,37522
191,73	1,777	191,73	15,38231
191,69	1,786	191,69	15,3892
191,63	1,789	191,63	15,39594
191,59	1,801	191,59	15,40264
191,53	1,806	191,53	15,40932
191,49	1,803	191,49	15,41603
191,44	1,8	191,44	15,42278
191,4	1,803	191,4	15,42955
191,34	1,8	191,34	15,43635
191,3	1,798	191,3	15,44316
191,24	1,811	191,24	15,44998
191,2	1,823	191,2	15,45689
191,15	1,829	191,15	15,46391
191,1	1,819	191,1	15,47104
191,05	1,82	191,05	15,47827
191,01	1,821	191,01	15,4856
190,95	1,821	190,95	15,49299
190,9	1,823	190,9	15,50037
190,86	1,826	190,86	15,50773
190,8	1,828	190,8	15,51508
190,76	1,83	190,76	15,5224
190,7	1,837	190,7	15,52969
190,66	1,84	190,66	15,53703
190,61	1,838	190,61	15,54441
190,56	1,838	190,56	15,55182
190,51	1,84	190,51	15,55926
190,46	1,843	190,46	15,56671
190,41	1,844	190,41	15,57421
190,37	1,847	190,37	15,5818
190,31	1,857	190,31	15,58953
190,27	1,859	190,27	15,59743
190,22	1,85	190,22	15,60547
190,16	1,849	190,16	15,61363
190,12	1,848	190,12	15,62188
190,06	1,862	190,06	15,6302
190,02	1,866	190,02	15,63862
189,97	1,873	189,97	15,64715
189,92	1,885	189,92	15,65579
189,87	1,892	189,87	15,66455
189,83	1,894	189,83	15,67346
189,77	1,897	189,77	15,68259
189,73	1,888	189,73	15,69198
189,67	1,884	189,67	15,70167
189,63	1,896	189,63	15,71169
189,58	1,9	189,58	15,72201
189,54	1,889	189,54	15,73256
189,48	1,892	189,48	15,74332
189,43	1,916	189,43	15,75426
189,38	1,925	189,38	15,76537
189,33	1,914	189,33	15,77669
189,29	1,918	189,29	15,78823
189,23	1,922	189,23	15,80002
189,19	1,92	189,19	15,81209
189,13	1,926	189,13	15,82441
189,09	1,93	189,09	15,83697
189,04	1,922	189,04	15,84975
188,99	1,929	188,99	15,86272
188,94	1,942	188,94	15,8759
188,88	1,944	188,88	15,88929
188,84	1,939	188,84	15,90291
188,79	1,939	188,79	15,91677
188,74	1,946	188,74	15,93086
188,69	1,949	188,69	15,94516
188,65	1,952	188,65	15,95962
188,59	1,956	188,59	15,97423
188,55	1,957	188,55	15,98902
188,49	1,955	188,49	16,00401
188,45	1,953	188,45	16,01925
188,4	1,963	188,4	16,0348
188,36	1,969	188,36	16,05067
188,3	1,974	188,3	16,06689
188,26	1,961	188,26	16,08343
188,2	1,967	188,2	16,10029
188,16	1,981	188,16	16,11745
188,11	1,983	188,11	16,13492
188,05	1,983	188,05	16,1527
188,01	1,985	188,01	16,1708
187,95	1,986	187,95	16,1892
187,91	1,996	187,91	16,20787
187,86	1,995	187,86	16,22675
187,81	1,986	187,81	16,24577
187,76	1,989	187,76	16,26486
187,72	2,005	187,72	16,284
187,66	2,007	187,66	16,30317
187,62	2,012	187,62	16,32234
187,57	2,022	187,57	16,34153
187,52	2,013	187,52	16,36075
187,47	2,008	187,47	16,38003
187,41	2,018	187,41	16,39942
187,37	2,022	187,37	16,41895
187,32	2,021	187,32	16,43864
187,27	2,02	187,27	16,45845
187,22	2,023	187,22	16,47835
187,18	2,029	187,18	16,49831
187,12	2,034	187,12	16,51832
187,08	2,036	187,08	16,53839
187,02	2,037	187,02	16,55857
186,98	2,037	186,98	16,57889
186,93	2,046	186,93	16,59935
186,89	2,048	186,89	16,61994
186,83	2,046	186,83	16,64063
186,79	2,055	186,79	16,66142
186,73	2,06	186,73	16,68229
186,68	2,065	186,68	16,70317
186,64	2,061	186,64	16,72407
186,58	2,069	186,58	16,74498
186,54	2,075	186,54	16,7659
186,48	2,078	186,48	16,78683
186,44	2,071	186,44	16,80774
186,39	2,071	186,39	16,82859
186,34	2,079	186,34	16,84936
186,29	2,083	186,29	16,87005
186,24	2,091	186,24	16,89067
186,19	2,09	186,19	16,91127
186,15	2,09	186,15	16,93193
186,09	2,092	186,09	16,95266
186,05	2,091	186,05	16,97342
186	2,106	186	16,99423
185,95	2,107	185,95	17,01505
185,9	2,1	185,9	17,03587
185,84	2,101	185,84	17,05664
185,8	2,108	185,8	17,07732
185,76	2,112	185,76	17,09789
185,71	2,113	185,71	17,11828
185,65	2,11	185,65	17,13848
185,61	2,109	185,61	17,1585
185,55	2,109	185,55	17,17841
185,51	2,109	185,51	17,19824
185,46	2,111	185,46	17,218
185,41	2,132	185,41	17,23769
185,36	2,142	185,36	17,25728
185,32	2,135	185,32	17,27675
185,26	2,127	185,26	17,29611
185,22	2,147	185,22	17,31537
185,16	2,152	185,16	17,33455
185,12	2,152	185,12	17,35366
185,07	2,158	185,07	17,37268
185,01	2,16	185,01	17,39161
184,97	2,156	184,97	17,41043
184,91	2,154	184,91	17,42913
184,87	2,166	184,87	17,44768
184,82	2,167	184,82	17,46609
184,78	2,169	184,78	17,48435
184,72	2,17	184,72	17,50246
184,66	2,171	184,66	17,52044
184,62	2,171	184,62	17,53829
184,57	2,178	184,57	17,556
184,53	2,189	184,53	17,57354
184,47	2,195	184,47	17,59091
184,43	2,197	184,43	17,60812
184,37	2,203	184,37	17,62517
184,33	2,202	184,33	17,64209
184,28	2,201	184,28	17,65889
184,23	2,201	184,23	17,67557
184,18	2,2	184,18	17,69214
184,14	2,202	184,14	17,70857
184,08	2,203	184,08	17,72483
184,03	2,207	184,03	17,74091
183,98	2,204	183,98	17,75683
183,93	2,199	183,93	17,77264
183,89	2,21	183,89	17,7884
183,83	2,226	183,83	17,80422
183,79	2,23	183,79	17,82014
183,73	2,231	183,73	17,83615
183,69	2,232	183,69	17,85222
183,64	2,246	183,64	17,86833
183,6	2,244	183,6	17,88449
183,54	2,241	183,54	17,90068
183,5	2,242	183,5	17,91689
183,44	2,249	183,44	17,93309
183,39	2,253	183,39	17,94921
183,35	2,258	183,35	17,96522
183,3	2,261	183,3	17,98115
183,25	2,263	183,25	17,99702
183,21	2,263	183,21	18,01286
183,15	2,266	183,15	18,02871
183,1	2,268	183,1	18,04453
183,06	2,274	183,06	18,06029
183	2,278	183	18,07595
182,96	2,28	182,96	18,09154
182,9	2,282	182,9	18,10709
182,86	2,294	182,86	18,12261
182,81	2,288	182,81	18,13809
182,76	2,286	182,76	18,15355
182,71	2,286	182,71	18,16897
182,67	2,298	182,67	18,18435
182,61	2,312	182,61	18,19969
182,57	2,311	182,57	18,21502
182,51	2,311	182,51	18,23035
182,47	2,314	182,47	18,24571
182,42	2,32	182,42	18,2611
182,36	2,322	182,36	18,27658
182,32	2,327	182,32	18,29217
182,26	2,332	182,26	18,30785
182,22	2,343	182,22	18,3236
182,17	2,35	182,17	18,33936
182,12	2,351	182,12	18,35512
182,07	2,35	182,07	18,3709
182,03	2,347	182,03	18,38672
181,97	2,347	181,97	18,40259
181,93	2,348	181,93	18,41854
181,87	2,354	181,87	18,43455
181,83	2,355	181,83	18,45059
181,78	2,35	181,78	18,46664
181,74	2,348	181,74	18,48269
181,68	2,355	181,68	18,49874
181,64	2,362	181,64	18,51477
181,58	2,383	181,58	18,5308
181,53	2,388	181,53	18,54684
181,49	2,383	181,49	18,5629
181,43	2,382	181,43	18,57901
181,39	2,388	181,39	18,59514
181,33	2,39	181,33	18,61125
181,29	2,39	181,29	18,6273
181,24	2,399	181,24	18,64327
181,19	2,403	181,19	18,65914
181,14	2,406	181,14	18,67487
181,1	2,411	181,1	18,69047
181,04	2,416	181,04	18,70593
181	2,42	181	18,72125
180,92	2,428	180,92	18,73639
180,83	2,431	180,83	18,75142
180,78	2,436	180,78	18,76636
180,71	2,448	180,71	18,78118
180,65	2,447	180,65	18,79592
180,6	2,447	180,6	18,81059
180,56	2,446	180,56	18,82519
180,5	2,445	180,5	18,83972
180,46	2,455	180,46	18,85416
180,4	2,454	180,4	18,86847
180,36	2,45	180,36	18,88259
180,31	2,468	180,31	18,89649
180,27	2,47	180,27	18,91022
180,21	2,462	180,21	18,92384
180,15	2,466	180,15	18,93742
180,11	2,479	180,11	18,95101
180,06	2,481	180,06	18,96467
180,02	2,485	180,02	18,97843
179,96	2,494	179,96	18,99229
179,92	2,5	179,92	19,00622
179,87	2,505	179,87	19,02019
179,82	2,508	179,82	19,03412
179,77	2,513	179,77	19,04792
179,73	2,513	179,73	19,06154
179,67	2,515	179,67	19,07499
179,63	2,52	179,63	19,08831
179,57	2,515	179,57	19,10153
179,52	2,511	179,52	19,11466
179,48	2,526	179,48	19,1277
179,42	2,527	179,42	19,14064
179,38	2,528	179,38	19,15345
179,32	2,534	179,32	19,16617
179,28	2,534	179,28	19,17881
179,23	2,534	179,23	19,19136
179,18	2,545	179,18	19,20381
179,13	2,548	179,13	19,21613
179,09	2,55	179,09	19,22836
179,03	2,549	179,03	19,24051
178,99	2,559	178,99	19,25261
178,93	2,567	178,93	19,26468
178,88	2,568	178,88	19,2767
178,84	2,566	178,84	19,28863
178,78	2,571	178,78	19,30048
178,74	2,575	178,74	19,31227
178,68	2,57	178,68	19,32402
178,64	2,576	178,64	19,33575
178,59	2,58	178,59	19,34749
178,55	2,585	178,55	19,35924
178,49	2,594	178,49	19,37098
178,45	2,598	178,45	19,3827
178,39	2,597	178,39	19,3944
178,35	2,597	178,35	19,40605
178,29	2,601	178,29	19,41759
178,24	2,608	178,24	19,429
178,2	2,614	178,2	19,44028
178,14	2,615	178,14	19,45142
178,1	2,62	178,1	19,46241
178,04	2,629	178,04	19,47325
178	2,631	178	19,48394
177,95	2,634	177,95	19,49454
177,91	2,636	177,91	19,5051
177,85	2,639	177,85	19,51571
177,81	2,64	177,81	19,52642
177,75	2,638	177,75	19,53726
177,71	2,643	177,71	19,54819
177,66	2,648	177,66	19,55917
177,6	2,65	177,6	19,57013
177,56	2,647	177,56	19,58105
177,5	2,65	177,5	19,59189
177,46	2,651	177,46	19,60259
177,41	2,657	177,41	19,61315
177,36	2,661	177,36	19,62356
177,31	2,68	177,31	19,63385
177,27	2,685	177,27	19,64406
177,21	2,68	177,21	19,65421
177,17	2,676	177,17	19,6643
177,12	2,676	177,12	19,67432
177,07	2,68	177,07	19,68428
177,02	2,689	177,02	19,6942
176,96	2,699	176,96	19,70409
176,92	2,705	176,92	19,714
176,87	2,705	176,87	19,72395
176,82	2,707	176,82	19,7339
176,77	2,714	176,77	19,74384
176,73	2,715	176,73	19,75379
176,67	2,727	176,67	19,76376
176,63	2,729	176,63	19,77375
176,57	2,727	176,57	19,78372
176,53	2,729	176,53	19,79369
176,48	2,737	176,48	19,80365
176,42	2,739	176,42	19,81363
176,38	2,748	176,38	19,82365
176,32	2,751	176,32	19,83369
176,28	2,751	176,28	19,84371
176,23	2,745	176,23	19,85365
176,19	2,753	176,19	19,86343
176,13	2,763	176,13	19,87307
176,09	2,767	176,09	19,88254
176,03	2,77	176,03	19,89186
175,99	2,772	175,99	19,90103
175,94	2,766	175,94	19,9101
175,89	2,765	175,89	19,91909
175,84	2,769	175,84	19,92807
175,8	2,766	175,8	19,93716
175,74	2,771	175,74	19,94642
175,7	2,784	175,7	19,95589
175,64	2,801	175,64	19,96555
175,6	2,808	175,6	19,97538
175,55	2,797	175,55	19,98536
175,49	2,796	175,49	19,99548
175,45	2,803	175,45	20,00574
175,39	2,814	175,39	20,0161
175,35	2,828	175,35	20,02653
175,3	2,83	175,3	20,03702
175,26	2,831	175,26	20,04752
175,2	2,833	175,2	20,05808
175,16	2,833	175,16	20,06872
175,1	2,83	175,1	20,07945
175,06	2,829	175,06	20,09027
175,01	2,838	175,01	20,10118
174,95	2,842	174,95	20,11215
174,91	2,844	174,91	20,12319
174,85	2,846	174,85	20,13431
174,81	2,85	174,81	20,14551
174,76	2,859	174,76	20,15678
174,71	2,863	174,71	20,16812
174,66	2,865	174,66	20,17954
174,62	2,867	174,62	20,19103
174,56	2,868	174,56	20,20261
174,52	2,872	174,52	20,21428
174,46	2,883	174,46	20,22603
174,41	2,888	174,41	20,23785
174,37	2,89	174,37	20,24972
174,31	2,886	174,31	20,26165
174,27	2,884	174,27	20,27365
174,21	2,894	174,21	20,28575
174,17	2,905	174,17	20,298
174,12	2,912	174,12	20,31045
174,08	2,917	174,08	20,32314
174,02	2,918	174,02	20,33608
173,98	2,909	173,98	20,34919
173,92	2,915	173,92	20,36239
173,87	2,932	173,87	20,37563
173,83	2,94	173,83	20,38889
173,77	2,939	173,77	20,40214
173,73	2,939	173,73	20,41544
173,67	2,935	173,67	20,42882
173,63	2,937	173,63	20,44228
173,58	2,938	173,58	20,45582
173,54	2,941	173,54	20,46943
173,48	2,946	173,48	20,48314
173,42	2,952	173,42	20,49697
173,38	2,957	173,38	20,51094
173,33	2,961	173,33	20,52504
173,28	2,963	173,28	20,53922
173,23	2,968	173,23	20,55346
173,19	2,983	173,19	20,56773
173,13	2,986	173,13	20,58203
173,09	2,986	173,09	20,59637
173,04	2,99	173,04	20,61074
172,99	2,993	172,99	20,62513
172,94	2,998	172,94	20,63952
172,89	3,002	172,89	20,65392
172,84	2,999	172,84	20,66833
172,8	2,996	172,8	20,68276
172,74	3,001	172,74	20,69717
172,7	3,004	172,7	20,71154
172,65	3,007	172,65	20,72588
172,59	3,01	172,59	20,74017
172,55	3,013	172,55	20,75443
172,49	3,03	172,49	20,76867
172,45	3,035	172,45	20,78294
172,43	3,034	172,43	20,79726
172,37	3,033	172,37	20,81167
172,31	3,037	172,31	20,8262
172,27	3,041	172,27	20,8409
172,22	3,042	172,22	20,85576
172,17	3,045	172,17	20,87074
172,12	3,048	172,12	20,88577
172,08	3,055	172,08	20,90079
172,02	3,063	172,02	20,91573
171,97	3,072	171,97	20,93055
171,92	3,075	171,92	20,94525
171,87	3,077	171,87	20,95981
171,83	3,075	171,83	20,97418
171,77	3,082	171,77	20,98835
171,73	3,086	171,73	21,00232
171,68	3,105	171,68	21,01603
171,63	3,106	171,63	21,02949
171,58	3,104	171,58	21,04268
171,54	3,102	171,54	21,05566
171,48	3,113	171,48	21,06844
171,43	3,125	171,43	21,08108
171,38	3,124	171,38	21,09362
171,33	3,12	171,33	21,1061
171,29	3,127	171,29	21,11854
171,23	3,132	171,23	21,13093
171,19	3,135	171,19	21,14326
171,13	3,136	171,13	21,15554
171,09	3,134	171,09	21,16779
171,04	3,136	171,04	21,18001
170,98	3,145	170,98	21,19219
170,94	3,147	170,94	21,20432
170,88	3,157	170,88	21,21639
170,84	3,163	170,84	21,22838
170,79	3,167	170,79	21,24028
170,75	3,173	170,75	21,25212
170,69	3,175	170,69	21,26388
170,65	3,175	170,65	21,27553
170,59	3,179	170,59	21,28708
170,55	3,194	170,55	21,29853
170,5	3,195	170,5	21,30988
170,45	3,186	170,45	21,3211
170,4	3,188	170,4	21,33218
170,36	3,202	170,36	21,34308
170,3	3,204	170,3	21,35376
170,24	3,203	170,24	21,36419
170,2	3,208	170,2	21,37434
170,15	3,211	170,15	21,38417
170,11	3,212	170,11	21,39367
170,05	3,222	170,05	21,40283
170,01	3,232	170,01	21,41167
169,95	3,241	169,95	21,4202
169,91	3,234	169,91	21,42845
169,86	3,233	169,86	21,43639
169,81	3,24	169,81	21,44401
169,76	3,254	169,76	21,45127
169,7	3,261	169,7	21,45816
169,66	3,264	169,66	21,46471
169,61	3,263	169,61	21,47101
169,56	3,267	169,56	21,47709
169,51	3,272	169,51	21,48299
169,47	3,278	169,47	21,48874
169,41	3,281	169,41	21,49437
169,37	3,281	169,37	21,4999
169,32	3,282	169,32	21,5054
169,26	3,287	169,26	21,51091
169,22	3,288	169,22	21,51641
169,16	3,293	169,16	21,52184
169,12	3,305	169,12	21,52715
169,07	3,301	169,07	21,53229
169,02	3,3	169,02	21,53722
168,97	3,306	168,97	21,54193
168,93	3,315	168,93	21,54642
168,87	3,326	168,87	21,55069
168,83	3,329	168,83	21,55474
168,78	3,324	168,78	21,5586
168,72	3,323	168,72	21,56226
168,68	3,328	168,68	21,56572
168,62	3,338	168,62	21,56898
168,58	3,343	168,58	21,57205
168,53	3,346	168,53	21,57495
168,48	3,345	168,48	21,57766
168,43	3,348	168,43	21,58021
168,39	3,357	168,39	21,58254
168,33	3,361	168,33	21,58463
168,27	3,362	168,27	21,58643
168,23	3,37	168,23	21,58793
168,18	3,375	168,18	21,58917
168,14	3,376	168,14	21,59022
168,08	3,38	168,08	21,59116
168,04	3,388	168,04	21,59202
167,98	3,391	167,98	21,59281
167,94	3,392	167,94	21,59355
167,89	3,398	167,89	21,59423
167,85	3,405	167,85	21,59488
167,79	3,408	167,79	21,5955
167,73	3,419	167,73	21,59612
167,69	3,425	167,69	21,59677
167,64	3,425	167,64	21,59745
167,59	3,434	167,59	21,59815
167,54	3,439	167,54	21,59887
167,5	3,446	167,5	21,59957
167,44	3,449	167,44	21,60021
167,4	3,456	167,4	21,60076
167,35	3,462	167,35	21,60122
167,3	3,462	167,3	21,60156
167,25	3,46	167,25	21,6018
167,19	3,466	167,19	21,60196
167,15	3,467	167,15	21,602
167,09	3,469	167,09	21,60191
167,05	3,485	167,05	21,60171
167	3,491	167	21,60139
166,96	3,498	166,96	21,60094
166,9	3,501	166,9	21,60035
166,86	3,501	166,86	21,5996
166,8	3,505	166,8	21,59866
166,75	3,509	166,75	21,59752
166,71	3,509	166,71	21,5962
166,65	3,513	166,65	21,59479
166,61	3,514	166,61	21,59331
166,55	3,523	166,55	21,59178
166,51	3,524	166,51	21,59022
166,46	3,524	166,46	21,58864
166,42	3,541	166,42	21,58706
166,36	3,547	166,36	21,58552
166,3	3,555	166,3	21,58402
166,26	3,558	166,26	21,58257
166,21	3,551	166,21	21,58116
166,16	3,552	166,16	21,5798
166,11	3,556	166,11	21,57846
166,07	3,557	166,07	21,57717
166,01	3,57	166,01	21,57591
165,97	3,58	165,97	21,57465
165,91	3,582	165,91	21,57333
165,87	3,581	165,87	21,57197
165,82	3,587	165,82	21,57059
165,78	3,585	165,78	21,56921
165,72	3,593	165,72	21,56785
165,67	3,597	165,67	21,56647
165,62	3,607	165,62	21,56505
165,57	3,605	165,57	21,56353
165,53	3,607	165,53	21,56189
165,47	3,617	165,47	21,56011
165,43	3,625	165,43	21,55817
165,38	3,623	165,38	21,55603
165,33	3,626	165,33	21,55364
165,28	3,64	165,28	21,55095
165,22	3,641	165,22	21,548
165,18	3,638	165,18	21,5448
165,13	3,64	165,13	21,54143
165,08	3,644	165,08	21,53793
165,03	3,647	165,03	21,5343
164,99	3,647	164,99	21,53058
164,93	3,654	164,93	21,5268
164,89	3,661	164,89	21,523
164,84	3,675	164,84	21,51922
164,78	3,66	164,78	21,51547
164,74	3,691	164,74	21,51178
164,68	3,677	164,68	21,50816
164,64	3,681	164,64	21,50458
164,58	3,692	164,58	21,50103
164,54	3,689	164,54	21,49746
164,49	3,686	164,49	21,49383
164,43	3,712	164,43	21,49011
164,39	3,713	164,39	21,48635
164,33	3,705	164,33	21,48258
164,29	3,706	164,29	21,47882
164,24	3,72	164,24	21,47511
164,2	3,733	164,2	21,4714
164,14	3,755	164,14	21,46764
164,08	3,736	164,08	21,46385
164,04	3,739	164,04	21,45999
163,99	3,743	163,99	21,45605
163,93	3,749	163,93	21,45203
163,89	3,75	163,89	21,44789
163,83	3,75	163,83	21,4436
163,79	3,743	163,79	21,43912
163,74	3,742	163,74	21,43445
163,7	3,754	163,7	21,4296
163,64	3,757	163,64	21,42458
163,6	3,756	163,6	21,41939
163,54	3,758	163,54	21,41398
163,49	3,776	163,49	21,40837
163,45	3,783	163,45	21,40257
163,39	3,789	163,39	21,39663
163,35	3,797	163,35	21,39062
163,29	3,81	163,29	21,38458
163,25	3,816	163,25	21,37854
163,19	3,818	163,19	21,37248
163,15	3,818	163,15	21,36641
163,1	3,821	163,1	21,3603
163,04	3,825	163,04	21,35411
163	3,836	163	21,34782
162,95	3,835	162,95	21,34146
162,9	3,833	162,9	21,33503
162,85	3,832	162,85	21,32858
162,81	3,837	162,81	21,32216
162,75	3,841	162,75	21,31578
162,71	3,848	162,71	21,30943
162,65	3,858	162,65	21,30308
162,61	3,86	162,61	21,29668
162,56	3,869	162,56	21,29019
162,51	3,874	162,51	21,2836
162,46	3,877	162,46	21,27688
162,42	3,879	162,42	21,27003
162,36	3,884	162,36	21,26301
162,32	3,886	162,32	21,2558
162,26	3,886	162,26	21,24841
162,21	3,885	162,21	21,24083
162,17	3,885	162,17	21,2331
162,11	3,88	162,11	21,22524
162,07	3,891	162,07	21,21728
162,02	3,9	162,02	21,20925
161,97	3,905	161,97	21,20122
161,92	3,912	161,92	21,19324
161,88	3,915	161,88	21,1853
161,82	3,914	161,82	21,17738
161,77	3,914	161,77	21,1695
161,73	3,937	161,73	21,16164
161,67	3,941	161,67	21,15376
161,63	3,938	161,63	21,14587
161,57	3,943	161,57	21,13794
161,53	3,931	161,53	21,12997
161,47	3,922	161,47	21,12193
161,42	3,951	161,42	21,11384
161,38	3,968	161,38	21,10573
161,32	3,956	161,32	21,09763
161,28	3,956	161,28	21,08955
161,22	3,963	161,22	21,08153
161,18	3,986	161,18	21,07359
161,13	3,993	161,13	21,06573
161,09	3,993	161,09	21,05801
161,03	3,991	161,03	21,05045
160,99	3,985	160,99	21,04302
160,93	3,988	160,93	21,03568
160,88	3,991	160,88	21,02837
160,84	3,996	160,84	21,02099
160,78	4,001	160,78	21,01346
160,74	4,004	160,74	21,00578
160,68	4,007	160,68	20,99792
160,64	4,016	160,64	20,98991
160,59	4,023	160,59	20,98181
160,53	4,026	160,53	20,97367
160,49	4,029	160,49	20,96556
160,43	4,034	160,43	20,95748
160,39	4,034	160,39	20,94945
160,34	4,045	160,34	20,94144
160,29	4,049	160,29	20,93346
160,24	4,062	160,24	20,92551
160,2	4,064	160,2	20,91758
160,14	4,061	160,14	20,90969
160,09	4,059	160,09	20,90184
160,05	4,059	160,05	20,89403
159,99	4,075	159,99	20,88626
159,95	4,081	159,95	20,87854
159,89	4,089	159,89	20,87087
159,85	4,096	159,85	20,86326
159,8	4,106	159,8	20,85575
159,74	4,109	159,74	20,84835
159,7	4,107	159,7	20,84103
159,64	4,121	159,64	20,83379
159,6	4,121	159,6	20,82663
159,55	4,114	159,55	20,81953
159,5	4,122	159,5	20,81246
159,45	4,13	159,45	20,80539
159,41	4,133	159,41	20,79825
159,35	4,134	159,35	20,79099
159,3	4,137	159,3	20,78356
159,25	4,142	159,25	20,77595
159,2	4,141	159,2	20,76819
159,16	4,144	159,16	20,7603
159,1	4,143	159,1	20,75232
159,06	4,143	159,06	20,74429
159	4,144	159	20,73624
158,95	4,165	158,95	20,72821
158,91	4,17	158,91	20,72021
158,85	4,168	158,85	20,71222
158,81	4,173	158,81	20,70423
158,75	4,177	158,75	20,69622
158,71	4,178	158,71	20,68815
158,66	4,181	158,66	20,67997
158,62	4,186	158,62	20,67167
158,56	4,196	158,56	20,66323
158,52	4,2	158,52	20,65464
158,46	4,21	158,46	20,64596
158,41	4,215	158,41	20,63721
158,37	4,218	158,37	20,62846
158,31	4,216	158,31	20,61974
158,27	4,219	158,27	20,61106
158,21	4,225	158,21	20,6024
158,17	4,228	158,17	20,59372
158,12	4,232	158,12	20,58495
158,07	4,238	158,07	20,57605
158,02	4,247	158,02	20,56697
157,96	4,247	157,96	20,55767
157,92	4,254	157,92	20,54812
157,87	4,262	157,87	20,53833
157,82	4,275	157,82	20,52833
157,77	4,276	157,77	20,51809
157,73	4,265	157,73	20,50766
157,67	4,259	157,67	20,49706
157,62	4,276	157,62	20,48633
157,58	4,288	157,58	20,47549
157,52	4,279	157,52	20,46458
157,48	4,279	157,48	20,45365
157,42	4,286	157,42	20,44271
157,38	4,299	157,38	20,4318
157,33	4,302	157,33	20,42088
157,28	4,31	157,28	20,40993
157,23	4,307	157,23	20,3989
157,19	4,304	157,19	20,38778
157,13	4,311	157,13	20,37652
157,09	4,311	157,09	20,36509
157,03	4,325	157,03	20,35352
156,99	4,328	156,99	20,34183
156,94	4,328	156,94	20,33005
156,88	4,327	156,88	20,31822
156,84	4,328	156,84	20,30638
156,78	4,337	156,78	20,29455
156,74	4,341	156,74	20,28272
156,69	4,35	156,69	20,27085
156,65	4,367	156,65	20,25893
156,59	4,371	156,59	20,24695
156,55	4,377	156,55	20,23487
156,49	4,382	156,49	20,2227
156,44	4,397	156,44	20,21041
156,4	4,4	156,4	20,19797
156,34	4,389	156,34	20,18536
156,3	4,386	156,3	20,17259
156,24	4,383	156,24	20,15963
156,2	4,389	156,2	20,14648
156,15	4,411	156,15	20,13311
156,09	4,417	156,09	20,11952
156,05	4,421	156,05	20,10575
155,99	4,425	155,99	20,09182
155,95	4,433	155,95	20,07775
155,89	4,436	155,89	20,06353
155,86	4,437	155,86	20,04916
155,8	4,436	155,8	20,03462
155,74	4,434	155,74	20,01992
155,7	4,441	155,7	20,00509
155,64	4,44	155,64	19,99015
155,6	4,45	155,6	19,97513
155,55	4,457	155,55	19,96005
155,51	4,461	155,51	19,94493
155,45	4,47	155,45	19,9298
155,4	4,47	155,4	19,91472
155,35	4,471	155,35	19,89971
155,3	4,472	155,3	19,88479
155,26	4,475	155,26	19,86996
155,2	4,48	155,2	19,85519
155,16	4,489	155,16	19,84046
155,1	4,501	155,1	19,82574
155,06	4,503	155,06	19,811
155,01	4,495	155,01	19,79618
154,95	4,5	154,95	19,78123
154,91	4,511	154,91	19,76607
154,85	4,516	154,85	19,75065
154,81	4,518	154,81	19,73495
154,76	4,519	154,76	19,71895
154,72	4,519	154,72	19,70266
154,66	4,523	154,66	19,68612
154,6	4,528	154,6	19,66939
154,56	4,533	154,56	19,65251
154,51	4,538	154,51	19,63553
154,47	4,546	154,47	19,61844
154,41	4,547	154,41	19,60122
154,37	4,547	154,37	19,58383
154,31	4,549	154,31	19,56625
154,26	4,561	154,26	19,54844
154,22	4,566	154,22	19,53042
154,16	4,57	154,16	19,51223
154,12	4,571	154,12	19,49388
154,06	4,577	154,06	19,47539
154,02	4,578	154,02	19,45679
153,97	4,583	153,97	19,43811
153,93	4,587	153,93	19,41937
153,87	4,588	153,87	19,40057
153,83	4,589	153,83	19,38173
153,77	4,589	153,77	19,36284
153,73	4,591	153,73	19,34391
153,67	4,594	153,67	19,32499
153,63	4,609	153,63	19,30611
153,58	4,617	153,58	19,28727
153,52	4,62	153,52	19,26842
153,48	4,633	153,48	19,24948
153,43	4,634	153,43	19,23039
153,38	4,631	153,38	19,21109
153,33	4,639	153,33	19,1916
153,29	4,646	153,29	19,17195
153,23	4,645	153,23	19,15219
153,19	4,647	153,19	19,13233
153,14	4,651	153,14	19,11242
153,08	4,654	153,08	19,09243
153,04	4,656	153,04	19,07237
152,98	4,668	152,98	19,0522
152,94	4,68	152,94	19,03194
152,88	4,676	152,88	19,01156
152,84	4,678	152,84	18,99105
152,79	4,684	152,79	18,97039
152,75	4,688	152,75	18,94962
152,69	4,689	152,69	18,92873
152,65	4,7	152,65	18,90772
152,59	4,702	152,59	18,88654
152,54	4,697	152,54	18,8652
152,49	4,7	152,49	18,8437
152,44	4,715	152,44	18,82208
152,4	4,72	152,4	18,8004
152,34	4,72	152,34	18,7787
152,3	4,72	152,3	18,75701
152,25	4,724	152,25	18,73536
152,19	4,727	152,19	18,71378
152,15	4,733	152,15	18,6923
152,09	4,734	152,09	18,67091
152,05	4,738	152,05	18,64959
152	4,744	152	18,6283
151,96	4,755	151,96	18,60701
151,9	4,758	151,9	18,58572
151,84	4,753	151,84	18,56442
151,8	4,758	151,8	18,5431
151,75	4,763	151,75	18,52178
151,7	4,76	151,7	18,50043
151,65	4,765	151,65	18,47901
151,61	4,774	151,61	18,45753
151,55	4,783	151,55	18,43597
151,51	4,788	151,51	18,41433
151,45	4,789	151,45	18,39258
151,41	4,796	151,41	18,3707
151,36	4,801	151,36	18,3487
151,3	4,803	151,3	18,32656
151,26	4,806	151,26	18,30423
151,2	4,808	151,2	18,2817
151,16	4,819	151,16	18,25892
151,11	4,82	151,11	18,23588
151,07	4,816	151,07	18,21258
151,01	4,821	151,01	18,18909
150,95	4,831	150,95	18,16551
150,91	4,832	150,91	18,14195
150,86	4,83	150,86	18,11846
150,82	4,83	150,82	18,09506
150,76	4,839	150,76	18,07176
150,72	4,846	150,72	18,04853
150,66	4,859	150,66	18,02533
150,62	4,86	150,62	18,00213
150,57	4,854	150,57	17,97891
150,51	4,852	150,51	17,95566
150,47	4,866	150,47	17,93239
150,42	4,875	150,42	17,90911
150,37	4,881	150,37	17,88579
150,32	4,882	150,32	17,86245
150,28	4,879	150,28	17,83909
150,22	4,883	150,22	17,81573
150,17	4,893	150,17	17,79237
150,12	4,895	150,12	17,76905
150,07	4,891	150,07	17,74579
150,03	4,891	150,03	17,72262
149,97	4,896	149,97	17,69954
149,93	4,904	149,93	17,67655
149,87	4,906	149,87	17,65366
149,82	4,909	149,82	17,63088
149,78	4,922	149,78	17,6082
149,72	4,924	149,72	17,58559
149,68	4,919	149,68	17,56304
149,62	4,919	149,62	17,54051
149,58	4,923	149,58	17,518
149,53	4,933	149,53	17,49549
149,49	4,935	149,49	17,47301
149,43	4,938	149,43	17,45058
149,37	4,942	149,37	17,42822
149,33	4,946	149,33	17,40595
149,28	4,952	149,28	17,38377
149,23	4,956	149,23	17,36167
149,18	4,963	149,18	17,33969
149,14	4,965	149,14	17,31785
149,08	4,967	149,08	17,29616
149,03	4,969	149,03	17,27463
148,99	4,978	148,99	17,25327
148,93	4,982	148,93	17,23207
148,89	4,986	148,89	17,21102
148,83	4,988	148,83	17,19012
148,79	4,99	148,79	17,1694
148,73	4,993	148,73	17,1489
148,69	5,002	148,69	17,12866
148,64	5,004	148,64	17,10871
148,6	5,003	148,6	17,0891
148,54	5,008	148,54	17,06981
148,49	5,021	148,49	17,05078
148,44	5,026	148,44	17,03198
148,39	5,027	148,39	17,01331
148,35	5,032	148,35	16,99476
148,29	5,036	148,29	16,97629
148,25	5,035	148,25	16,9579
148,2	5,036	148,2	16,9396
148,15	5,045	148,15	16,9214
148,1	5,048	148,1	16,90332
148,04	5,046	148,04	16,88535
148	5,047	148	16,86753
147,94	5,052	147,94	16,84984
147,9	5,06	147,9	16,83228
147,85	5,066	147,85	16,81486
147,81	5,069	147,81	16,79757
147,75	5,071	147,75	16,7804
147,71	5,072	147,71	16,76336
147,65	5,08	147,65	16,74645
147,6	5,081	147,6	16,72966
147,55	5,092	147,55	16,71299
147,5	5,095	147,5	16,69645
147,46	5,095	147,46	16,68002
147,4	5,093	147,4	16,66369
147,36	5,092	147,36	16,64744
147,3	5,093	147,3	16,63126
147,26	5,1	147,26	16,61516
147,21	5,112	147,21	16,59917
147,17	5,115	147,17	16,58332
147,11	5,121	147,11	16,56761
147,07	5,131	147,07	16,55203
147,01	5,133	147,01	16,53657
146,97	5,133	146,97	16,5212
146,92	5,134	146,92	16,50587
146,86	5,137	146,86	16,49056
146,82	5,136	146,82	16,47528
146,76	5,137	146,76	16,46008
146,72	5,14	146,72	16,44497
146,67	5,143	146,67	16,42997
146,62	5,148	146,62	16,41507
146,57	5,158	146,57	16,40026
146,53	5,163	146,53	16,3855
146,47	5,153	146,47	16,37078
146,43	5,15	146,43	16,35612
146,38	5,172	146,38	16,34153
146,33	5,176	146,33	16,32704
146,28	5,183	146,28	16,31268
146,24	5,189	146,24	16,29842
146,18	5,18	146,18	16,28425
146,14	5,185	146,14	16,27014
146,09	5,187	146,09	16,25608
146,04	5,194	146,04	16,24204
145,99	5,198	145,99	16,22803
145,94	5,194	145,94	16,21407
145,89	5,193	145,89	16,20013
145,85	5,197	145,85	16,18621
145,79	5,208	145,79	16,1723
145,75	5,209	145,75	16,15838
145,7	5,21	145,7	16,14446
145,65	5,212	145,65	16,13051
145,61	5,212	145,61	16,11657
145,56	5,227	145,56	16,10265
145,52	5,239	145,52	16,08874
145,46	5,239	145,46	16,07485
145,42	5,239	145,42	16,06095
145,36	5,239	145,36	16,04705
145,32	5,236	145,32	16,03314
145,27	5,24	145,27	16,01923
145,22	5,244	145,22	16,00531
145,17	5,252	145,17	15,99135
145,13	5,26	145,13	15,97737
145,07	5,269	145,07	15,96335
145,03	5,272	145,03	15,94929
144,97	5,264	144,97	15,93518
144,93	5,264	144,93	15,92101
144,88	5,267	144,88	15,90679
144,82	5,275	144,82	15,8925
144,78	5,279	144,78	15,87815
144,72	5,288	144,72	15,86372
144,68	5,293	144,68	15,84918
144,63	5,299	144,63	15,83451
144,59	5,302	144,59	15,81971
144,54	5,301	144,54	15,80481
144,49	5,297	144,49	15,78983
144,45	5,301	144,45	15,77481
144,39	5,304	144,39	15,75978
144,35	5,307	144,35	15,74474
144,29	5,314	144,29	15,72966
144,25	5,32	144,25	15,71452
144,2	5,323	144,2	15,69932
144,16	5,323	144,16	15,68403
144,1	5,326	144,1	15,66867
144,06	5,327	144,06	15,65325
144	5,33	144	15,63778
143,96	5,339	143,96	15,62228
143,92	5,344	143,92	15,60673
143,86	5,351	143,86	15,59111
143,82	5,355	143,82	15,57538
143,77	5,357	143,77	15,55952
143,71	5,357	143,71	15,54355
143,67	5,36	143,67	15,5275
143,61	5,369	143,61	15,5114
143,57	5,369	143,57	15,49528
143,52	5,367	143,52	15,47915
143,48	5,367	143,48	15,463
143,42	5,37	143,42	15,44682
143,36	5,37	143,36	15,4306
143,32	5,375	143,32	15,41437
143,27	5,383	143,27	15,39816
143,22	5,385	143,22	15,38198
143,17	5,39	143,17	15,36585
143,13	5,395	143,13	15,34976
143,07	5,387	143,07	15,33372
143,03	5,383	143,03	15,31769
142,98	5,387	142,98	15,30169
142,93	5,4	142,93	15,28573
142,88	5,413	142,88	15,26982
142,84	5,414	142,84	15,25397
142,78	5,413	142,78	15,23819
142,74	5,426	142,74	15,22249
142,69	5,429	142,69	15,20688
142,64	5,428	142,64	15,19135
142,59	5,422	142,59	15,17589
142,54	5,42	142,54	15,16052
142,49	5,429	142,49	15,14522
142,44	5,43	142,44	15,13002
142,39	5,437	142,39	15,11489
142,34	5,439	142,34	15,09985
142,3	5,449	142,3	15,08487
142,24	5,448	142,24	15,06998
142,2	5,447	142,2	15,05516
142,14	5,45	142,14	15,04044
142,1	5,451	142,1	15,02579
142,05	5,464	142,05	15,0112
141,99	5,472	141,99	14,99666
141,95	5,467	141,95	14,98215
141,89	5,465	141,89	14,9677
141,85	5,467	141,85	--
141,85	5,467	141,85	--
141,41	5,5	141,41	14,95335
141,35	5,501	141,35	14,93913
141,31	5,502	141,31	14,92509
141,26	5,51	141,26	14,91121
141,21	5,513	141,21	14,89751
141,16	5,521	141,16	14,88397
141,12	5,523	141,12	14,8706
141,06	5,537	141,06	14,8574
141	5,543	141	14,84437
140,96	5,55	140,96	14,83151
140,91	5,544	140,91	14,81884
140,87	5,543	140,87	14,80638
140,81	5,545	140,81	14,79415
140,77	5,547	140,77	14,7821
140,71	5,548	140,71	14,77018
140,66	5,549	140,66	14,75834
140,62	5,554	140,62	14,74654
140,56	5,558	140,56	14,73477
140,52	5,573	140,52	14,72309
140,46	5,576	140,46	14,71152
140,42	5,582	140,42	14,70008
140,37	5,588	140,37	14,68878
140,32	5,587	140,32	14,67759
140,27	5,59	140,27	14,66652
140,21	5,591	140,21	14,65557
140,17	5,591	140,17	14,64476
140,12	5,605	140,12	14,63411
140,08	5,613	140,08	14,62361
140,02	5,615	140,02	14,61326
139,98	5,615	139,98	14,60305
139,95	5,614	139,95	14,59296
139,89	5,614	139,89	14,58297
139,84	5,614	139,84	14,57306
139,8	5,617	139,8	14,56319
139,74	5,62	139,74	14,55334
139,69	5,625	139,69	14,5435
139,65	5,628	139,65	14,53366
139,59	5,627	139,59	14,52377
139,55	5,638	139,55	14,51384
139,49	5,642	139,49	14,50388
139,45	5,644	139,45	14,49394
139,4	5,646	139,4	14,48401
139,35	5,65	139,35	14,47412
139,3	5,648	139,3	14,46423
139,24	5,646	139,24	14,45433
139,2	5,654	139,2	14,4444
139,15	5,657	139,15	14,43444
139,1	5,667	139,1	14,42446
139,05	5,669	139,05	14,41448
139,01	5,656	139,01	14,40453
138,95	5,664	138,95	14,39462
138,9	5,675	138,9	14,38469
138,86	5,675	138,86	14,37472
138,8	5,679	138,8	14,36464
138,76	5,681	138,76	14,35444
138,7	5,685	138,7	14,34411
138,66	5,692	138,66	14,33366
138,61	5,688	138,61	14,32311
138,56	5,689	138,56	14,31249
138,51	5,703	138,51	14,30178
138,47	5,71	138,47	14,29097
138,41	5,706	138,41	14,28001
138,37	5,707	138,37	14,26888
138,31	5,708	138,31	14,25757
138,26	5,709	138,26	14,24609
138,22	5,716	138,22	14,23449
138,16	5,72	138,16	14,22283
138,12	5,731	138,12	14,21113
138,06	5,732	138,06	14,19942
138,02	5,73	138,02	14,18769
137,97	5,741	137,97	14,17594
137,92	5,741	137,92	14,16417
137,87	5,74	137,87	14,15238
137,81	5,75	137,81	14,14052
137,77	5,742	137,77	14,1286
137,72	5,747	137,72	14,11659
137,67	5,755	137,67	14,10447
137,62	5,756	137,62	14,09229
137,58	5,756	137,58	14,08005
137,52	5,762	137,52	14,06778
137,48	5,768	137,48	14,05547
137,42	5,777	137,42	14,0431
137,37	5,781	137,37	14,03066
137,33	5,782	137,33	14,01815
137,27	5,778	137,27	14,00555
137,23	5,783	137,23	13,99288
137,17	5,793	137,17	13,98017
137,12	5,784	137,12	13,96744
137,08	5,786	137,08	13,95472
137,02	5,791	137,02	13,94207
136,98	5,793	136,98	13,92948
136,92	5,795	136,92	13,91693
136,88	5,799	136,88	13,9044
136,83	5,805	136,83	13,89188
136,79	5,814	136,79	13,87938
136,73	5,818	136,73	13,86694
136,69	5,82	136,69	13,8546
136,63	5,826	136,63	13,84237
136,59	5,828	136,59	13,83027
136,53	5,831	136,53	13,81825
136,49	5,837	136,49	13,80627
136,44	5,841	136,44	13,79428
136,38	5,834	136,38	13,78229
136,34	5,819	136,34	13,7703
136,29	5,832	136,29	13,7583
136,25	5,846	136,25	13,74631
136,19	5,85	136,19	13,73433
136,15	5,853	136,15	13,72233
136,09	5,851	136,09	13,7103
136,05	5,851	136,05	13,69823
136	5,861	136	13,68612
135,95	5,868	135,95	13,67398
135,9	5,876	135,9	13,66189
135,84	5,876	135,84	13,64987
135,8	5,877	135,8	13,63796
135,75	5,871	135,75	13,62619
135,7	5,869	135,7	13,61454
135,65	5,873	135,65	13,60299
135,61	5,874	135,61	13,59151
135,55	5,885	135,55	13,58007
135,5	5,89	135,5	13,56865
135,45	5,896	135,45	13,55725
135,4	5,9	135,4	13,54588
135,36	5,903	135,36	13,53459
135,3	5,912	135,3	13,52341
135,26	5,907	135,26	13,51239
135,2	5,905	135,2	13,50153
135,16	5,907	135,16	13,49082
135,14	5,908	135,14	13,48023
135,08	5,91	135,08	13,4697
135,02	5,922	135,02	13,45922
134,98	5,925	134,98	13,44878
134,93	5,928	134,93	13,4384
134,87	5,926	134,87	13,42811
134,83	5,929	134,83	13,41794
134,77	5,934	134,77	13,40793
134,73	5,937	134,73	13,39811
134,68	5,941	134,68	13,38849
134,64	5,948	134,64	13,37907
134,58	5,95	134,58	13,36984
134,54	5,945	134,54	13,36079
134,48	5,946	134,48	13,35191
134,44	5,947	134,44	13,34321
134,39	5,953	134,39	13,33472
134,33	5,965	134,33	13,32646
134,29	5,97	134,29	13,3184
134,23	5,974	134,23	13,31052
134,19	5,978	134,19	13,30278
134,13	5,98	134,13	13,29514
134,09	5,981	134,09	13,28759
134,04	5,987	134,04	13,28015
134	5,992	134	13,27283
133,94	5,995	133,94	13,26566
133,89	5,993	133,89	13,25866
133,84	5,988	133,84	13,25184
133,79	5,986	133,79	13,24523
133,75	5,999	133,75	13,23886
133,69	6,007	133,69	13,23273
133,65	6,006	133,65	13,22683
133,6	6,01	133,6	13,22113
133,55	6,016	133,55	13,21563
133,5	6,018	133,5	13,21032
133,44	6,02	133,44	13,20517
133,4	6,027	133,4	13,20015
133,35	6,028	133,35	13,19522
133,3	6,032	133,3	13,19037
133,25	6,038	133,25	13,18559
133,21	6,048	133,21	13,18086
133,15	6,055	133,15	13,17619
133,11	6,053	133,11	13,17158
133,05	6,057	133,05	13,16701
133	6,061	133	13,16246
132,96	6,068	132,96	13,15793
132,9	6,066	132,9	13,15336
132,86	6,066	132,86	13,14873
132,8	6,075	132,8	13,14403
132,76	6,069	132,76	13,13922
132,71	6,061	132,71	13,13431
132,67	6,078	132,67	13,12931
132,61	6,083	132,61	13,12425
132,55	6,082	132,55	13,11916
132,51	6,076	132,51	13,11409
132,46	6,089	132,46	13,10904
132,42	6,092	132,42	13,104
132,36	6,094	132,36	13,09898
132,32	6,096	132,32	13,09393
132,26	6,097	132,26	13,08884
132,22	6,095	132,22	13,0837
132,17	6,108	132,17	13,07852
132,11	6,111	132,11	13,0733
132,07	6,119	132,07	13,06806
132,01	6,121	132,01	13,0628
131,97	6,119	131,97	13,05749
131,92	6,119	131,92	13,05213
131,87	6,122	131,87	13,04667
131,82	6,126	131,82	13,04112
131,78	6,133	131,78	13,03548
131,72	6,137	131,72	13,02978
131,67	6,135	131,67	13,02408
131,62	6,133	131,62	13,01841
131,57	6,133	131,57	13,01278
131,53	6,135	131,53	13,00718
131,47	6,138	131,47	13,00157
131,43	6,142	131,43	12,99592
131,37	6,147	131,37	12,99019
131,33	6,148	131,33	12,98435
131,28	6,158	131,28	12,9784
131,24	6,161	131,24	12,97232
131,18	6,166	131,18	12,96613
131,13	6,171	131,13	12,95988
131,08	6,173	131,08	12,95361
131,03	6,172	131,03	12,94735
130,99	6,17	130,99	12,9411
130,93	6,172	130,93	12,93488
130,89	6,178	130,89	12,9287
130,83	6,18	130,83	12,92258
130,79	6,186	130,79	12,91651
130,74	6,188	130,74	12,91048
130,7	6,188	130,7	12,9045
130,64	6,19	130,64	12,89855
130,6	6,198	130,6	12,89264
130,54	6,21	130,54	12,88677
130,5	6,218	130,5	12,88096
130,45	6,217	130,45	12,87524
130,4	6,216	130,4	12,86958
130,35	6,221	130,35	12,86398
130,31	6,226	130,31	12,85845
130,25	6,228	130,25	12,85301
130,2	6,229	130,2	12,84768
130,15	6,231	130,15	12,84251
130,1	6,234	130,1	12,83748
130,06	6,235	130,06	12,83257
130	6,246	130	12,82775
129,96	6,249	129,96	12,82301
129,9	6,252	129,9	12,81836
129,86	6,253	129,86	12,81384
129,81	6,255	129,81	12,80946
129,76	6,263	129,76	12,80523
129,71	6,271	129,71	12,80115
129,65	6,268	129,65	12,79715
129,61	6,267	129,61	12,7932
129,56	6,269	129,56	12,78928
129,52	6,268	129,52	12,78537
129,46	6,271	129,46	12,78149
129,42	6,283	129,42	12,77766
129,36	6,288	129,36	12,77394
129,31	6,288	129,31	12,77031
129,26	6,288	129,26	12,76677
129,21	6,303	129,21	12,76332
129,17	6,31	129,17	12,75996
129,11	6,31	129,11	12,75666
129,07	6,309	129,07	12,75343
129,01	6,309	129,01	12,75031
128,97	6,312	128,97	12,74735
128,92	6,322	128,92	12,7446
128,88	6,324	128,88	12,74206
128,82	6,331	128,82	12,73975
128,78	6,337	128,78	12,73764
128,72	6,337	128,72	12,73567
128,68	6,338	128,68	12,73384
128,63	6,349	128,63	12,7321
128,58	6,349	128,58	12,73042
128,53	6,348	128,53	12,7288
128,49	6,346	128,49	12,72723
128,43	6,343	128,43	12,72572
128,39	6,349	128,39	12,72428
128,33	6,354	128,33	12,72292
128,28	6,354	128,28	12,72166
128,24	6,358	128,24	12,72049
128,18	6,364	128,18	12,71941
128,14	6,367	128,14	12,71838
128,09	6,369	128,09	12,71742
128,04	6,368	128,04	12,71652
127,99	6,372	127,99	12,71568
127,95	6,375	127,95	12,71491
127,89	6,376	127,89	12,71426
127,85	6,383	127,85	12,71373
127,79	6,386	127,79	12,7133
127,74	6,387	127,74	12,71295
127,7	6,393	127,7	12,71265
127,64	6,401	127,64	12,71237
127,6	6,404	127,6	12,71211
127,54	6,41	127,54	12,71191
127,5	6,411	127,5	12,71183
127,45	6,403	127,45	12,71187
127,41	6,397	127,41	12,71203
127,35	6,399	127,35	12,71227
127,31	6,406	127,31	12,71256
127,25	6,409	127,25	12,71287
127,2	6,419	127,2	12,7132
127,16	6,43	127,16	12,71355
127,1	6,434	127,1	12,71392
127,06	6,435	127,06	12,71433
127	6,43	127	12,71478
126,96	6,431	126,96	12,71527
126,91	6,434	126,91	12,71576
126,87	6,439	126,87	12,71623
126,81	6,44	126,81	12,71667
126,75	6,454	126,75	12,71711
126,71	6,461	126,71	12,71753
126,66	6,464	126,66	12,71796
126,62	6,468	126,62	12,7184
126,56	6,47	126,56	12,71884
126,52	6,472	126,52	12,71924
126,46	6,479	126,46	12,7196
126,42	6,476	126,42	12,71992
126,37	6,478	126,37	12,72021
126,31	6,49	126,31	12,72047
126,27	6,492	126,27	12,72074
126,21	6,497	126,21	12,72102
126,17	6,502	126,17	12,72131
126,12	6,504	126,12	12,72161
126,07	6,504	126,07	12,72196
126,02	6,508	126,02	12,72237
125,98	6,511	125,98	12,72281
125,92	6,512	125,92	12,72328
125,88	6,516	125,88	12,72374
125,82	6,517	125,82	12,72416
125,78	6,511	125,78	12,72453
125,73	6,519	125,73	12,72488
125,67	6,522	125,67	12,72529
125,63	6,53	125,63	12,72585
125,57	6,53	125,57	12,72658
125,53	6,538	125,53	12,72751
125,48	6,548	125,48	12,72861
125,43	6,552	125,43	12,72984
125,38	6,547	125,38	12,73113
125,34	6,547	125,34	12,73246
125,28	6,548	125,28	12,73384
125,24	6,548	125,24	12,73527
125,18	6,545	125,18	12,73676
125,14	6,558	125,14	12,73829
125,09	6,563	125,09	12,73985
125,03	6,564	125,03	12,74137
124,99	6,564	124,99	12,74282
124,96	6,565	124,96	12,74416
124,93	6,567	124,93	12,74541
124,88	6,567	124,88	12,74659
124,84	6,567	124,84	12,74775
124,78	6,575	124,78	12,74895
124,74	6,578	124,74	12,75021
124,69	6,579	124,69	12,75157
124,63	6,577	124,63	12,75303
124,59	6,577	124,59	12,7546
124,53	6,582	124,53	12,75624
124,49	6,582	124,49	12,75794
124,44	6,59	124,44	12,7597
124,39	6,606	124,39	12,76152
124,34	6,616	124,34	12,76341
124,28	6,609	124,28	12,76539
124,24	6,604	124,24	12,76747
124,19	6,61	124,19	12,76965
124,14	6,619	124,14	12,77194
124,09	6,623	124,09	12,77436
124,05	6,624	124,05	12,77691
123,99	6,629	123,99	12,77959
123,95	6,631	123,95	12,78238
123,89	6,634	123,89	12,78523
123,85	6,637	123,85	12,78812
123,8	6,642	123,8	12,79103
123,74	6,649	123,74	12,79398
123,7	6,652	123,7	12,79701
123,65	6,656	123,65	12,80011
123,6	6,663	123,6	12,80328
123,55	6,665	123,55	12,80654
123,51	6,666	123,51	12,8099
123,45	6,666	123,45	12,81342
123,41	6,669	123,41	12,81713
123,35	6,672	123,35	12,82106
123,3	6,665	123,3	12,82522
123,26	6,667	123,26	12,8296
123,2	6,68	123,2	12,83415
123,16	6,682	123,16	12,83881
123,11	6,689	123,11	12,84355
123,06	6,695	123,06	12,84837
123,01	6,7	123,01	12,85328
122,96	6,7	122,96	12,85837
122,91	6,705	122,91	12,86369
122,87	6,712	122,87	12,86925
122,81	6,708	122,81	12,87506
122,76	6,712	122,76	12,88108
122,72	6,717	122,72	12,88728
122,66	6,719	122,66	12,89364
122,62	6,723	122,62	12,90016
122,56	6,735	122,56	12,90686
122,52	6,74	122,52	12,91377
122,46	6,74	122,46	12,9209
122,42	6,737	122,42	12,92826
122,37	6,739	122,37	12,93582
122,33	6,745	122,33	12,94354
122,27	6,749	122,27	12,95139
122,22	6,748	122,22	12,95933
122,17	6,755	122,17	12,96735
122,12	6,771	122,12	12,97541
122,08	6,778	122,08	12,98353
122,02	6,781	122,02	12,99172
121,98	6,783	121,98	13,00001
121,92	6,783	121,92	13,00839
121,88	6,784	121,88	13,01686
121,83	6,788	121,83	13,02543
121,77	6,789	121,77	13,03406
121,73	6,793	121,73	13,04272
121,67	6,816	121,67	13,05137
121,63	6,814	121,63	13,06001
121,58	6,808	121,58	13,0686
121,53	6,801	121,53	13,07715
121,48	6,798	121,48	13,08571
121,44	6,8	121,44	13,0943
121,38	6,811	121,38	13,10296
121,33	6,824	121,33	13,11172
121,29	6,829	121,29	13,12059
121,23	6,829	121,23	13,12957
121,19	6,829	121,19	13,13865
121,13	6,83	121,13	13,14782
121,09	6,832	121,09	13,15709
121,04	6,837	121,04	13,16645
120,99	6,843	120,99	13,17589
120,94	6,844	120,94	13,18541
120,9	6,85	120,9	13,19496
120,84	6,86	120,84	13,20454
120,78	6,865	120,78	13,21415
120,75	6,873	120,75	13,22376
120,69	6,876	120,69	13,23337
120,65	6,859	120,65	13,24297
120,59	6,85	120,59	13,25259
120,54	6,862	120,54	13,26224
120,49	6,869	120,49	13,27193
120,44	6,877	120,44	13,28164
120,4	6,879	120,4	13,29133
120,34	6,881	120,34	13,30097
120,3	6,881	120,3	13,31052
120,25	6,885	120,25	13,31999
120,2	6,892	120,2	13,32941
120,15	6,893	120,15	13,33881
120,09	6,897	120,09	13,3482
120,05	6,9	120,05	13,35758
120	6,908	120	13,36694
119,95	6,91	119,95	13,37628
119,9	6,913	119,9	13,38561
119,86	6,915	119,86	13,39498
119,8	6,92	119,8	13,40441
119,75	6,921	119,75	13,41393
119,7	6,926	119,7	13,42356
119,65	6,934	119,65	13,43328
119,61	6,939	119,61	13,44308
119,55	6,938	119,55	13,45295
119,51	6,942	119,51	13,46286
119,45	6,944	119,45	13,47281
119,43	6,948	119,43	13,48281
119,37	6,955	119,37	13,49286
119,33	6,958	119,33	13,50295
119,27	6,958	119,27	13,5131
119,23	6,961	119,23	13,52331
119,18	6,968	119,18	13,53358
119,13	6,966	119,13	13,54391
119,08	6,962	119,08	13,55429
119,04	6,973	119,04	13,56471
118,98	6,979	118,98	13,57513
118,93	6,982	118,93	13,58556
118,88	6,986	118,88	13,59598
118,83	6,993	118,83	13,60642
118,79	6,995	118,79	13,61687
118,73	6,99	118,73	13,62738
118,69	6,99	118,69	13,63793
118,64	7,002	118,64	13,64853
118,59	7,015	118,59	13,65916
118,54	7,017	118,54	13,6698
118,48	7,023	118,48	13,68044
118,44	7,023	118,44	13,69105
118,39	7,023	118,39	13,70165
118,34	7,024	118,34	13,71224
118,29	7,03	118,29	13,72282
118,25	7,042	118,25	13,73341
118,19	7,032	118,19	13,744
118,13	7,031	118,13	13,75459
118,09	7,043	118,09	13,76517
118,04	7,055	118,04	13,77572
118	7,061	118	13,78623
117,94	7,065	117,94	13,79671
117,9	7,075	117,9	13,80718
117,84	7,083	117,84	13,81765
117,79	7,083	117,79	13,82816
117,75	7,079	117,75	13,83871
117,69	7,087	117,69	13,84927
117,65	7,093	117,65	13,85981
117,59	7,085	117,59	13,87034
117,55	7,08	117,55	13,88088
117,5	7,112	117,5	13,89142
117,44	7,124	117,44	13,90197
117,4	7,12	117,4	13,91253
117,34	7,113	117,34	13,92305
117,3	7,108	117,3	13,93349
117,25	7,111	117,25	13,94384
117,2	7,118	117,2	13,95411
117,15	7,119	117,15	13,96431
117,1	7,126	117,1	13,97449
117,05	7,13	117,05	13,98471
117	7,133	117	13,99499
116,96	7,122	116,96	14,00533
116,9	7,121	116,9	14,01571
116,86	7,144	116,86	14,02613
116,8	7,147	116,8	14,03657
116,76	7,147	116,76	14,04703
116,71	7,153	116,71	14,05752
116,67	7,164	116,67	14,06805
116,61	7,16	116,61	14,07863
116,57	7,156	116,57	14,08925
116,51	7,17	116,51	14,09995
116,47	7,179	116,47	14,11072
116,42	7,178	116,42	14,12159
116,36	7,176	116,36	14,13257
116,32	7,176	116,32	14,14367
116,26	7,172	116,26	14,15484
116,22	7,176	116,22	14,16604
116,17	7,188	116,17	14,17722
116,12	7,197	116,12	14,18834
116,07	7,217	116,07	14,19938
116,03	7,214	116,03	14,21039
115,97	7,21	115,97	14,22137
115,92	7,211	115,92	14,23236
115,87	7,235	115,87	14,24337
115,82	7,241	115,82	14,25437
115,78	7,229	115,78	14,26533
115,72	7,219	115,72	14,27623
115,68	7,226	115,68	14,28708
115,62	7,23	115,62	14,29789
115,57	7,235	115,57	14,30867
115,53	7,246	115,53	14,31947
115,47	7,245	115,47	14,33027
115,43	7,248	115,43	14,34107
115,37	7,254	115,37	14,35185
115,33	7,268	115,33	14,36265
115,28	7,28	115,28	14,37347
115,24	7,282	115,24	14,38435
115,18	7,282	115,18	14,39531
115,13	7,279	115,13	14,40639
115,08	7,285	115,08	14,41759
115,03	7,287	115,03	14,42889
114,99	7,289	114,99	14,44026
114,93	7,289	114,93	14,45165
114,89	7,292	114,89	14,46305
114,83	7,3	114,83	14,47443
114,79	7,304	114,79	14,48578
114,74	7,315	114,74	14,49712
114,68	7,318	114,68	14,50845
114,64	7,321	114,64	14,51977
114,58	7,33	114,58	14,5311
114,54	7,334	114,54	14,54247
114,49	7,338	114,49	14,55388
114,44	7,337	114,44	14,56533
114,4	7,335	114,4	14,5768
114,36	7,333	114,36	14,58827
114,31	7,338	114,31	14,59974
114,26	7,354	114,26	14,6112
114,21	7,359	114,21	14,62263
114,17	7,362	114,17	14,63405
114,11	7,369	114,11	14,64547
114,05	7,366	114,05	14,65689
114,01	7,371	114,01	14,66833
113,96	7,374	113,96	14,67977
113,92	7,378	113,92	14,69122
113,86	7,38	113,86	14,70266
113,82	7,383	113,82	14,71408
113,76	7,387	113,76	14,72549
113,72	7,391	113,72	14,73694
113,67	7,395	113,67	14,74846
113,63	7,401	113,63	14,76007
113,57	7,418	113,57	14,77176
113,54	7,42	113,54	14,78349
113,49	7,422	113,49	14,79524
113,43	7,418	113,43	14,80697
113,39	7,414	113,39	14,81871
113,34	7,418	113,34	14,8305
113,29	7,435	113,29	14,84237
113,24	7,435	113,24	14,85433
113,2	7,434	113,2	14,86638
113,14	7,434	113,14	14,87848
113,1	7,45	113,1	14,89058
113,04	7,454	113,04	14,90263
113	7,454	113	14,91462
112,95	7,455	112,95	14,92657
112,89	7,462	112,89	14,9385
112,85	7,471	112,85	14,95042
112,79	7,485	112,79	14,96232
112,75	7,485	112,75	14,97419
112,7	7,485	112,7	14,98602
112,65	7,485	112,65	14,99778
112,6	7,491	112,6	15,00949
112,54	7,492	112,54	15,02115
112,5	7,498	112,5	15,0328
112,45	7,504	112,45	15,04444
112,41	7,51	112,41	15,05611
112,35	7,511	112,35	15,06782
112,31	7,512	112,31	15,07961
112,25	7,514	112,25	15,09151
112,21	7,522	112,21	15,10353
112,15	7,531	112,15	15,11568
112,11	7,535	112,11	15,12792
112,06	7,54	112,06	15,14021
112,02	7,544	112,02	15,15252
111,96	7,549	111,96	15,16482
111,9	7,556	111,9	15,1771
111,86	7,561	111,86	15,18941
111,81	7,564	111,81	15,20178
111,77	7,569	111,77	15,21421
111,71	7,576	111,71	15,22673
111,67	7,578	111,67	15,23932
111,61	7,579	111,61	15,25198
111,56	7,582	111,56	15,26469
111,52	7,584	111,52	15,27741
111,46	7,588	111,46	15,29014
111,42	7,591	111,42	15,30284
111,36	7,593	111,36	15,3155
111,32	7,604	111,32	15,32814
111,27	7,611	111,27	15,34076
111,22	7,614	111,22	15,35336
111,17	7,618	111,17	15,36592
111,11	7,622	111,11	15,37847
111,07	7,627	111,07	15,39101
111,02	7,632	111,02	15,40356
110,98	7,635	110,98	15,41614
110,92	7,641	110,92	15,42873
110,88	7,646	110,88	15,44135
110,82	7,657	110,82	15,45398
110,78	7,656	110,78	15,4666
110,72	7,659	110,72	15,47922
110,67	7,66	110,67	15,49183
110,63	7,67	110,63	15,50443
110,57	7,676	110,57	15,51703
110,53	7,68	110,53	15,52966
110,47	7,682	110,47	15,54232
110,43	7,688	110,43	15,55501
110,38	7,69	110,38	15,56776
110,34	7,687	110,34	15,58055
110,28	7,697	110,28	15,59338
110,24	7,701	110,24	15,60624
110,18	7,709	110,18	15,61914
110,13	7,714	110,13	15,63207
110,09	7,715	110,09	15,64502
110,03	7,715	110,03	15,65798
109,99	7,716	109,99	15,67092
109,93	7,732	109,93	15,68385
109,89	7,733	109,89	15,69676
109,84	7,73	109,84	15,70965
109,79	7,731	109,79	15,72252
109,74	7,739	109,74	15,73534
109,68	7,754	109,68	15,74809
109,64	7,756	109,64	15,76077
109,59	7,755	109,59	15,7734
109,54	7,768	109,54	15,78599
109,49	7,768	109,49	15,79855
109,45	7,765	109,45	15,81112
109,39	7,775	109,39	15,82369
109,34	7,781	109,34	15,83627
109,3	7,779	109,3	15,84885
109,24	7,778	109,24	15,86142
109,2	7,786	109,2	15,87397
109,14	7,795	109,14	15,88649
109,1	7,795	109,1	15,89899
109,05	7,795	109,05	15,91147
109,01	7,805	109,01	15,92392
108,95	7,821	108,95	15,93636
108,91	7,824	108,91	15,94878
108,85	7,829	108,85	15,9612
108,8	7,835	108,8	15,97364
108,76	7,837	108,76	15,98609
108,7	7,837	108,7	15,99856
108,66	7,841	108,66	16,01108
108,6	7,847	108,6	16,02365
108,56	7,849	108,56	16,03625
108,51	7,862	108,51	16,04886
108,45	7,866	108,45	16,0615
108,41	7,871	108,41	16,07416
108,35	7,874	108,35	16,08684
108,31	7,874	108,31	16,09955
108,26	7,875	108,26	16,11229
108,21	7,888	108,21	16,12507
108,16	7,898	108,16	16,13792
108,1	7,898	108,1	16,15083
108,06	7,897	108,06	16,16384
108,01	7,897	108,01	16,17694
107,96	7,901	107,96	16,19015
107,91	7,909	107,91	16,20344
107,87	7,92	107,87	16,2168
107,81	7,931	107,81	16,23024
107,76	7,94	107,76	16,24378
107,71	7,942	107,71	16,25742
107,66	7,943	107,66	16,27118
107,62	7,946	107,62	16,28505
107,56	7,951	107,56	16,29905
107,52	7,954	107,52	16,31317
107,46	7,964	107,46	16,3274
107,41	7,967	107,41	16,34176
107,37	7,968	107,37	16,35623
107,31	7,972	107,31	16,3708
107,27	7,983	107,27	16,38546
107,21	7,993	107,21	16,40021
107,17	7,997	107,17	16,41505
107,12	8,002	107,12	16,42998
107,08	8,005	107,08	16,44501
107,02	8,007	107,02	16,46015
106,96	8,01	106,96	16,47541
106,92	8,011	106,92	16,49077
106,87	8,025	106,87	16,50625
106,83	8,029	106,83	16,52181
106,77	8,024	106,77	16,53746
106,73	8,025	106,73	16,55319
106,67	8,044	106,67	16,56903
106,62	8,053	106,62	16,58498
106,57	8,053	106,57	16,60104
106,52	8,05	106,52	16,6172
106,48	8,06	106,48	16,63345
106,42	8,069	106,42	16,64979
106,38	8,077	106,38	16,66621
106,33	8,084	106,33	16,68274
106,28	8,087	106,28	16,69938
106,23	8,091	106,23	16,71615
106,19	8,092	106,19	16,73304
106,13	8,092	106,13	16,75001
106,07	8,098	106,07	16,76706
106,04	8,105	106,04	16,7842
105,98	8,116	105,98	16,80143
105,94	8,118	105,94	16,81874
105,88	8,121	105,88	16,83615
105,84	8,121	105,84	16,85364
105,78	8,134	105,78	16,8712
105,73	8,137	105,73	16,88883
105,69	8,138	105,69	16,90652
105,63	8,143	105,63	16,92427
105,59	8,147	105,59	16,94208
105,53	8,154	105,53	16,95995
105,49	8,16	105,49	16,97789
105,44	8,173	105,44	16,99588
105,4	8,171	105,4	17,01392
105,34	8,174	105,34	17,03199
105,29	8,181	105,29	17,05008
105,24	8,188	105,24	17,06816
105,19	8,191	105,19	17,08622
105,15	8,192	105,15	17,10429
105,09	8,198	105,09	17,1224
105,05	8,2	105,05	17,14057
104,99	8,201	104,99	17,15886
104,94	8,209	104,94	17,17725
104,9	8,213	104,9	17,19577
104,84	8,22	104,84	17,2144
104,8	8,229	104,8	17,23314
104,75	8,233	104,75	17,25199
104,7	8,242	104,7	17,2709
104,65	8,251	104,65	17,28986
104,59	8,257	104,59	17,30882
104,55	8,258	104,55	17,32778
104,5	8,256	104,5	17,34675
104,45	8,256	104,45	17,36574
104,4	8,263	104,4	17,38479
104,36	8,274	104,36	17,4039
104,3	8,289	104,3	17,4231
104,25	8,295	104,25	17,44236
104,2	8,297	104,2	17,46168
104,15	8,304	104,15	17,48105
104,11	8,307	104,11	17,50046
104,05	8,311	104,05	17,51994
104,01	8,315	104,01	17,53952
103,95	8,326	103,95	17,5592
103,9	8,331	103,9	17,57899
103,86	8,328	103,86	17,59887
103,8	8,329	103,8	17,61883
103,76	8,33	103,76	17,63881
103,7	8,347	103,7	17,65879
103,66	8,359	103,66	17,67876
103,61	8,363	103,61	17,69873
103,55	8,36	103,55	17,71871
103,51	8,363	103,51	17,73871
103,45	8,369	103,45	17,75877
103,41	8,38	103,41	17,7789
103,36	8,388	103,36	17,79908
103,32	8,391	103,32	17,81933
103,26	8,401	103,26	17,83966
103,22	8,403	103,22	17,86005
103,16	8,41	103,16	17,8805
103,11	8,423	103,11	17,90099
103,07	8,429	103,07	17,92152
103,01	8,428	103,01	17,94207
102,97	8,436	102,97	17,96262
102,91	8,437	102,91	17,98317
102,87	8,447	102,87	18,00374
102,81	8,458	102,81	18,02435
102,77	8,46	102,77	18,04503
102,72	8,46	102,72	18,06578
102,68	8,463	102,68	18,0866
102,62	8,475	102,62	18,10745
102,57	8,477	102,57	18,1283
102,52	8,478	102,52	18,14912
102,47	8,485	102,47	18,16992
102,43	8,498	102,43	18,19069
102,37	8,504	102,37	18,21144
102,33	8,505	102,33	18,23219
102,27	8,517	102,27	18,25293
102,23	8,517	102,23	18,27367
102,18	8,529	102,18	18,29444
102,12	8,538	102,12	18,31528
102,08	8,542	102,08	18,33622
102,02	8,545	102,02	18,35729
101,98	8,543	101,98	18,37845
101,93	8,552	101,93	18,39969
101,89	8,56	101,89	18,42099
101,83	8,56	101,83	18,44235
101,79	8,563	101,79	18,4638
101,73	8,578	101,73	18,48535
101,68	8,582	101,68	18,507
101,64	8,583	101,64	18,52875
101,58	8,591	101,58	18,55058
101,54	8,594	101,54	18,57248
101,48	8,601	101,48	18,59444
101,44	8,607	101,44	18,61647
101,39	8,612	101,39	18,63856
101,35	8,617	101,35	18,66072
101,29	8,618	101,29	18,68297
101,25	8,615	101,25	18,70532
101,19	8,625	101,19	18,72779
101,15	8,638	101,15	18,75038
101,1	8,647	101,1	18,7731
101,05	8,655	101,05	18,79592
101	8,662	101	18,81884
100,96	8,667	100,96	18,84184
100,9	8,661	100,9	18,86491
100,84	8,66	100,84	18,88808
100,8	8,673	100,8	18,91134
100,75	8,682	100,75	18,9347
100,71	8,684	100,71	18,95817
100,65	8,69	100,65	18,98179
100,61	8,695	100,61	19,00556
100,55	8,709	100,55	19,02951
100,51	8,718	100,51	19,05364
100,46	8,725	100,46	19,07793
100,4	8,728	100,4	19,10236
100,36	8,729	100,36	19,12692
100,3	8,74	100,3	19,15155
100,26	8,748	100,26	19,17626
100,21	8,748	100,21	19,20102
100,17	8,757	100,17	19,22586
100,11	8,769	100,11	19,25081
100,07	8,776	100,07	19,27584
100,01	8,778	100,01	19,30097
99,97	8,783	99,97	19,32622
99,91	8,789	99,91	19,35161
99,87	8,795	99,87	19,37713
99,82	8,798	99,82	19,40279
99,76	8,804	99,76	19,4286
99,72	8,809	99,72	19,45457
99,67	8,833	99,67	19,48071
99,62	8,838	99,62	19,50699
99,57	8,846	99,57	19,5334
99,53	8,85	99,53	19,55992
99,47	8,862	99,47	19,58656
99,42	8,871	99,42	19,6133
99,38	8,864	99,38	19,64015
99,32	8,862	99,32	19,6671
99,28	8,863	99,28	19,69413
99,22	8,873	99,22	19,72125
99,18	8,877	99,18	19,74847
99,12	8,895	99,12	19,77581
99,07	8,899	99,07	19,80327
99,03	8,911	99,03	19,83086
98,97	8,921	98,97	19,85859
98,93	8,935	98,93	19,88647
98,87	8,941	98,87	19,91448
98,82	8,946	98,82	19,94261
98,78	8,947	98,78	19,97086
98,72	8,946	98,72	19,99919
98,68	8,948	98,68	20,02759
98,62	8,954	98,62	20,05609
98,58	8,957	98,58	20,0847
98,53	8,971	98,53	20,11344
98,49	8,988	98,49	20,14232
98,43	8,998	98,43	20,17132
98,37	9	98,37	20,20044
98,33	8,994	98,33	20,22964
98,28	8,997	98,28	20,25891
98,24	9,002	98,24	20,28825
98,18	9,017	98,18	20,31767
98,14	9,022	98,14	20,34714
98,08	9,024	98,08	20,37666
98	9,034	98	20,40621
97,93	9,05	97,93	20,4358
97,87	9,056	97,87	20,46544
97,82	9,053	97,82	20,49514
97,78	9,058	97,78	20,52489
97,72	9,073	97,72	20,55468
97,68	9,086	97,68	20,58452
97,63	9,087	97,63	20,61441
97,57	9,088	97,57	20,64436
97,53	9,099	97,53	20,67439
97,47	9,108	97,47	20,70456
97,43	9,113	97,43	20,73487
97,38	9,114	97,38	20,76533
97,34	9,12	97,34	20,7959
97,28	9,126	97,28	20,82659
97,24	9,137	97,24	20,85739
97,18	9,143	97,18	20,88825
97,14	9,15	97,14	20,91918
97,09	9,157	97,09	20,95015
97,03	9,163	97,03	20,98117
96,99	9,17	96,99	21,01224
96,93	9,178	96,93	21,04341
96,89	9,181	96,89	21,07467
96,83	9,193	96,83	21,10605
96,79	9,206	96,79	21,13754
96,74	9,212	96,74	21,16915
96,7	9,215	96,7	21,20086
96,64	9,215	96,64	21,23266
96,58	9,231	96,58	21,26455
96,54	9,238	96,54	21,29655
96,49	9,243	96,49	21,32868
96,45	9,245	96,45	21,36092
96,39	9,252	96,39	21,39329
96,35	9,258	96,35	21,42578
96,29	9,26	96,29	21,4584
96,25	9,272	96,25	21,49117
96,2	9,289	96,2	21,52414
96,14	9,301	96,14	21,55732
96,1	9,302	96,1	21,59072
96,04	9,311	96,04	21,62433
96	9,314	96	21,65813
95,95	9,327	95,95	21,6921
95,9	9,34	95,9	21,7262
95,85	9,347	95,85	21,76044
95,81	9,354	95,81	21,79481
95,75	9,359	95,75	21,82933
95,71	9,364	95,71	21,864
95,65	9,37	95,65	21,89884
95,6	9,375	95,6	21,93384
95,56	9,386	95,56	21,96901
95,52	9,391	95,52	22,00435
95,46	9,397	95,46	22,03984
95,42	9,4	95,42	22,07548
95,36	9,4	95,36	22,1113
95,32	9,415	95,32	22,14731
95,26	9,423	95,26	22,18354
95,21	9,436	95,21	22,22003
95,17	9,445	95,17	22,25678
95,11	9,45	95,11	22,29376
95,07	9,45	95,07	22,33095
95,02	9,456	95,02	22,36832
94,97	9,458	94,97	22,40584
94,92	9,47	94,92	22,44348
94,88	9,476	94,88	22,48125
94,82	9,487	94,82	22,51916
94,78	9,491	94,78	22,5572
94,73	9,493	94,73	22,59541
94,67	9,498	94,67	22,63381
94,63	9,512	94,63	22,67243
94,57	9,525	94,57	22,71129
94,53	9,529	94,53	22,75038
94,47	9,538	94,47	22,78967
94,43	9,546	94,43	22,82913
94,38	9,556	94,38	22,86876
94,34	9,563	94,34	22,90857
94,28	9,566	94,28	22,94856
94,24	9,568	94,24	22,98874
94,18	9,581	94,18	23,02911
94,14	9,583	94,14	23,06968
94,09	9,605	94,09	23,1104
94,05	9,608	94,05	23,15126
93,99	9,618	93,99	23,19225
93,93	9,62	93,93	23,23339
93,89	9,619	93,89	23,27469
93,84	9,635	93,84	23,31617
93,8	9,641	93,8	23,35784
93,74	9,647	93,74	23,3997
93,7	9,655	93,7	23,44175
93,64	9,665	93,64	23,48399
93,6	9,682	93,6	23,52643
93,55	9,693	93,55	23,56908
93,5	9,696	93,5	23,61193
93,45	9,701	93,45	23,65497
93,41	9,714	93,41	23,69823
93,35	9,719	93,35	23,74173
93,31	9,726	93,31	23,78547
93,25	9,731	93,25	23,8295
93,21	9,733	93,21	23,87383
93,16	9,747	93,16	23,91848
93,12	9,756	93,12	23,96344
93,06	9,768	93,06	24,00873
93,02	9,775	93,02	24,05433
92,96	9,775	92,96	24,10026
92,92	9,78	92,92	24,14649
92,87	9,796	92,87	24,19302
92,81	9,812	92,81	24,23983
92,77	9,816	92,77	24,28691
92,71	9,826	92,71	24,33425
92,67	9,829	92,67	24,38188
92,62	9,842	92,62	24,42978
92,57	9,851	92,57	24,47797
92,52	9,861	92,52	24,52644
92,48	9,867	92,48	24,5752
92,42	9,874	92,42	24,62424
92,37	9,884	92,37	24,67356
92,32	9,896	92,32	24,72315
92,27	9,913	92,27	24,773
92,23	9,917	92,23	24,8231
92,17	9,923	92,17	24,87345
92,13	9,924	92,13	24,92404
92,07	9,935	92,07	24,97486
92,03	9,938	92,03	25,02592
91,98	9,948	91,98	25,07725
91,94	9,958	91,94	25,12884
91,88	9,971	91,88	25,18068
91,82	9,984	91,82	25,23272
91,78	9,988	91,78	25,28488
91,75	9,991	91,75	25,33714
91,7	10,008	91,7	25,38952
91,64	10,023	91,64	25,44201
91,6	10,028	91,6	25,49468
91,55	10,031	91,55	25,54758
91,5	10,044	91,5	25,60077
91,45	10,049	91,45	25,65424
91,41	10,058	91,41	25,70796
91,35	10,06	91,35	25,76191
91,31	10,065	91,31	25,81606
91,26	10,079	91,26	25,87039
91,21	10,09	91,21	25,92488
91,16	10,103	91,16	25,97952
91,12	10,111	91,12	26,03432
91,06	10,124	91,06	26,08928
91,02	10,127	91,02	26,14444
90,96	10,137	90,96	26,19983
90,92	10,143	90,92	26,25544
90,87	10,147	90,87	26,31126
90,81	10,151	90,81	26,36728
90,77	10,161	90,77	26,42346
90,71	10,168	90,71	26,47978
90,67	10,18	90,67	26,5362
90,62	10,192	90,62	26,59272
90,58	10,199	90,58	26,64931
90,52	10,205	90,52	26,706
90,47	10,207	90,47	26,76281
90,42	10,216	90,42	26,81979
90,37	10,233	90,37	26,87697
90,33	10,241	90,33	26,93436
90,27	10,252	90,27	26,99197
90,23	10,255	90,23	27,0498
90,17	10,263	90,17	27,10785
90,13	10,278	90,13	27,16611
90,08	10,289	90,08	27,2246
90,02	10,296	90,02	27,28331
89,98	10,303	89,98	27,34222
89,92	10,313	89,92	27,40134
89,88	10,32	89,88	27,46065
89,83	10,331	89,83	27,52016
89,78	10,334	89,78	27,57988
89,73	10,344	89,73	27,6398
89,67	10,361	89,67	27,69993
89,63	10,373	89,63	27,76026
89,58	10,379	89,58	27,82078
89,53	10,396	89,53	27,88147
89,48	10,401	89,48	27,94234
89,44	10,41	89,44	28,00338
89,38	10,42	89,38	28,06461
89,34	10,425	89,34	28,12607
89,29	10,438	89,29	28,18783
89,24	10,45	89,24	28,24991
89,19	10,467	89,19	28,31232
89,15	10,476	89,15	28,37508
89,09	10,482	89,09	28,43813
89,05	10,499	89,05	28,50143
88,99	10,504	88,99	28,56494
88,95	10,515	88,95	28,62866
88,9	10,518	88,9	28,69259
88,86	10,534	88,86	28,75675
88,8	10,55	88,8	28,82116
88,74	10,564	88,74	28,88585
88,7	10,577	88,7	28,95083
88,65	10,58	88,65	29,01611
88,61	10,585	88,61	29,08167
88,55	10,598	88,55	29,14749
88,51	10,618	88,51	29,21357
88,45	10,634	88,45	29,27988
88,41	10,644	88,41	29,34643
88,36	10,652	88,36	29,41324
88,3	10,659	88,3	29,48032
88,26	10,672	88,26	29,54764
88,2	10,679	88,2	29,61523
88,16	10,692	88,16	29,68307
88,1	10,701	88,1	29,75119
88,06	10,713	88,06	29,81958
88,01	10,721	88,01	29,88826
87,95	10,736	87,95	29,95719
87,91	10,744	87,91	30,02637
87,85	10,75	87,85	30,09581
87,81	10,77	87,81	30,16554
87,76	10,775	87,76	30,2356
87,72	10,781	87,72	30,30599
87,66	10,787	87,66	30,37669
87,62	10,805	87,62	30,44766
87,56	10,817	87,56	30,51884
87,51	10,829	87,51	30,59019
87,47	10,84	87,47	30,66171
87,41	10,847	87,41	30,73342
87,37	10,858	87,37	30,80531
87,31	10,864	87,31	30,87737
87,27	10,87	87,27	30,94963
87,22	10,872	87,22	31,0221
87,16	10,903	87,16	31,09478
87,12	10,915	87,12	31,16765
87,06	10,934	87,06	31,24071
87,02	10,941	87,02	31,31396
86,97	10,95	86,97	31,3874
86,93	10,957	86,93	31,46101
86,87	10,975	86,87	31,53482
86,81	10,977	86,81	31,60882
86,77	10,988	86,77	31,68302
86,72	10,999	86,72	31,7574
86,68	11,006	86,68	31,83195
86,62	11,02	86,62	31,90665
86,58	11,033	86,58	31,98153
86,52	11,042	86,52	32,05657
86,48	11,057	86,48	32,13177
86,43	11,066	86,43	32,2071
86,39	11,077	86,39	32,28256
86,33	11,086	86,33	32,35812
86,27	11,103	86,27	32,43376
86,23	11,113	86,23	32,5095
86,18	11,13	86,18	32,58535
86,13	11,14	86,13	32,66132
86,08	11,155	86,08	32,73743
86,04	11,164	86,04	32,81369
85,98	11,173	85,98	32,89014
85,94	11,182	85,94	32,96675
85,89	11,19	85,89	33,04354
85,84	11,21	85,84	33,12052
85,79	11,215	85,79	33,19768
85,75	11,232	85,75	33,27501
85,69	11,245	85,69	33,35253
85,65	11,256	85,65	33,43022
85,59	11,269	85,59	33,5081
85,54	11,28	85,54	33,58618
85,5	11,301	85,5	33,66447
85,44	11,307	85,44	33,74296
85,4	11,327	85,4	33,82166
85,35	11,346	85,35	33,90052
85,3	11,364	85,3	33,97948
85,25	11,369	85,25	34,0585
85,19	11,374	85,19	34,13758
85,15	11,393	85,15	34,2167
85,1	11,409	85,1	34,29593
85,05	11,427	85,05	34,37532
85	11,435	85	34,45489
84,96	11,448	84,96	34,53468
84,9	11,456	84,9	34,61468
84,86	11,473	84,86	34,69491
84,8	11,49	84,8	34,77535
84,75	11,505	84,75	34,856
84,71	11,514	84,71	34,93681
84,65	11,516	84,65	35,01777
84,61	11,54	84,61	35,09889
84,55	11,55	84,55	35,18018
84,51	11,565	84,51	35,26164
84,46	11,582	84,46	35,34326
84,4	11,596	84,4	35,42506
84,36	11,609	84,36	35,50703
84,3	11,626	84,3	35,58918
84,26	11,639	84,26	35,67148
84,21	11,647	84,21	35,75395
84,16	11,661	84,16	35,83658
84,11	11,67	84,11	35,91937
84,07	11,693	84,07	36,00232
84,01	11,704	84,01	36,08538
83,96	11,724	83,96	36,16857
83,91	11,734	83,91	36,25192
83,86	11,744	83,86	36,33544
83,82	11,759	83,82	36,41915
83,76	11,775	83,76	36,50304
83,71	11,789	83,71	36,58705
83,66	11,802	83,66	36,67116
83,61	11,8	83,61	36,75535
83,57	11,701	83,57	36,8396
83,51	11,792	83,51	36,92391
83,46	11,834	83,46	37,00828
83,41	11,879	83,41	37,0927
83,36	11,887	83,36	37,17715
83,32	11,901	83,32	37,26163
83,26	11,911	83,26	37,34612
83,22	11,93	83,22	37,4306
83,17	11,937	83,17	37,51509
83,12	11,957	83,12	37,59962
83,07	11,965	83,07	37,68417
83,01	11,974	83,01	37,76876
82,97	11,984	82,97	37,85338
82,92	11,996	82,92	37,93802
82,87	12,022	82,87	38,0227
82,82	12,037	82,82	38,10741
82,78	12,056	82,78	38,19216
82,72	12,066	82,72	38,27695
82,67	12,079	82,67	38,36177
82,62	12,088	82,62	38,44664
82,57	12,111	82,57	38,53156
82,53	12,126	82,53	38,61654
82,47	12,139	82,47	38,70158
82,43	12,143	82,43	38,7867
82,37	12,161	82,37	38,87187
82,32	12,173	82,32	38,95709
82,28	12,184	82,28	39,04236
82,22	12,216	82,22	39,12768
82,18	12,228	82,18	39,21304
82,12	12,242	82,12	39,29844
82,08	12,262	82,08	39,38389
82,03	12,277	82,03	39,46939
81,97	12,287	81,97	39,55495
81,93	12,301	81,93	39,64063
81,87	12,313	81,87	39,72647
81,83	12,328	81,83	39,81248
81,78	12,355	81,78	39,89865
81,73	12,365	81,73	39,98499
81,68	12,382	81,68	40,07148
81,63	12,391	81,63	40,15803
81,58	12,426	81,58	40,24461
81,53	12,44	81,53	40,33121
81,49	12,445	81,49	40,41785
81,43	12,47	81,43	40,5045
81,39	12,481	81,39	40,59117
81,33	12,495	81,33	40,67786
81,28	12,514	81,28	40,76458
81,24	12,536	81,24	40,85134
81,18	12,55	81,18	40,93816
81,14	12,572	81,14	41,02505
81,09	12,585	81,09	41,11199
81,04	12,604	81,04	41,19897
80,99	12,619	80,99	41,28596
80,93	12,645	80,93	41,37293
80,89	12,654	80,89	41,45987
80,83	12,675	80,83	41,5468
80,79	12,692	80,79	41,6337
80,74	12,72	80,74	41,72057
80,69	12,731	80,69	41,80744
80,64	12,746	80,64	41,89433
80,58	12,767	80,58	41,98122
80,54	12,777	80,54	42,0681
80,49	12,798	80,49	42,15495
80,44	12,808	80,44	42,24176
80,39	12,834	80,39	42,32849
80,35	12,848	80,35	42,41514
80,29	12,872	80,29	42,50169
80,25	12,879	80,25	42,58816
80,19	12,895	80,19	42,67457
80,14	12,92	80,14	42,76091
80,1	12,931	80,1	42,84716
80,04	12,953	80,04	42,93331
80	12,96	80	43,01936
79,94	12,986	79,94	43,10528
79,9	12,994	79,9	43,19106
79,85	13,018	79,85	43,27669
79,81	13,026	79,81	43,36218
79,75	13,038	79,75	43,44752
79,7	13,057	79,7	43,53271
79,65	13,071	79,65	43,61779
79,6	13,093	79,6	43,70275
79,56	13,103	79,56	43,7876
79,5	13,131	79,5	43,87233
79,46	13,148	79,46	43,95689
79,4	13,162	79,4	44,04124
79,36	13,167	79,36	44,12532
79,31	13,196	79,31	44,20912
79,25	13,206	79,25	44,29265
79,21	13,22	79,21	44,37591
79,15	13,249	79,15	44,45894
79,11	13,264	79,11	44,5418
79,06	13,279	79,06	44,62449
79,02	13,296	79,02	44,70703
78,96	13,318	78,96	44,78938
78,92	13,332	78,92	44,87155
78,86	13,342	78,86	44,95352
78,82	13,364	78,82	45,03526
78,77	13,372	78,77	45,11679
78,73	13,397	78,73	45,19811
78,67	13,412	78,67	45,27924
78,61	13,444	78,61	45,3602
78,57	13,457	78,57	45,44099
78,52	13,479	78,52	45,52165
78,47	13,485	78,47	45,60217
78,42	13,501	78,42	45,68258
78,38	13,526	78,38	45,76287
78,32	13,539	78,32	45,84306
78,27	13,57	78,27	45,92314
78,23	13,587	78,23	46,0031
78,17	13,603	78,17	46,08294
78,13	13,621	78,13	46,16264
78,07	13,648	78,07	46,24219
78,03	13,667	78,03	46,32161
77,98	13,684	77,98	46,40091
77,93	13,711	77,93	46,48005
77,88	13,725	77,88	46,55903
77,82	13,747	77,82	46,6378
77,78	13,758	77,78	46,71637
77,72	13,797	77,72	46,79472
77,68	13,814	77,68	46,8729
77,63	13,833	77,63	46,95094
77,59	13,853	77,59	47,02889
77,53	13,877	77,53	47,10676
77,49	13,892	77,49	47,18454
77,43	13,909	77,43	47,26221
77,38	13,938	77,38	47,33978
77,34	13,953	77,34	47,41722
77,28	13,98	77,28	47,4945
77,24	14	77,24	47,57163
77,18	14,024	77,18	47,64863
77,14	14,044	77,14	47,72547
77,09	14,065	77,09	47,80217
77,05	14,09	77,05	47,87873
76,99	14,103	76,99	47,95516
76,95	14,13	76,95	48,03146
76,89	14,151	76,89	48,10763
76,84	14,163	76,84	48,18367
76,8	14,19	76,8	48,25955
76,74	14,215	76,74	48,33527
76,7	14,236	76,7	48,41081
76,64	14,26	76,64	48,48615
76,6	14,281	76,6	48,56127
76,55	14,29	76,55	48,63619
76,49	14,32	76,49	48,71092
76,45	14,336	76,45	48,78548
76,39	14,358	76,39	48,85987
76,35	14,37	76,35	48,93409
76,29	14,396	76,29	49,00809
76,25	14,415	76,25	49,08185
76,2	14,437	76,2	49,15532
76,16	14,464	76,16	49,22847
76,1	14,479	76,1	49,30131
76,04	14,497	76,04	49,37384
76	14,519	76	49,44605
75,95	14,531	75,95	49,51795
75,91	14,553	75,91	49,58954
75,85	14,566	75,85	49,66079
75,81	14,594	75,81	49,7317
75,75	14,611	75,75	49,80227
75,7	14,636	75,7	49,87251
75,66	14,662	75,66	49,94243
75,6	14,682	75,6	50,01201
75,56	14,689	75,56	50,08124
75,5	14,703	75,5	50,15008
75,46	14,731	75,46	50,21855
75,41	14,757	75,41	50,28668
75,35	14,771	75,35	50,35451
75,31	14,797	75,31	50,42207
75,25	14,817	75,25	50,48934
75,21	14,842	75,21	50,5563
75,16	14,851	75,16	50,62293
75,12	14,867	75,12	50,68917
75,06	14,891	75,06	50,755
75,02	14,921	75,02	50,8204
74,96	14,94	74,96	50,88539
74,92	14,948	74,92	50,94996
74,87	14,989	74,87	51,01411
74,81	15,011	74,81	51,07787
74,77	15,032	74,77	51,14127
74,72	15,057	74,72	51,2043
74,67	15,077	74,67	51,26696
74,62	15,098	74,62	51,32922
74,57	15,119	74,57	51,39107
74,52	15,136	74,52	51,4525
74,46	15,16	74,46	51,51351
74,42	15,188	74,42	51,57411
74,37	15,204	74,37	51,63429
74,33	15,236	74,33	51,69406
74,27	15,246	74,27	51,75345
74,23	15,289	74,23	51,81245
74,17	15,306	74,17	51,87109
74,12	15,335	74,12	51,9294
74,08	15,353	74,08	51,9874
74,02	15,383	74,02	52,04505
73,96	15,404	73,96	52,10235
73,91	15,434	73,91	52,15925
73,87	15,453	73,87	52,21573
73,81	15,473	73,81	52,27182
73,77	15,5	73,77	52,32752
73,72	15,531	73,72	52,38287
73,67	15,556	73,67	52,43788
73,62	15,58	73,62	52,49257
73,58	15,604	73,58	52,5469
73,52	15,624	73,52	52,601
73,48	15,649	73,48	52,65498
73,42	15,672	73,42	52,70884
73,37	15,693	73,37	52,76255
73,33	15,722	73,33	52,81614
73,27	15,755	73,27	52,86962
73,23	15,773	73,23	52,92294
73,17	15,795	73,17	52,97608
73,13	15,824	73,13	53,029
73,08	15,849	73,08	53,0817
73,03	15,876	73,03	53,13416
72,98	15,886	72,98	53,18638
72,94	15,918	72,94	53,23836
72,88	15,941	72,88	53,29007
72,84	15,961	72,84	53,34151
72,78	15,983	72,78	53,39267
72,73	16,008	72,73	53,44359
72,69	16,034	72,69	53,49426
72,63	16,052	72,63	53,54468
72,59	16,087	72,59	53,59483
72,53	16,094	72,53	53,64469
72,49	16,114	72,49	53,69426
72,44	16,152	72,44	53,74351
72,4	16,173	72,4	53,79246
72,34	16,198	72,34	53,8411
72,3	16,219	72,3	53,88945
72,24	16,245	72,24	53,93753
72,2	16,264	72,2	53,98535
72,15	16,289	72,15	54,03292
72,09	16,313	72,09	54,0802
72,05	16,335	72,05	54,1272
71,99	16,366	71,99	54,1739
71,95	16,381	71,95	54,22029
71,9	16,412	71,9	54,26639
71,85	16,426	71,85	54,31218
71,8	16,448	71,8	54,35766
71,76	16,467	71,76	54,4028
71,7	16,49	71,7	54,4476
71,66	16,517	71,66	54,49202
71,61	16,54	71,61	54,53609
71,55	16,568	71,55	54,5798
71,51	16,584	71,51	54,62318
71,45	16,605	71,45	54,66625
71,41	16,629	71,41	54,70903
71,36	16,644	71,36	54,75151
71,31	16,672	71,31	54,7937
71,26	16,702	71,26	54,83562
71,2	16,721	71,2	54,87725
71,16	16,752	71,16	54,91858
71,11	16,773	71,11	54,95962
71,07	16,802	71,07	55,0004
71,01	16,827	71,01	55,04081
70,97	16,848	70,97	55,08072
70,91	16,87	70,91	55,12015
70,86	16,901	70,86	55,15914
70,81	16,934	70,81	55,19767
70,76	16,953	70,76	55,23573
70,72	16,982	70,72	55,27332
70,66	16,997	70,66	55,31047
70,62	17,026	70,62	55,34721
70,56	17,054	70,56	55,38355
70,52	17,079	70,52	55,41947
70,47	17,112	70,47	55,45497
70,41	17,133	70,41	55,49006
70,37	17,169	70,37	55,52473
70,32	17,186	70,32	55,55898
70,27	17,233	70,27	55,59281
70,22	17,262	70,22	55,62619
70,18	17,281	70,18	55,65913
70,12	17,31	70,12	55,69163
70,08	17,335	70,08	55,72368
70,02	17,356	70,02	55,75528
69,97	17,375	69,97	55,78643
69,92	17,413	69,92	55,81718
69,87	17,439	69,87	55,84749
69,83	17,482	69,83	55,87739
69,77	17,499	69,77	55,90686
69,73	17,536	69,73	55,93584
69,68	17,556	69,68	55,96433
69,62	17,601	69,62	55,9923
69,58	17,627	69,58	56,0198
69,52	17,66	69,52	56,04671
69,47	17,672	69,47	56,07287
69,43	17,698	69,43	56,09831
69,37	17,726	69,37	56,12301
69,33	17,757	69,33	56,14695
69,27	17,778	69,27	56,17013
69,23	17,799	69,23	56,19256
69,18	17,825	69,18	56,21422
69,12	17,847	69,12	56,23516
69,08	17,889	69,08	56,25535
69,02	17,907	69,02	56,27476
68,98	17,94	68,98	56,29342
68,93	17,962	68,93	56,31132
68,89	17,993	68,89	56,32846
68,83	18,013	68,83	56,34484
68,79	18,034	68,79	56,36048
68,73	18,064	68,73	56,37531
68,69	18,076	68,69	56,38935
68,64	18,117	68,64	56,4026
68,59	18,139	68,59	56,41504
68,54	18,164	68,54	56,42665
68,48	18,189	68,48	56,43741
68,44	18,202	68,44	56,44732
68,38	18,233	68,38	56,45634
68,34	18,255	68,34	56,46451
68,29	18,294	68,29	56,47184
68,25	18,31	68,25	56,47834
68,19	18,341	68,19	56,48399
68,15	18,354	68,15	56,4888
68,09	18,383	68,09	56,49278
68,05	18,395	68,05	56,4959
68	18,414	68	56,49818
67,94	18,442	67,94	56,49961
67,9	18,467	67,9	56,5002
67,84	18,508	67,84	56,49994
67,8	18,537	67,8	56,49884
67,75	18,549	67,75	56,49692
67,71	18,58	67,71	56,4942
67,65	18,6	67,65	56,49065
67,61	18,632	67,61	56,48629
67,55	18,649	67,55	56,48112
67,51	18,679	67,51	56,47513
67,46	18,704	67,46	56,46833
67,4	18,731	67,4	56,46073
67,36	18,752	67,36	56,45235
67,3	18,79	67,3	56,44319
67,26	18,812	67,26	56,43325
67,21	18,83	67,21	56,42252
67,17	18,874	67,17	56,411
67,11	18,893	67,11	56,3987
67,05	18,928	67,05	56,3856
67,01	18,945	67,01	56,37181
66,96	18,982	66,96	56,35749
66,92	19,011	66,92	56,34262
66,86	19,025	66,86	56,32723
66,82	19,052	66,82	56,31132
66,76	19,095	66,76	56,29492
66,71	19,113	66,71	56,27804
66,67	19,137	66,67	56,26069
66,61	19,175	66,61	56,24283
66,57	19,194	66,57	56,22446
66,51	19,228	66,51	56,20558
66,47	19,259	66,47	56,18617
66,41	19,29	66,41	56,16624
66,36	19,303	66,36	56,14581
66,32	19,35	66,32	56,12487
66,26	19,388	66,26	56,10343
66,22	19,428	66,22	56,08152
66,16	19,448	66,16	56,05913
66,12	19,471	66,12	56,03625
66,07	19,498	66,07	56,01288
66,03	19,521	66,03	55,98902
65,97	19,563	65,97	55,96467
65,93	19,598	65,93	55,93981
65,87	19,627	65,87	55,91445
65,83	19,646	65,83	55,88855
65,78	19,67	65,78	55,86207
65,72	19,712	65,72	55,83502
65,68	19,737	65,68	55,8074
65,62	19,773	65,62	55,77919
65,58	19,789	65,58	55,75041
65,53	19,815	65,53	55,72104
65,48	19,832	65,48	55,69108
65,43	19,888	65,43	55,66054
65,37	19,909	65,37	55,62944
65,36	19,924	65,36	55,59778
65,3	19,95	65,3	55,56557
65,25	19,979	65,25	55,53279
65,19	20,002	65,19	55,49943
65,15	20,031	65,15	55,46549
65,1	20,055	65,1	55,43096
65,05	20,074	65,05	55,39585
65	20,093	65	55,36016
64,94	20,132	64,94	55,32389
64,9	20,16	64,9	55,287
64,85	20,181	64,85	55,24946
64,8	20,204	64,8	55,21128
64,75	20,229	64,75	55,17246
64,71	20,256	64,71	55,13303
64,65	20,275	64,65	55,09301
64,6	20,304	64,6	55,0524
64,56	20,321	64,56	55,01127
64,5	20,352	64,5	54,96967
64,46	20,386	64,46	54,92758
64,4	20,418	64,4	54,88502
64,36	20,438	64,36	54,84194
64,31	20,457	64,31	54,79832
64,25	20,484	64,25	54,75411
64,21	20,505	64,21	54,70929
64,15	20,538	64,15	54,66385
64,11	20,556	64,11	54,6178
64,06	20,592	64,06	54,57115
64,02	20,615	64,02	54,52393
63,96	20,646	63,96	54,47615
63,9	20,665	63,9	54,42777
63,86	20,702	63,86	54,37881
63,81	20,724	63,81	54,32925
63,77	20,748	63,77	54,27908
63,71	20,773	63,71	54,22829
63,67	20,788	63,67	54,17688
63,61	20,821	63,61	54,12475
63,56	20,847	63,56	54,07174
63,51	20,871	63,51	54,0179
63,46	20,9	63,46	53,96323
63,42	20,94	63,42	53,90772
63,36	20,961	63,36	53,85135
63,32	20,988	63,32	53,79412
63,27	21,022	63,27	53,73604
63,22	21,043	63,22	53,67712
63,17	21,075	63,17	53,61737
63,13	21,093	63,13	53,55677
63,07	21,129	63,07	53,49534
63,03	21,154	63,03	53,43308
62,97	21,176	62,97	53,37
62,92	21,219	62,92	53,30609
62,88	21,239	62,88	53,24132
62,82	21,276	62,82	53,17565
62,78	21,303	62,78	53,10909
62,73	21,332	62,73	53,04163
62,68	21,36	62,68	52,97326
62,63	21,403	62,63	52,90399
62,57	21,425	62,57	52,83383
62,53	21,459	62,53	52,76273
62,47	21,481	62,47	52,69058
62,43	21,517	62,43	52,61729
62,38	21,54	62,38	52,54285
62,32	21,571	62,32	52,46724
62,28	21,605	62,28	52,39045
62,22	21,633	62,22	52,31243
62,18	21,66	62,18	52,23319
62,13	21,696	62,13	52,15274
62,08	21,727	62,08	52,07105
62,03	21,741	62,03	51,98812
61,99	21,787	61,99	51,90398
61,93	21,813	61,93	51,8186
61,88	21,837	61,88	51,73196
61,83	21,871	61,83	51,64418
61,78	21,888	61,78	51,55532
61,74	21,917	61,74	51,46529
61,68	21,947	61,68	51,37397
61,64	21,979	61,64	51,28162
61,59	22,004	61,59	51,18822
61,53	22,021	61,53	51,09377
61,49	22,048	61,49	50,99823
61,43	22,083	61,43	50,9016
61,39	22,103	61,39	50,80388
61,34	22,129	61,34	50,70504
61,29	22,146	61,29	50,6051
61,24	22,175	61,24	50,50412
61,18	22,199	61,18	50,4021
61,14	22,211	61,14	50,29893
61,09	22,249	61,09	50,1945
61,04	22,264	61,04	50,08884
60,99	22,293	60,99	49,982
60,95	22,309	60,95	49,87399
60,89	22,35	60,89	49,76482
60,85	22,364	60,85	49,65446
60,8	22,381	60,8	49,54289
60,75	22,41	60,75	49,43015
60,7	22,441	60,7	49,31621
60,66	22,471	60,66	49,20106
60,6	22,486	60,6	49,08477
60,54	22,525	60,54	48,96733
60,5	22,545	60,5	48,84877
60,45	22,576	60,45	48,72909
60,41	22,597	60,41	48,6082
60,35	22,61	60,35	48,48596
60,31	22,643	60,31	48,36229
60,25	22,666	60,25	48,23707
60,21	22,701	60,21	48,11
60,16	22,722	60,16	47,98065
60,12	22,749	60,12	47,84885
60,06	22,784	60,06	47,71597
60,02	22,808	60,02	47,58215
59,96	22,83	59,96	47,44741
59,91	22,853	59,91	47,31177
59,86	22,883	59,86	47,17537
59,81	22,916	59,81	47,03833
59,77	22,942	59,77	46,89952
59,71	22,952	59,71	46,75117
59,66	22,989	59,66	46,64378
59,62	23,011	59,62	46,53608
59,56	23,041	59,56	46,42816
59,52	23,061	59,52	46,32002
59,46	23,092	59,46	46,21166
59,42	23,116	59,42	46,10313
59,37	23,13	59,37	45,99452
59,31	23,158	59,31	45,8858
59,27	23,176	59,27	45,77687
59,21	23,215	59,21	45,66779
59,17	23,259	59,17	45,55857
59,12	23,287	59,12	45,44931
59,07	23,298	59,07	45,34004
59,02	23,321	59,02	45,23071
58,98	23,362	58,98	45,12134
58,92	23,375	58,92	45,01197
58,87	23,422	58,87	44,90256
58,82	23,433	58,82	44,79302
58,77	23,466	58,77	44,68332
58,73	23,488	58,73	44,57342
58,67	23,525	58,67	44,4634
58,63	23,559	58,63	44,35328
58,57	23,589	58,57	44,24305
58,52	23,607	58,52	44,13264
58,48	23,641	58,48	44,02202
58,42	23,656	58,42	43,91117
58,38	23,682	58,38	43,79947
58,32	23,712	58,32	43,6862
58,27	23,735	58,27	43,57128
58,23	23,766	58,23	43,45466
58,17	23,792	58,17	43,3364
58,13	23,828	58,13	43,21647
58,07	23,841	58,07	43,09488
58,03	23,874	58,03	42,97171
57,98	23,885	57,98	42,84702
57,94	23,913	57,94	42,7208
57,88	23,948	57,88	42,59294
57,84	23,97	57,84	42,46347
57,78	23,996	57,78	42,33253
57,73	24,015	57,73	42,20022
57,69	24,043	57,69	42,06653
57,63	24,069	57,63	41,93151
57,59	24,092	57,59	41,79508
57,53	24,103	57,53	41,65714
57,49	24,125	57,49	41,51774
57,44	24,147	57,44	41,37688
57,39	24,169	57,39	41,23439
57,34	24,196	57,34	41,09018
57,28	24,217	57,28	40,94442
57,24	24,241	57,24	40,79715
57,19	24,26	57,19	40,64813
57,15	24,284	57,15	40,49665
57,09	24,299	57,09	40,34212
57,05	24,328	57,05	40,18462
56,99	24,343	56,99	40,02431
56,94	24,366	56,94	39,86108
56,9	24,386	56,9	39,69473
56,84	24,403	56,84	39,52513
56,8	24,433	56,8	39,35222
56,74	24,447	56,74	39,17582
56,69	24,465	56,69	38,9957
56,65	24,485	56,65	38,81173
56,59	24,514	56,59	38,62381
56,55	24,532	56,55	38,43194
56,49	24,569	56,49	38,23621
56,45	24,585	56,45	--
56,45	24,585	56,45	--
55,98	24,769	55,98	38,03652
55,92	24,796	55,92	37,83265
55,88	24,819	55,88	37,62444
55,83	24,84	55,83	37,41221
55,79	24,855	55,79	37,19579
55,73	24,877	55,73	36,97485
55,68	24,894	55,68	36,74918
55,64	24,919	55,64	36,52048
55,58	24,932	55,58	36,29001
55,54	24,951	55,54	36,05779
55,48	24,975	55,48	35,82406
55,44	24,996	55,44	35,58898
55,39	25,018	55,39	35,35284
55,35	25,032	55,35	35,11563
55,29	25,049	55,29	34,87573
55,24	25,071	55,24	34,63449
55,19	25,095	55,19	34,38813
55,14	25,115	55,14	34,13629
55,1	25,135	55,1	33,8782
55,04	25,147	55,04	33,61236
55	25,169	55	33,3366
54,95	25,193	54,95	33,05714
54,89	25,207	54,89	32,77514
54,85	25,23	54,85	32,48897
54,79	25,24	54,79	32,19785
54,75	25,269	54,75	31,89881
54,7	25,282	54,7	31,58817
54,65	25,305	54,65	31,26084
54,6	25,308	54,6	30,91441
54,56	25,313	54,56	30,55477
54,5	25,352	54,5	30,21506
54,46	25,37	54,46	29,93675
54,41	25,389	54,41	29,61579
54,36	25,406	54,36	29,14194
54,31	25,423	54,31	27,6981