Wavelength, nm	Absorbance, a.u. - curve 4	Wavelength, nm	Absorbance, a.u. - curve 1	Wavelength, nm	Absorbance, a.u. - curve 3	Wavelength, nm	Absorbance, a.u. - curve 2
200	-0,19809	174,22798	4	174,22798	0,54307	174,22798	-0,2762
200,2	-0,19593	174,8327	1,25393	174,8327	0,04652	174,8327	-0,24777
200,4	-0,19529	175,43739	0,78501	175,43739	0,02939	175,43739	-0,16572
200,6	-0,194	176,04207	0,54169	176,04207	-0,00273	176,04207	-0,15128
200,8	-0,19288	176,64671	0,42501	176,64671	-0,02312	176,64671	-0,13504
201	-0,19237	177,25134	0,3435	177,25134	-0,03899	177,25134	-0,14
201,2	-0,19174	177,85594	0,26708	177,85594	-0,06451	177,85594	-0,1432
201,4	-0,19059	178,46051	0,22435	178,46051	-0,06662	178,46051	-0,1341
201,6	-0,18979	179,06506	0,19902	179,06506	-0,06659	179,06506	-0,12953
201,8	-0,18893	179,66959	0,18231	179,66959	-0,06089	179,66959	-0,11913
202	-0,18799	180,27409	0,1697	180,27409	-0,05638	180,27409	-0,10983
202,2	-0,18704	180,87857	-0,01865	180,87857	-0,05901	180,87857	-0,10971
202,4	-0,18601	181,48303	-0,02556	181,48303	-0,06635	181,48303	-0,11246
202,6	-0,18506	182,08746	-0,02188	182,08746	-0,06629	182,08746	-0,11253
202,8	-0,18405	182,69186	-0,03171	182,69186	-0,0656	182,69186	-0,11279
203	-0,18303	183,29625	-0,03607	183,29625	-0,06643	183,29625	-0,11032
203,2	-0,18217	183,9006	-0,03646	183,9006	-0,08594	183,9006	-0,10715
203,4	-0,18125	184,50493	-0,03276	184,50493	-0,08443	184,50493	-0,10786
203,6	-0,18028	185,10924	-0,03414	185,10924	-0,07239	185,10924	-0,10336
203,8	-0,17941	185,71353	-0,03323	185,71353	-0,07849	185,71353	-0,10669
204	-0,17842	186,31778	-0,04256	186,31778	-0,07961	186,31778	-0,10008
204,2	-0,1773	186,92203	-0,04078	186,92203	-0,08679	186,92203	-0,10339
204,4	-0,17622	187,52623	-0,0319	187,52623	-0,08195	187,52623	-0,10188
204,6	-0,17518	188,13042	-0,02558	188,13042	-0,08541	188,13042	-0,10366
204,8	-0,17415	188,73457	-0,0219	188,73457	-0,08208	188,73457	-0,0978
205	-0,17316	189,33871	-0,02349	189,33871	-0,07883	189,33871	-0,09291
205,2	-0,17195	189,94283	-0,02804	189,94283	-0,07253	189,94283	-0,09327
205,4	-0,17089	190,54692	-0,02368	190,54692	-0,06766	190,54692	-0,09165
205,6	-0,16988	191,15099	-0,02546	191,15099	-0,06093	191,15099	-0,08628
205,8	-0,16865	191,75502	-0,03805	191,75502	-0,06078	191,75502	-0,08627
206	-0,16738	192,35904	-0,0328	192,35904	-0,05807	192,35904	-0,07934
206,2	-0,16635	192,96303	-0,02902	192,96303	-0,05941	192,96303	-0,08789
206,4	-0,16513	193,56699	-0,03425	193,56699	-0,05919	193,56699	-0,08907
206,6	-0,1641	194,17093	-0,02965	194,17093	-0,06206	194,17093	-0,09119
206,8	-0,16295	194,77486	-0,01931	194,77486	-0,06208	194,77486	-0,08733
207	-0,16167	195,37874	-0,0116	195,37874	-0,06409	195,37874	-0,09348
207,2	-0,16048	195,9826	-0,01077	195,9826	-0,0677	195,9826	-0,09121
207,4	-0,15922	196,58646	-0,01152	196,58646	-0,06921	196,58646	-0,09879
207,6	-0,15789	197,19028	-0,01912	197,19028	-0,06869	197,19028	-0,09994
207,8	-0,15664	197,79407	-0,02091	197,79407	-0,0739	197,79407	-0,09839
208	-0,15535	198,39783	-0,0248	198,39783	-0,06734	198,39783	-0,09512
208,2	-0,15396	199,00157	-0,02039	199,00157	-0,06962	199,00157	-0,09366
208,4	-0,15269	199,6053	-0,02517	199,6053	-0,0641	199,6053	-0,09068
208,6	-0,15132	200,20898	-0,02586	200,20898	-0,06387	200,20898	-0,0916
208,8	-0,1499	200,81265	-0,03517	200,81265	-0,06484	200,81265	-0,09337
209	-0,14861	201,41631	-0,03172	201,41631	-0,06902	201,41631	-0,09072
209,2	-0,14723	202,01993	-0,03701	202,01993	-0,06578	202,01993	-0,09237
209,4	-0,14584	202,62352	-0,02995	202,62352	-0,06536	202,62352	-0,095
209,6	-0,14445	203,22708	-0,03442	203,22708	-0,07105	203,22708	-0,09039
209,8	-0,14295	203,83063	-0,03405	203,83063	-0,07319	203,83063	-0,08854
210	-0,14161	204,43416	-0,02666	204,43416	-0,06804	204,43416	-0,09304
210,2	-0,14038	205,03764	-0,03853	205,03764	-0,06792	205,03764	-0,09133
210,4	-0,13902	205,64111	-0,03918	205,64111	-0,06244	205,64111	-0,08655
210,6	-0,13769	206,24457	-0,04395	206,24457	-0,0672	206,24457	-0,08462
210,8	-0,13633	206,84798	-0,04683	206,84798	-0,06156	206,84798	-0,07792
211	-0,13496	207,45139	-0,04512	207,45139	-0,06275	207,45139	-0,07738
211,2	-0,13368	208,05475	-0,0456	208,05475	-0,05857	208,05475	-0,07604
211,4	-0,1324	208,6581	-0,04907	208,6581	-0,06976	208,6581	-0,07846
211,6	-0,13106	209,26141	-0,0507	209,26141	-0,07219	209,26141	-0,07963
211,8	-0,12983	209,86472	-0,03162	209,86472	-0,07322	209,86472	-0,0841
212	-0,12852	210,46799	-0,02901	210,46799	-0,07041	210,46799	-0,08615
212,2	-0,12718	211,07123	-0,02072	211,07123	-0,07391	211,07123	-0,0875
212,4	-0,12593	211,67445	-0,02422	211,67445	-0,07118	211,67445	-0,0929
212,6	-0,12463	212,27765	-0,01859	212,27765	-0,07268	212,27765	-0,09771
212,8	-0,12333	212,88081	-0,02044	212,88081	-0,06869	212,88081	-0,09693
213	-0,12218	213,48396	-0,0147	213,48396	-0,0698	213,48396	-0,09933
213,2	-0,12093	214,08708	-0,01902	214,08708	-0,06908	214,08708	-0,0904
213,4	-0,11976	214,69017	-0,00967	214,69017	-0,06453	214,69017	-0,08567
213,6	-0,11862	215,29324	-0,02222	215,29324	-0,06183	215,29324	-0,08846
213,8	-0,11748	215,89629	-0,02715	215,89629	-0,05915	215,89629	-0,08711
214	-0,11642	216,49931	-0,02543	216,49931	-0,05029	216,49931	-0,08614
214,2	-0,11528	217,10229	-0,02019	217,10229	-0,0575	217,10229	-0,09098
214,4	-0,11401	217,70526	-0,01262	217,70526	-0,05655	217,70526	-0,08203
214,6	-0,11282	218,30821	-0,02039	218,30821	-0,06025	218,30821	-0,08487
214,8	-0,11162	218,91113	-0,00875	218,91113	-0,06012	218,91113	-0,08625
215	-0,11038	219,51402	-0,00788	219,51402	-0,06165	219,51402	-0,08559
215,2	-0,10925	220,11688	-0,01548	220,11688	-0,05779	220,11688	-0,0804
215,4	-0,10811	220,71973	-0,02098	220,71973	-0,05872	220,71973	-0,08332
215,6	-0,10697	221,32256	-0,01591	221,32256	-0,05472	221,32256	-0,07783
215,8	-0,10582	221,92534	-0,01389	221,92534	-0,0484	221,92534	-0,07511
216	-0,10466	222,52811	-0,02356	222,52811	-0,04679	222,52811	-0,07634
216,2	-0,10355	223,13084	-0,02385	223,13084	-0,04785	223,13084	-0,07274
216,4	-0,10243	223,73357	-0,03206	223,73357	-0,04556	223,73357	-0,07114
216,6	-0,10134	224,33626	-0,02307	224,33626	-0,04396	224,33626	-0,07159
216,8	-0,10028	224,93892	-0,02264	224,93892	-0,03978	224,93892	-0,06835
217	-0,09926	225,54155	-0,0196	225,54155	-0,04054	225,54155	-0,06697
217,2	-0,09817	226,14417	-0,01695	226,14417	-0,03852	226,14417	-0,06561
217,4	-0,09715	226,74675	-0,01384	226,74675	-0,04244	226,74675	-0,06733
217,6	-0,09609	227,34932	-0,01703	227,34932	-0,03377	227,34932	-0,06603
217,8	-0,09502	227,95186	-0,00952	227,95186	-0,03159	227,95186	-0,06702
218	-0,09403	228,55437	-0,00126	228,55437	-0,02826	228,55437	-0,0639
218,2	-0,09293	229,15685	-0,00203	229,15685	-0,02832	229,15685	-0,06111
218,4	-0,09191	229,75931	-0,00663	229,75931	-0,0252	229,75931	-0,05932
218,6	-0,09094	230,36174	-0,00912	230,36174	-0,02705	230,36174	-0,05505
218,8	-0,08994	230,96416	-0,00703	230,96416	-0,02167	230,96416	-0,05146
219	-0,08906	231,56654	-0,0105	231,56654	-0,0199	231,56654	-0,05163
219,2	-0,0882	232,1689	-0,00869	232,1689	-0,02095	232,1689	-0,04859
219,4	-0,08734	232,77122	-0,00319	232,77122	-0,02028	232,77122	-0,04174
219,6	-0,08648	233,37354	8,5626E-4	233,37354	-0,02004	233,37354	-0,03671
219,8	-0,08562	233,97581	-0,00165	233,97581	-0,01806	233,97581	-0,03563
220	-0,08486	234,57806	-6,60992E-4	234,57806	-0,01909	234,57806	-0,03319
220,2	-0,08407	235,1803	1,14824E-4	235,1803	-0,01786	235,1803	-0,0326
220,4	-0,08334	235,7825	-0,00124	235,7825	-0,01268	235,7825	-0,0335
220,6	-0,08262	236,38467	0,00227	236,38467	-0,01045	236,38467	-0,0302
220,8	-0,08182	236,98683	4,43131E-4	236,98683	-0,00935	236,98683	-0,02907
221	-0,08109	237,58896	8,65744E-4	237,58896	-0,00842	237,58896	-0,02389
221,2	-0,08042	238,19106	-5,92551E-4	238,19106	-0,00414	238,19106	-0,02028
221,4	-0,07972	238,79312	7,87533E-4	238,79312	-0,00412	238,79312	-0,02071
221,6	-0,07905	239,39517	-3,96432E-4	239,39517	-0,00178	239,39517	-0,01723
221,8	-0,07845	239,99719	5,98739E-4	239,99719	-0,0047	239,99719	-0,01512
222	-0,07785	240,5992	1,24025E-4	240,5992	-0,00515	240,5992	-0,01596
222,2	-0,07718	241,20117	-0,00107	241,20117	-0,0061	241,20117	-0,01823
222,4	-0,07659	241,80312	-2,82088E-4	241,80312	-0,00591	241,80312	-0,01521
222,6	-0,07599	242,40503	-3,5116E-4	242,40503	-0,00628	242,40503	-0,01614
222,8	-0,07543	243,00693	-0,00143	243,00693	-0,00579	243,00693	-0,01506
223	-0,07487	243,6088	-0,00144	243,6088	-0,00591	243,6088	-0,01394
223,2	-0,0743	244,21063	-0,00194	244,21063	-0,00646	244,21063	-0,0127
223,4	-0,07372	244,81244	-0,00242	244,81244	-0,00626	244,81244	-0,01271
223,6	-0,07311	245,41423	-0,00193	245,41423	-0,00596	245,41423	-0,01243
223,8	-0,07257	246,01599	-0,00148	246,01599	-0,00723	246,01599	-0,01264
224	-0,07206	246,61774	-0,00162	246,61774	-0,00747	246,61774	-0,01195
224,2	-0,07151	247,21944	-0,00179	247,21944	-0,00837	247,21944	-0,01217
224,4	-0,07099	247,82112	-0,0022	247,82112	-0,00894	247,82112	-0,01211
224,6	-0,07047	248,42279	-0,00212	248,42279	-0,00924	248,42279	-0,01243
224,8	-0,06998	249,02441	-0,00257	249,02441	-0,00908	249,02441	-0,01238
225	-0,06957	249,62602	-0,00268	249,62602	-0,00942	249,62602	-0,01263
225,2	-0,06909	250,2276	-0,00296	250,2276	-0,00985	250,2276	-0,01267
225,4	-0,06861	250,82916	-0,00319	250,82916	-0,01018	250,82916	-0,01286
225,6	-0,0682	251,43068	-0,0034	251,43068	-0,01034	251,43068	-0,01315
225,8	-0,0677	252,03218	-0,00355	252,03218	-0,01082	252,03218	-0,0135
226	-0,06721	252,63367	-0,00366	252,63367	-0,01107	252,63367	-0,01368
226,2	-0,06674	253,23511	-0,00382	253,23511	-0,0115	253,23511	-0,01395
226,4	-0,06632	253,83653	-0,00382	253,83653	-0,01174	253,83653	-0,01408
226,6	-0,06595	254,43793	-0,00375	254,43793	-0,01215	254,43793	-0,01425
226,8	-0,06558	255,03931	-0,00388	255,03931	-0,01232	255,03931	-0,01441
227	-0,06521	255,64064	-0,00386	255,64064	-0,01263	255,64064	-0,0148
227,2	-0,06485	256,24197	-0,00388	256,24197	-0,01279	256,24197	-0,01489
227,4	-0,06453	256,84326	-0,00387	256,84326	-0,01304	256,84326	-0,01516
227,6	-0,06424	257,44452	-0,00397	257,44452	-0,01297	257,44452	-0,01524
227,8	-0,06399	258,04575	-0,00403	258,04575	-0,01324	258,04575	-0,01543
228	-0,06372	258,64697	-0,00409	258,64697	-0,01314	258,64697	-0,01554
228,2	-0,06341	259,24814	-0,0041	259,24814	-0,01335	259,24814	-0,01561
228,4	-0,06313	259,8493	-0,00406	259,8493	-0,01341	259,8493	-0,01555
228,6	-0,06283	260,45044	-0,00402	260,45044	-0,01354	260,45044	-0,01574
228,8	-0,06255	261,05154	-0,00425	261,05154	-0,01361	261,05154	-0,01573
229	-0,06227	261,65262	-0,00415	261,65262	-0,0137	261,65262	-0,01587
229,2	-0,06195	262,25369	-0,00419	262,25369	-0,01376	262,25369	-0,01605
229,4	-0,06166	262,85471	-0,00414	262,85471	-0,01383	262,85471	-0,01605
229,6	-0,06137	263,45572	-0,00402	263,45572	-0,01391	263,45572	-0,01604
229,8	-0,06101	264,05667	-0,00411	264,05667	-0,01399	264,05667	-0,01616
230	-0,0608	264,65762	-0,0042	264,65762	-0,014	264,65762	-0,01617
230,2	-0,06058	265,25854	-0,00417	265,25854	-0,01417	265,25854	-0,01618
230,4	-0,06037	265,85944	-0,00423	265,85944	-0,01437	265,85944	-0,01629
230,6	-0,06017	266,46033	-0,00438	266,46033	-0,01439	266,46033	-0,01624
230,8	-0,05993	267,06116	-0,00446	267,06116	-0,0145	267,06116	-0,01631
231	-0,05974	267,66196	-0,00426	267,66196	-0,01454	267,66196	-0,01636
231,2	-0,0596	268,26276	-0,00421	268,26276	-0,01466	268,26276	-0,01649
231,4	-0,05941	268,86353	-0,00426	268,86353	-0,01472	268,86353	-0,01649
231,6	-0,05918	269,46423	-0,00426	269,46423	-0,01483	269,46423	-0,01649
231,8	-0,05898	270,06494	-0,00425	270,06494	-0,01493	270,06494	-0,01656
232	-0,05878	270,66565	-0,00436	270,66565	-0,01494	270,66565	-0,01661
232,2	-0,0586	271,2663	-0,00433	271,2663	-0,01502	271,2663	-0,01671
232,4	-0,05841	271,86691	-0,00428	271,86691	-0,01504	271,86691	-0,0167
232,6	-0,0582	272,46753	-0,00436	272,46753	-0,01518	272,46753	-0,01675
232,8	-0,05807	273,06808	-0,00439	273,06808	-0,01516	273,06808	-0,01679
233	-0,05792	273,66864	-0,00437	273,66864	-0,01533	273,66864	-0,01681
233,2	-0,05774	274,26917	-0,00441	274,26917	-0,01528	274,26917	-0,0168
233,4	-0,05759	274,86966	-0,00451	274,86966	-0,01529	274,86966	-0,01681
233,6	-0,05745	275,47012	-0,00474	275,47012	-0,01524	275,47012	-0,01687
233,8	-0,0573	276,07056	-0,00497	276,07056	-0,01539	276,07056	-0,0169
234	-0,0572	276,67096	-0,00501	276,67096	-0,01538	276,67096	-0,01698
234,2	-0,05701	277,27136	-0,00492	277,27136	-0,01552	277,27136	-0,01698
234,4	-0,05684	277,8717	-0,00501	277,8717	-0,01547	277,8717	-0,01684
234,6	-0,05666	278,47205	-0,00482	278,47205	-0,01553	278,47205	-0,01688
234,8	-0,05646	279,07236	-0,0048	279,07236	-0,01559	279,07236	-0,01684
235	-0,05632	279,67264	-0,00478	279,67264	-0,01567	279,67264	-0,01689
235,2	-0,05613	280,27289	-0,00491	280,27289	-0,01568	280,27289	-0,01694
235,4	-0,05598	280,87311	-0,00505	280,87311	-0,01576	280,87311	-0,017
235,6	-0,05583	281,4733	-0,00508	281,4733	-0,01585	281,4733	-0,0169
235,8	-0,05571	282,07346	-0,0051	282,07346	-0,0159	282,07346	-0,017
236	-0,05558	282,67361	-0,00515	282,67361	-0,01592	282,67361	-0,01697
236,2	-0,05542	283,27371	-0,00522	283,27371	-0,01606	283,27371	-0,01701
236,4	-0,05527	283,87381	-0,00525	283,87381	-0,01612	283,87381	-0,01711
236,6	-0,05516	284,47388	-0,00541	284,47388	-0,01614	284,47388	-0,01725
236,8	-0,05507	285,07391	-0,00543	285,07391	-0,01625	285,07391	-0,01727
237	-0,0549	285,67392	-0,00553	285,67392	-0,0164	285,67392	-0,0173
237,2	-0,05476	286,2739	-0,00562	286,2739	-0,01652	286,2739	-0,01746
237,4	-0,05468	286,87384	-0,00572	286,87384	-0,01658	286,87384	-0,01757
237,6	-0,05455	287,47375	-0,00582	287,47375	-0,01672	287,47375	-0,01771
237,8	-0,0544	288,07367	-0,00592	288,07367	-0,01682	288,07367	-0,01781
238	-0,05429	288,67355	-0,0061	288,67355	-0,0169	288,67355	-0,01787
238,2	-0,05418	289,27338	-0,00634	289,27338	-0,01704	289,27338	-0,01797
238,4	-0,0541	289,8732	-0,00651	289,8732	-0,01714	289,8732	-0,01801
238,6	-0,05399	290,47299	-0,00691	290,47299	-0,01729	290,47299	-0,01815
238,8	-0,05389	291,07275	-0,00735	291,07275	-0,01731	291,07275	-0,01828
239	-0,05383	291,67249	-0,00772	291,67249	-0,01748	291,67249	-0,01832
239,2	-0,05376	292,27219	-0,00805	292,27219	-0,01757	292,27219	-0,01827
239,4	-0,05369	292,87186	-0,00836	292,87186	-0,01775	292,87186	-0,01842
239,6	-0,05357	293,47153	-0,00848	293,47153	-0,01784	293,47153	-0,01846
239,8	-0,05348	294,07114	-0,0089	294,07114	-0,01811	294,07114	-0,0186
240	-0,0534	294,67075	-0,00947	294,67075	-0,01825	294,67075	-0,01873
240,2	-0,05332	295,27032	-0,01001	295,27032	-0,0185	295,27032	-0,01883
240,4	-0,05326	295,86987	-0,01036	295,86987	-0,01872	295,86987	-0,01891
240,6	-0,05313	296,46936	-0,01077	296,46936	-0,01891	296,46936	-0,01895
240,8	-0,05302	297,06885	-0,01126	297,06885	-0,01914	297,06885	-0,01905
241	-0,05293	297,66833	-0,01179	297,66833	-0,01936	297,66833	-0,01919
241,2	-0,05285	298,26776	-0,01247	298,26776	-0,01959	298,26776	-0,01936
241,4	-0,05271	298,86716	-0,01295	298,86716	-0,0198	298,86716	-0,01954
241,6	-0,05258	299,46652	-0,01346	299,46652	-0,01999	299,46652	-0,01975
241,8	-0,05249	300,06589	-0,01389	300,06589	-0,02016	300,06589	-0,01994
242	-0,0524	300,66522	-0,01429	300,66522	-0,02036	300,66522	-0,02016
242,2	-0,05229	301,2645	-0,01475	301,2645	-0,02074	301,2645	-0,0203
242,4	-0,05217	301,86377	-0,01531	301,86377	-0,02103	301,86377	-0,02052
242,6	-0,05204	302,46301	-0,01596	302,46301	-0,02123	302,46301	-0,02076
242,8	-0,05191	303,06223	-0,01646	303,06223	-0,02143	303,06223	-0,02096
243	-0,05181	303,66141	-0,01712	303,66141	-0,0217	303,66141	-0,02117
243,2	-0,05168	304,26056	-0,01774	304,26056	-0,02194	304,26056	-0,0213
243,4	-0,05152	304,85968	-0,01843	304,85968	-0,02225	304,85968	-0,02148
243,6	-0,05135	305,4588	-0,01913	305,4588	-0,02252	305,4588	-0,02164
243,8	-0,0512	306,05786	-0,01987	306,05786	-0,02279	306,05786	-0,02183
244	-0,05104	306,65692	-0,02058	306,65692	-0,02307	306,65692	-0,022
244,2	-0,05089	307,25592	-0,02118	307,25592	-0,02335	307,25592	-0,02213
244,4	-0,05074	307,85492	-0,0217	307,85492	-0,02364	307,85492	-0,0223
244,6	-0,05061	308,45389	-0,02247	308,45389	-0,02394	308,45389	-0,02249
244,8	-0,05049	309,05283	-0,02337	309,05283	-0,02421	309,05283	-0,0226
245	-0,05034	309,65173	-0,02405	309,65173	-0,02462	309,65173	-0,02272
245,2	-0,05018	310,25061	-0,02491	310,25061	-0,02479	310,25061	-0,02289
245,4	-0,05	310,84946	-0,0257	310,84946	-0,02498	310,84946	-0,02309
245,6	-0,04987	311,44827	-0,02649	311,44827	-0,02529	311,44827	-0,02328
245,8	-0,04968	312,04709	-0,02742	312,04709	-0,02566	312,04709	-0,02342
246	-0,0495	312,64584	-0,02831	312,64584	-0,02589	312,64584	-0,02361
246,2	-0,04935	313,2446	-0,02915	313,2446	-0,02619	313,2446	-0,02379
246,4	-0,04918	313,84329	-0,02995	313,84329	-0,02639	313,84329	-0,02392
246,6	-0,04901	314,44199	-0,03071	314,44199	-0,02655	314,44199	-0,02417
246,8	-0,04888	315,04065	-0,03158	315,04065	-0,02681	315,04065	-0,02426
247	-0,04874	315,63925	-0,0324	315,63925	-0,02699	315,63925	-0,0244
247,2	-0,04857	316,23785	-0,0331	316,23785	-0,02714	316,23785	-0,0246
247,4	-0,04838	316,83643	-0,03389	316,83643	-0,0273	316,83643	-0,02482
247,6	-0,04818	317,43497	-0,03432	317,43497	-0,02734	317,43497	-0,02503
247,8	-0,04802	318,03351	-0,0349	318,03351	-0,02745	318,03351	-0,02516
248	-0,04785	318,63199	-0,03549	318,63199	-0,02756	318,63199	-0,02525
248,2	-0,04767	319,23044	-0,03576	319,23044	-0,0276	319,23044	-0,02536
248,4	-0,0475	319,82889	-0,03604	319,82889	-0,02751	319,82889	-0,02545
248,6	-0,0473	320,42728	-0,03631	320,42728	-0,02748	320,42728	-0,02548
248,8	-0,04707	321,02567	-0,03647	321,02567	-0,02748	321,02567	-0,02551
249	-0,04686	321,62399	-0,03636	321,62399	-0,02743	321,62399	-0,02543
249,2	-0,04669	322,22232	-0,03628	322,22232	-0,0274	322,22232	-0,02551
249,4	-0,04647	322,82062	-0,03596	322,82062	-0,0272	322,82062	-0,02558
249,6	-0,0463	323,41888	-0,03545	323,41888	-0,02705	323,41888	-0,0256
249,8	-0,04613	324,01712	-0,03497	324,01712	-0,02699	324,01712	-0,02551
250	-0,04598	324,61533	-0,03437	324,61533	-0,02677	324,61533	-0,02546
250,2	-0,04583	325,2135	-0,03372	325,2135	-0,02661	325,2135	-0,02544
250,4	-0,04567	325,81165	-0,03293	325,81165	-0,02639	325,81165	-0,02534
250,6	-0,04553	326,40976	-0,03209	326,40976	-0,02616	326,40976	-0,02527
250,8	-0,04537	327,00784	-0,03125	327,00784	-0,0259	327,00784	-0,02526
251	-0,04522	327,60593	-0,03015	327,60593	-0,02569	327,60593	-0,02522
251,2	-0,04507	328,20395	-0,02902	328,20395	-0,02529	328,20395	-0,02515
251,4	-0,04491	328,80197	-0,02785	328,80197	-0,02513	328,80197	-0,02508
251,6	-0,04477	329,39993	-0,02646	329,39993	-0,02487	329,39993	-0,02493
251,8	-0,04468	329,99789	-0,02533	329,99789	-0,02462	329,99789	-0,02492
252	-0,04453	330,59583	-0,02408	330,59583	-0,02437	330,59583	-0,02492
252,2	-0,04439	331,19373	-0,02275	331,19373	-0,02404	331,19373	-0,02482
252,4	-0,04426	331,79156	-0,02163	331,79156	-0,02375	331,79156	-0,02468
252,6	-0,04411	332,3894	-0,02047	332,3894	-0,02341	332,3894	-0,02453
252,8	-0,04396	332,98721	-0,01937	332,98721	-0,02307	332,98721	-0,02447
253	-0,04385	333,58499	-0,01825	333,58499	-0,02272	333,58499	-0,02437
253,2	-0,04376	334,18277	-0,01718	334,18277	-0,02248	334,18277	-0,0243
253,4	-0,0436	334,78049	-0,01612	334,78049	-0,0223	334,78049	-0,02414
253,6	-0,04351	335,37817	-0,01521	335,37817	-0,02198	335,37817	-0,02406
253,8	-0,04343	335,97583	-0,01424	335,97583	-0,02185	335,97583	-0,02407
254	-0,04329	336,57349	-0,01338	336,57349	-0,02165	336,57349	-0,02397
254,2	-0,04314	337,17108	-0,0126	337,17108	-0,02146	337,17108	-0,02386
254,4	-0,04302	337,76868	-0,01178	337,76868	-0,02123	337,76868	-0,02374
254,6	-0,0429	338,36621	-0,01106	338,36621	-0,02105	338,36621	-0,02362
254,8	-0,04276	338,96375	-0,0103	338,96375	-0,02086	338,96375	-0,02361
255	-0,04264	339,56125	-0,00962	339,56125	-0,02061	339,56125	-0,0235
255,2	-0,04253	340,15869	-0,0091	340,15869	-0,02052	340,15869	-0,02341
255,4	-0,04241	340,75613	-0,00854	340,75613	-0,02028	340,75613	-0,02337
255,6	-0,04232	341,35355	-0,00812	341,35355	-0,02014	341,35355	-0,02333
255,8	-0,04222	341,95093	-0,00774	341,95093	-0,01996	341,95093	-0,02337
256	-0,04208	342,54828	-0,00725	342,54828	-0,01971	342,54828	-0,02339
256,2	-0,04199	343,1456	-0,0069	343,1456	-0,0197	343,1456	-0,02332
256,4	-0,04188	343,74289	-0,00654	343,74289	-0,01951	343,74289	-0,02319
256,6	-0,04177	344,34015	-0,00613	344,34015	-0,01929	344,34015	-0,02315
256,8	-0,04166	344,93741	-0,00587	344,93741	-0,01903	344,93741	-0,02315
257	-0,04155	345,53461	-0,00553	345,53461	-0,01896	345,53461	-0,02311
257,2	-0,0414	346,13177	-0,00541	346,13177	-0,01876	346,13177	-0,02306
257,4	-0,04127	346,72894	-0,00519	346,72894	-0,0187	346,72894	-0,02308
257,6	-0,04117	347,32605	-0,00493	347,32605	-0,01858	347,32605	-0,02299
257,8	-0,04106	347,92316	-0,00471	347,92316	-0,01846	347,92316	-0,02296
258	-0,04097	348,5202	-0,00457	348,5202	-0,01822	348,5202	-0,02294
258,2	-0,04093	349,11725	-0,00428	349,11725	-0,018	349,11725	-0,02293
258,4	-0,0409	349,71423	-0,00402	349,71423	-0,01787	349,71423	-0,02283
258,6	-0,04083	350,31122	-0,00377	350,31122	-0,01766	350,31122	-0,02287
258,8	-0,04075	350,90817	-0,00368	350,90817	-0,01746	350,90817	-0,02277
259	-0,04069	351,5051	-0,00354	351,5051	-0,01739	351,5051	-0,02272
259,2	-0,04062	352,10199	-0,00349	352,10199	-0,01718	352,10199	-0,02265
259,4	-0,04054	352,69882	-0,00335	352,69882	-0,017	352,69882	-0,02263
259,6	-0,04046	353,29565	-0,00315	353,29565	-0,01666	353,29565	-0,02264
259,8	-0,04039	353,89246	-0,00289	353,89246	-0,0165	353,89246	-0,02261
260	-0,04033	354,48926	-0,0027	354,48926	-0,01628	354,48926	-0,02254
260,2	-0,04025	355,086	-0,00262	355,086	-0,01612	355,086	-0,02253
260,4	-0,04018	355,68271	-0,00247	355,68271	-0,01599	355,68271	-0,02248
260,6	-0,04013	356,27939	-0,00237	356,27939	-0,01584	356,27939	-0,02235
260,8	-0,04005	356,87604	-0,00226	356,87604	-0,01557	356,87604	-0,02218
261	-0,03998	357,47266	-0,00211	357,47266	-0,01536	357,47266	-0,02215
261,2	-0,03992	358,06927	-0,00205	358,06927	-0,01518	358,06927	-0,022
261,4	-0,03989	358,66583	-0,0018	358,66583	-0,01493	358,66583	-0,02198
261,6	-0,03985	359,26239	-0,00173	359,26239	-0,01474	359,26239	-0,02191
261,8	-0,03983	359,85889	-0,00156	359,85889	-0,01456	359,85889	-0,02173
262	-0,0398	360,45535	-0,00153	360,45535	-0,01432	360,45535	-0,0216
262,2	-0,0397	361,05182	-0,00137	361,05182	-0,01413	361,05182	-0,0215
262,4	-0,03962	361,64825	-0,00148	361,64825	-0,01372	361,64825	-0,02139
262,6	-0,03957	362,24463	-0,00137	362,24463	-0,0135	362,24463	-0,02123
262,8	-0,03946	362,841	-0,00143	362,841	-0,01334	362,841	-0,02102
263	-0,03942	363,43735	-0,00138	363,43735	-0,01313	363,43735	-0,02086
263,2	-0,03932	364,03363	-0,00138	364,03363	-0,01285	364,03363	-0,02068
263,4	-0,03928	364,62991	-0,00125	364,62991	-0,01261	364,62991	-0,02056
263,6	-0,0392	365,22617	-0,00117	365,22617	-0,01229	365,22617	-0,02038
263,8	-0,03913	365,82239	-0,00129	365,82239	-0,01189	365,82239	-0,02017
264	-0,03906	366,41858	-0,00129	366,41858	-0,01162	366,41858	-0,01996
264,2	-0,03901	367,01471	-0,00145	367,01471	-0,01131	367,01471	-0,01983
264,4	-0,03896	367,61084	-0,00153	367,61084	-0,01092	367,61084	-0,01959
264,6	-0,03888	368,20694	-0,00161	368,20694	-0,01072	368,20694	-0,01946
264,8	-0,0388	368,80301	-0,0017	368,80301	-0,01047	368,80301	-0,01907
265	-0,03875	369,39905	-0,00188	369,39905	-0,0102	369,39905	-0,0188
265,2	-0,03871	369,99506	-0,00192	369,99506	-0,00975	369,99506	-0,01851
265,4	-0,03866	370,59106	-0,00182	370,59106	-0,00948	370,59106	-0,01831
265,6	-0,0386	371,18701	-0,00199	371,18701	-0,0091	371,18701	-0,01803
265,8	-0,03856	371,78293	-0,00214	371,78293	-0,00891	371,78293	-0,01789
266	-0,03848	372,37881	-0,00239	372,37881	-0,00863	372,37881	-0,01754
266,2	-0,03841	372,97467	-0,00228	372,97467	-0,00836	372,97467	-0,01728
266,4	-0,03838	373,57053	-0,00247	373,57053	-0,00799	373,57053	-0,01699
266,6	-0,03836	374,16632	-0,00244	374,16632	-0,00757	374,16632	-0,01658
266,8	-0,03834	374,76208	-0,00273	374,76208	-0,00717	374,76208	-0,01625
267	-0,03834	375,35785	-0,00284	375,35785	-0,00688	375,35785	-0,01597
267,2	-0,03831	375,95355	-0,00309	375,95355	-0,00662	375,95355	-0,01573
267,4	-0,03831	376,54922	-0,0032	376,54922	-0,00642	376,54922	-0,01542
267,6	-0,03826	377,1449	-0,00333	377,1449	-0,0061	377,1449	-0,01507
267,8	-0,03823	377,74051	-0,00359	377,74051	-0,00583	377,74051	-0,0148
268	-0,03821	378,33612	-0,00375	378,33612	-0,00556	378,33612	-0,01446
268,2	-0,03822	378,93167	-0,0041	378,93167	-0,00528	378,93167	-0,01419
268,4	-0,0382	379,52722	-0,00437	379,52722	-0,00501	379,52722	-0,01376
268,6	-0,03819	380,12271	-0,00462	380,12271	-0,00487	380,12271	-0,01353
268,8	-0,03819	380,7182	-0,00483	380,7182	-0,00453	380,7182	-0,01319
269	-0,0382	381,31366	-0,00507	381,31366	-0,00442	381,31366	-0,01287
269,2	-0,03816	381,90906	-0,00533	381,90906	-0,00426	381,90906	-0,01247
269,4	-0,03817	382,50446	-0,00558	382,50446	-0,00401	382,50446	-0,01217
269,6	-0,03816	383,09979	-0,00592	383,09979	-0,00376	383,09979	-0,01179
269,8	-0,03816	383,69513	-0,00602	383,69513	-0,00364	383,69513	-0,0115
270	-0,03814	384,29044	-0,0064	384,29044	-0,00349	384,29044	-0,01119
270,2	-0,03818	384,88571	-0,0067	384,88571	-0,00343	384,88571	-0,01101
270,4	-0,03818	385,48093	-0,00701	385,48093	-0,00333	385,48093	-0,01075
270,6	-0,03819	386,07614	-0,00725	386,07614	-0,00344	386,07614	-0,01045
270,8	-0,03815	386,67133	-0,00768	386,67133	-0,0033	386,67133	-0,01026
271	-0,03808	387,26648	-0,00772	387,26648	-0,00325	387,26648	-0,01004
271,2	-0,03806	387,86157	-0,00805	387,86157	-0,00326	387,86157	-0,00981
271,4	-0,03804	388,45667	-0,00819	388,45667	-0,0034	388,45667	-0,00954
271,6	-0,03805	389,05173	-0,00867	389,05173	-0,00341	389,05173	-0,00932
271,8	-0,03803	389,64676	-0,00916	389,64676	-0,00346	389,64676	-0,00933
272	-0,03803	390,24176	-0,00938	390,24176	-0,00342	390,24176	-0,00925
272,2	-0,03804	390,83673	-0,0097	390,83673	-0,00355	390,83673	-0,00919
272,4	-0,03802	391,43167	-0,00987	391,43167	-0,00365	391,43167	-0,00918
272,6	-0,038	392,02658	-0,00997	392,02658	-0,00374	392,02658	-0,00908
272,8	-0,03799	392,62143	-0,01014	392,62143	-0,00398	392,62143	-0,00894
273	-0,03801	393,21628	-0,01043	393,21628	-0,00421	393,21628	-0,00898
273,2	-0,03798	393,8111	-0,01083	393,8111	-0,00451	393,8111	-0,00897
273,4	-0,03796	394,40588	-0,01111	394,40588	-0,00471	394,40588	-0,00902
273,6	-0,03792	395,00064	-0,01143	395,00064	-0,00487	395,00064	-0,00904
273,8	-0,03789	395,59537	-0,01187	395,59537	-0,00525	395,59537	-0,00908
274	-0,03784	396,19006	-0,01225	396,19006	-0,00545	396,19006	-0,00909
274,2	-0,0378	396,78473	-0,01243	396,78473	-0,0057	396,78473	-0,00921
274,4	-0,03775	397,37936	-0,01271	397,37936	-0,00606	397,37936	-0,0094
274,6	-0,03772	397,97397	-0,01311	397,97397	-0,00655	397,97397	-0,00969
274,8	-0,03765	398,56854	-0,01368	398,56854	-0,00697	398,56854	-0,00976
275	-0,03762	399,16309	-0,01394	399,16309	-0,00761	399,16309	-0,00995
275,2	-0,03762	399,7576	-0,01437	399,7576	-0,00787	399,7576	-0,01016
275,4	-0,03762	400,35208	-0,01473	400,35208	-0,00829	400,35208	-0,01046
275,6	-0,03758	400,94653	-0,01525	400,94653	-0,00884	400,94653	-0,01057
275,8	-0,03757	401,54095	-0,01555	401,54095	-0,00934	401,54095	-0,01084
276	-0,03754	402,13535	-0,0159	402,13535	-0,00977	402,13535	-0,01121
276,2	-0,0375	402,72971	-0,0162	402,72971	-0,01038	402,72971	-0,01158
276,4	-0,03745	403,32404	-0,01649	403,32404	-0,01084	403,32404	-0,01181
276,6	-0,0374	403,91837	-0,017	403,91837	-0,01144	403,91837	-0,01221
276,8	-0,03736	404,51263	-0,01736	404,51263	-0,01182	404,51263	-0,01265
277	-0,03732	405,10687	-0,0178	405,10687	-0,01233	405,10687	-0,01313
277,2	-0,03726	405,70108	-0,01815	405,70108	-0,01303	405,70108	-0,01356
277,4	-0,03727	406,29526	-0,0185	406,29526	-0,01359	406,29526	-0,01402
277,6	-0,03728	406,8894	-0,01882	406,8894	-0,01416	406,8894	-0,01451
277,8	-0,0373	407,48352	-0,01908	407,48352	-0,01478	407,48352	-0,01502
278	-0,03729	408,07761	-0,01942	408,07761	-0,01546	408,07761	-0,0156
278,2	-0,03728	408,67166	-0,01994	408,67166	-0,01619	408,67166	-0,01619
278,4	-0,03733	409,26569	-0,02035	409,26569	-0,01682	409,26569	-0,01682
278,6	-0,03735	409,85968	-0,02073	409,85968	-0,01748	409,85968	-0,0174
278,8	-0,03733	410,45364	-0,02102	410,45364	-0,01815	410,45364	-0,01799
279	-0,03737	411,04758	-0,02125	411,04758	-0,01867	411,04758	-0,01847
279,2	-0,03739	411,64148	-0,02152	411,64148	-0,01938	411,64148	-0,01894
279,4	-0,03738	412,23535	-0,02194	412,23535	-0,01997	412,23535	-0,01954
279,6	-0,03736	412,82919	-0,02223	412,82919	-0,0205	412,82919	-0,02023
279,8	-0,03735	413,423	-0,02247	413,423	-0,02121	413,423	-0,02091
280	-0,03732	414,01678	-0,02258	414,01678	-0,02182	414,01678	-0,02165
280,2	-0,03734	414,61053	-0,0227	414,61053	-0,02272	414,61053	-0,02246
280,4	-0,03732	415,20425	-0,02304	415,20425	-0,02347	415,20425	-0,02322
280,6	-0,03731	415,79794	-0,02324	415,79794	-0,02422	415,79794	-0,02409
280,8	-0,03732	416,3916	-0,02346	416,3916	-0,02489	416,3916	-0,02486
281	-0,03731	416,98523	-0,0239	416,98523	-0,02556	416,98523	-0,02574
281,2	-0,03731	417,57883	-0,02429	417,57883	-0,02612	417,57883	-0,02636
281,4	-0,03734	418,17239	-0,02444	418,17239	-0,02696	418,17239	-0,02701
281,6	-0,03736	418,76593	-0,02464	418,76593	-0,0276	418,76593	-0,02776
281,8	-0,03736	419,35941	-0,02482	419,35941	-0,02817	419,35941	-0,0286
282	-0,03736	419,95288	-0,02523	419,95288	-0,02894	419,95288	-0,02931
282,2	-0,03738	420,54633	-0,02539	420,54633	-0,02977	420,54633	-0,03006
282,4	-0,0374	421,13974	-0,02551	421,13974	-0,03033	421,13974	-0,03088
282,6	-0,03739	421,73312	-0,02538	421,73312	-0,03099	421,73312	-0,03187
282,8	-0,03737	422,32648	-0,02539	422,32648	-0,03179	422,32648	-0,03286
283	-0,03736	422,9198	-0,02554	422,9198	-0,03269	422,9198	-0,03376
283,2	-0,0373	423,51306	-0,02564	423,51306	-0,03351	423,51306	-0,03456
283,4	-0,03729	424,10632	-0,0258	424,10632	-0,03416	424,10632	-0,03537
283,6	-0,03726	424,69955	-0,02585	424,69955	-0,03478	424,69955	-0,03618
283,8	-0,03725	425,29276	-0,026	425,29276	-0,03529	425,29276	-0,03699
284	-0,03726	425,88589	-0,02621	425,88589	-0,03603	425,88589	-0,03771
284,2	-0,03724	426,47903	-0,0266	426,47903	-0,03675	426,47903	-0,03848
284,4	-0,03723	427,07214	-0,02681	427,07214	-0,03732	427,07214	-0,03925
284,6	-0,03725	427,66519	-0,02682	427,66519	-0,03799	427,66519	-0,04007
284,8	-0,03727	428,25824	-0,02678	428,25824	-0,03851	428,25824	-0,04081
285	-0,03727	428,85126	-0,02678	428,85126	-0,03917	428,85126	-0,04158
285,2	-0,0373	429,44421	-0,02687	429,44421	-0,03985	429,44421	-0,04226
285,4	-0,03729	430,03717	-0,02679	430,03717	-0,04042	430,03717	-0,04306
285,6	-0,03723	430,63007	-0,02688	430,63007	-0,04094	430,63007	-0,04386
285,8	-0,03719	431,22296	-0,02673	431,22296	-0,0416	431,22296	-0,04462
286	-0,0372	431,8158	-0,02664	431,8158	-0,04216	431,8158	-0,04532
286,2	-0,03716	432,40863	-0,02656	432,40863	-0,04263	432,40863	-0,04623
286,4	-0,03719	433,0014	-0,0265	433,0014	-0,04287	433,0014	-0,04705
286,6	-0,03717	433,59418	-0,02633	433,59418	-0,04336	433,59418	-0,04791
286,8	-0,03713	434,18689	-0,02655	434,18689	-0,04399	434,18689	-0,04867
287	-0,03712	434,77957	-0,02656	434,77957	-0,04449	434,77957	-0,04948
287,2	-0,03715	435,37225	-0,02652	435,37225	-0,04489	435,37225	-0,05026
287,4	-0,03715	435,96487	-0,02622	435,96487	-0,04539	435,96487	-0,05097
287,6	-0,03714	436,55746	-0,02616	436,55746	-0,04584	436,55746	-0,05169
287,8	-0,0372	437,15005	-0,02631	437,15005	-0,04648	437,15005	-0,05234
288	-0,03721	437,74258	-0,02624	437,74258	-0,0471	437,74258	-0,05301
288,2	-0,03718	438,33508	-0,02599	438,33508	-0,04744	438,33508	-0,05387
288,4	-0,03723	438,92755	-0,0258	438,92755	-0,04787	438,92755	-0,05474
288,6	-0,03725	439,51999	-0,02569	439,51999	-0,04855	439,51999	-0,05541
288,8	-0,03726	440,1124	-0,02559	440,1124	-0,0491	440,1124	-0,05609
289	-0,03726	440,70477	-0,02591	440,70477	-0,04947	440,70477	-0,05694
289,2	-0,03726	441,29712	-0,02579	441,29712	-0,04974	441,29712	-0,05785
289,4	-0,03722	441,88943	-0,02565	441,88943	-0,05013	441,88943	-0,05853
289,6	-0,03725	442,48172	-0,02557	442,48172	-0,05049	442,48172	-0,05918
289,8	-0,03723	443,07397	-0,02547	443,07397	-0,05096	443,07397	-0,05977
290	-0,03724	443,6662	-0,02545	443,6662	-0,05157	443,6662	-0,06044
290,2	-0,03725	444,25839	-0,02545	444,25839	-0,05185	444,25839	-0,06128
290,4	-0,03729	444,85056	-0,0254	444,85056	-0,0522	444,85056	-0,06213
290,6	-0,03723	445,44269	-0,02539	445,44269	-0,05267	445,44269	-0,06287
290,8	-0,03722	446,03476	-0,02538	446,03476	-0,0529	446,03476	-0,06347
291	-0,03723	446,62683	-0,02525	446,62683	-0,05331	446,62683	-0,06435
291,2	-0,03722	447,21887	-0,0252	447,21887	-0,05367	447,21887	-0,06499
291,4	-0,03717	447,81085	-0,02521	447,81085	-0,05408	447,81085	-0,0657
291,6	-0,0372	448,40283	-0,02535	448,40283	-0,05436	448,40283	-0,06639
291,8	-0,03725	448,99478	-0,02538	448,99478	-0,05476	448,99478	-0,06707
292	-0,0372	449,58667	-0,02508	449,58667	-0,05511	449,58667	-0,06776
292,2	-0,03721	450,17856	-0,02492	450,17856	-0,0554	450,17856	-0,0685
292,4	-0,03726	450,77039	-0,02495	450,77039	-0,05577	450,77039	-0,06907
292,6	-0,03721	451,36218	-0,02481	451,36218	-0,05628	451,36218	-0,06976
292,8	-0,03719	451,95398	-0,02464	451,95398	-0,0566	451,95398	-0,07036
293	-0,03725	452,54572	-0,02468	452,54572	-0,05669	452,54572	-0,07117
293,2	-0,03728	453,13742	-0,02436	453,13742	-0,05682	453,13742	-0,07175
293,4	-0,03727	453,72913	-0,02437	453,72913	-0,05718	453,72913	-0,07204
293,6	-0,03732	454,32077	-0,0241	454,32077	-0,05742	454,32077	-0,07237
293,8	-0,03731	454,91238	-0,02394	454,91238	-0,05735	454,91238	-0,07282
294	-0,03739	455,50397	-0,0238	455,50397	-0,05738	455,50397	-0,0732
294,2	-0,03742	456,09552	-0,02369	456,09552	-0,05746	456,09552	-0,07349
294,4	-0,03743	456,68704	-0,02359	456,68704	-0,05766	456,68704	-0,07396
294,6	-0,03745	457,27853	-0,02343	457,27853	-0,05768	457,27853	-0,07438
294,8	-0,03752	457,87	-0,02303	457,87	-0,0577	457,87	-0,07479
295	-0,0376	458,46143	-0,02268	458,46143	-0,05781	458,46143	-0,07503
295,2	-0,03766	459,0528	-0,02255	459,0528	-0,05789	459,0528	-0,07518
295,4	-0,03771	459,64417	-0,02237	459,64417	-0,05795	459,64417	-0,07546
295,6	-0,03778	460,2355	-0,02203	460,2355	-0,05786	460,2355	-0,07584
295,8	-0,03784	460,82678	-0,02186	460,82678	-0,05794	460,82678	-0,07618
296	-0,03787	461,41806	-0,02178	461,41806	-0,05797	461,41806	-0,07636
296,2	-0,03792	462,00928	-0,02161	462,00928	-0,05798	462,00928	-0,0764
296,4	-0,03793	462,60049	-0,02128	462,60049	-0,05803	462,60049	-0,07647
296,6	-0,03796	463,19165	-0,02091	463,19165	-0,05785	463,19165	-0,0765
296,8	-0,03799	463,78281	-0,02084	463,78281	-0,05763	463,78281	-0,07652
297	-0,03803	464,3739	-0,02075	464,3739	-0,05751	464,3739	-0,07666
297,2	-0,03801	464,96497	-0,02036	464,96497	-0,05739	464,96497	-0,07675
297,4	-0,03804	465,55603	-0,02016	465,55603	-0,0573	465,55603	-0,07678
297,6	-0,03809	466,14703	-0,01977	466,14703	-0,05719	466,14703	-0,07674
297,8	-0,03811	466,73801	-0,01956	466,73801	-0,0571	466,73801	-0,07688
298	-0,03816	467,32895	-0,01927	467,32895	-0,05692	467,32895	-0,07671
298,2	-0,03824	467,91986	-0,01896	467,91986	-0,05687	467,91986	-0,07675
298,4	-0,03832	468,51074	-0,01878	468,51074	-0,0567	468,51074	-0,07662
298,6	-0,03838	469,10159	-0,01858	469,10159	-0,05653	469,10159	-0,07652
298,8	-0,0384	469,69238	-0,01827	469,69238	-0,0562	469,69238	-0,07655
299	-0,03842	470,28317	-0,01803	470,28317	-0,05598	470,28317	-0,0764
299,2	-0,03843	470,87393	-0,01796	470,87393	-0,05581	470,87393	-0,07626
299,4	-0,03847	471,46463	-0,01768	471,46463	-0,05563	471,46463	-0,07622
299,6	-0,03852	472,05533	-0,01753	472,05533	-0,05531	472,05533	-0,07608
299,8	-0,03861	472,64597	-0,0173	472,64597	-0,05508	472,64597	-0,07603
300	-0,03868	473,2366	-0,01704	473,2366	-0,0551	473,2366	-0,07592
300,2	-0,03871	473,82718	-0,01667	473,82718	-0,05497	473,82718	-0,07579
300,4	-0,03876	474,41776	-0,01631	474,41776	-0,05488	474,41776	-0,07576
300,6	-0,03881	475,00827	-0,01624	475,00827	-0,05472	475,00827	-0,07527
300,8	-0,03884	475,59875	-0,01608	475,59875	-0,05455	475,59875	-0,07555
301	-0,03889	476,18921	-0,01568	476,18921	-0,05433	476,18921	-0,07514
301,2	-0,03896	476,77963	-0,01538	476,77963	-0,05401	476,77963	-0,07523
301,4	-0,03902	477,37003	-0,01541	477,37003	-0,05372	477,37003	-0,07474
301,6	-0,03905	477,96039	-0,01523	477,96039	-0,05342	477,96039	-0,07482
301,8	-0,0391	478,55072	-0,01504	478,55072	-0,05312	478,55072	-0,07483
302	-0,03917	479,14102	-0,01489	479,14102	-0,05316	479,14102	-0,07491
302,2	-0,03924	479,73126	-0,01478	479,73126	-0,05301	479,73126	-0,07492
302,4	-0,03924	480,3215	-0,01432	480,3215	-0,05292	480,3215	-0,0747
302,6	-0,03925	480,91168	-0,01418	480,91168	-0,05276	480,91168	-0,07448
302,8	-0,03929	481,50186	-0,01386	481,50186	-0,05261	481,50186	-0,07441
303	-0,03938	482,09198	-0,01425	482,09198	-0,0526	482,09198	-0,07437
303,2	-0,03947	482,6821	-0,01374	482,6821	-0,05261	482,6821	-0,0743
303,4	-0,03955	483,27216	-0,01385	483,27216	-0,05255	483,27216	-0,0743
303,6	-0,03973	483,86218	-0,01372	483,86218	-0,05243	483,86218	-0,07433
303,8	-0,03986	484,45218	-0,01352	484,45218	-0,05221	484,45218	-0,07435
304	-0,0399	485,04214	-0,01349	485,04214	-0,05208	485,04214	-0,07421
304,2	-0,03995	485,63208	-0,01342	485,63208	-0,05199	485,63208	-0,07412
304,4	-0,03998	486,22198	-0,01336	486,22198	-0,05179	486,22198	-0,07412
304,6	-0,04004	486,81186	-0,01335	486,81186	-0,05174	486,81186	-0,07408
304,8	-0,04015	487,4017	-0,01325	487,4017	-0,05166	487,4017	-0,07392
305	-0,04026	487,99152	-0,01307	487,99152	-0,05151	487,99152	-0,07403
305,2	-0,04039	488,58127	-0,01298	488,58127	-0,05146	488,58127	-0,07392
305,4	-0,04044	489,17102	-0,0129	489,17102	-0,05148	489,17102	-0,07394
305,6	-0,04051	489,76071	-0,01271	489,76071	-0,05137	489,76071	-0,07392
305,8	-0,0406	490,3504	-0,01272	490,3504	-0,05124	490,3504	-0,0738
306	-0,04067	490,94003	-0,01255	490,94003	-0,05113	490,94003	-0,07379
306,2	-0,04076	491,52963	-0,01238	491,52963	-0,05096	491,52963	-0,07364
306,4	-0,04084	492,1192	-0,01244	492,1192	-0,05086	492,1192	-0,07349
306,6	-0,04092	492,70874	-0,01238	492,70874	-0,05059	492,70874	-0,07344
306,8	-0,04098	493,29825	-0,01225	493,29825	-0,05043	493,29825	-0,0733
307	-0,04106	493,88773	-0,0121	493,88773	-0,05037	493,88773	-0,07308
307,2	-0,04106	494,47717	-0,01214	494,47717	-0,05018	494,47717	-0,0729
307,4	-0,04109	495,06659	-0,01202	495,06659	-0,0499	495,06659	-0,07285
307,6	-0,04118	495,65594	-0,01176	495,65594	-0,04999	495,65594	-0,07266
307,8	-0,04114	496,2453	-0,01154	496,2453	-0,04987	496,2453	-0,07256
308	-0,04112	496,83459	-0,01157	496,83459	-0,04995	496,83459	-0,07264
308,2	-0,04115	497,42389	-0,01146	497,42389	-0,04948	497,42389	-0,07243
308,4	-0,04118	498,01312	-0,01124	498,01312	-0,04919	498,01312	-0,07215
308,6	-0,0413	498,60233	-0,01101	498,60233	-0,04883	498,60233	-0,07173
308,8	-0,04138	499,1915	-0,01099	499,1915	-0,0486	499,1915	-0,07136
309	-0,04151	499,78064	-0,01077	499,78064	-0,04839	499,78064	-0,07102
309,2	-0,04159	500,36975	-0,01067	500,36975	-0,04812	500,36975	-0,07071
309,4	-0,0417	500,95883	-0,01063	500,95883	-0,04781	500,95883	-0,07037
309,6	-0,04186	501,54788	-0,01048	501,54788	-0,04755	501,54788	-0,07003
309,8	-0,04196	502,1369	-0,0102	502,1369	-0,04721	502,1369	-0,0696
310	-0,04204	502,72586	-0,00986	502,72586	-0,04692	502,72586	-0,06913
310,2	-0,04211	503,31482	-0,00977	503,31482	-0,04667	503,31482	-0,06873
310,4	-0,04211	503,90372	-0,00971	503,90372	-0,04634	503,90372	-0,0683
310,6	-0,04216	504,49258	-0,00941	504,49258	-0,04597	504,49258	-0,06779
310,8	-0,04226	505,08145	-0,00917	505,08145	-0,04559	505,08145	-0,06728
311	-0,04236	505,67026	-0,00909	505,67026	-0,04522	505,67026	-0,06672
311,2	-0,04245	506,25903	-0,00894	506,25903	-0,04495	506,25903	-0,06605
311,4	-0,04256	506,84778	-0,00873	506,84778	-0,04451	506,84778	-0,06538
311,6	-0,04266	507,43649	-0,00851	507,43649	-0,04391	507,43649	-0,06492
311,8	-0,04278	508,02515	-0,00834	508,02515	-0,04354	508,02515	-0,06432
312	-0,04288	508,6138	-0,00826	508,6138	-0,04328	508,6138	-0,06358
312,2	-0,04301	509,20242	-0,00795	509,20242	-0,04294	509,20242	-0,06299
312,4	-0,04316	509,79099	-0,00772	509,79099	-0,04261	509,79099	-0,0623
312,6	-0,04328	510,37952	-0,00749	510,37952	-0,04228	510,37952	-0,06167
312,8	-0,04339	510,96805	-0,00739	510,96805	-0,04191	510,96805	-0,06109
313	-0,04346	511,55652	-0,00721	511,55652	-0,04154	511,55652	-0,06044
313,2	-0,04353	512,14496	-0,00713	512,14496	-0,04113	512,14496	-0,0598
313,4	-0,04364	512,73334	-0,00706	512,73334	-0,04079	512,73334	-0,05923
313,6	-0,04374	513,32172	-0,00701	513,32172	-0,04037	513,32172	-0,05864
313,8	-0,04381	513,9101	-0,00672	513,9101	-0,04002	513,9101	-0,05797
314	-0,04385	514,49841	-0,00664	514,49841	-0,03966	514,49841	-0,0574
314,2	-0,04391	515,08667	-0,00659	515,08667	-0,03933	515,08667	-0,05687
314,4	-0,04401	515,67493	-0,00655	515,67493	-0,03902	515,67493	-0,05632
314,6	-0,04414	516,26312	-0,00645	516,26312	-0,0388	516,26312	-0,05586
314,8	-0,0442	516,85126	-0,00651	516,85126	-0,03859	516,85126	-0,05548
315	-0,04423	517,43939	-0,00669	517,43939	-0,03841	517,43939	-0,05515
315,2	-0,04428	518,02753	-0,00665	518,02753	-0,03833	518,02753	-0,05488
315,4	-0,04432	518,6156	-0,00665	518,6156	-0,03819	518,6156	-0,0546
315,6	-0,04442	519,20361	-0,00683	519,20361	-0,0382	519,20361	-0,05449
315,8	-0,04452	519,79163	-0,00695	519,79163	-0,03819	519,79163	-0,05427
316	-0,04456	520,37964	-0,00707	520,37964	-0,03829	520,37964	-0,05416
316,2	-0,04462	520,96753	-0,00718	520,96753	-0,03829	520,96753	-0,05415
316,4	-0,0447	521,55548	-0,0073	521,55548	-0,03838	521,55548	-0,05421
316,6	-0,04475	522,14331	-0,00757	522,14331	-0,03856	522,14331	-0,05425
316,8	-0,04481	522,73114	-0,00794	522,73114	-0,03868	522,73114	-0,05444
317	-0,04483	523,31897	-0,00831	523,31897	-0,03888	523,31897	-0,05469
317,2	-0,04485	523,90674	-0,00846	523,90674	-0,03912	523,90674	-0,0549
317,4	-0,04481	524,49445	-0,00877	524,49445	-0,03953	524,49445	-0,05534
317,6	-0,04476	525,08215	-0,00905	525,08215	-0,03982	525,08215	-0,05581
317,8	-0,0447	525,6698	-0,00921	525,6698	-0,04025	525,6698	-0,05627
318	-0,04463	526,25745	-0,00959	526,25745	-0,04071	526,25745	-0,05687
318,2	-0,04463	526,84503	-0,00997	526,84503	-0,04107	526,84503	-0,05762
318,4	-0,04466	527,43262	-0,01031	527,43262	-0,04154	527,43262	-0,05833
318,6	-0,04462	528,02014	-0,01046	528,02014	-0,04204	528,02014	-0,05893
318,8	-0,04461	528,60767	-0,01075	528,60767	-0,04243	528,60767	-0,05966
319	-0,04467	529,19513	-0,01101	529,19513	-0,04296	529,19513	-0,06054
319,2	-0,04475	529,78253	-0,01122	529,78253	-0,04348	529,78253	-0,06141
319,4	-0,04484	530,36993	-0,01164	530,36993	-0,04409	530,36993	-0,06235
319,6	-0,04485	530,95728	-0,01196	530,95728	-0,04465	530,95728	-0,06329
319,8	-0,04487	531,54462	-0,01219	531,54462	-0,04528	531,54462	-0,06417
320	-0,04488	532,1319	-0,01244	532,1319	-0,04592	532,1319	-0,06515
320,2	-0,04486	532,71918	-0,0127	532,71918	-0,04646	532,71918	-0,06628
320,4	-0,04478	533,3064	-0,01309	533,3064	-0,04702	533,3064	-0,06725
320,6	-0,0447	533,89355	-0,01337	533,89355	-0,04764	533,89355	-0,06817
320,8	-0,04465	534,48071	-0,01359	534,48071	-0,0481	534,48071	-0,06924
321	-0,04459	535,06787	-0,01383	535,06787	-0,04861	535,06787	-0,07028
321,2	-0,04456	535,65497	-0,01375	535,65497	-0,04911	535,65497	-0,07128
321,4	-0,0446	536,242	-0,0139	536,242	-0,04951	536,242	-0,07227
321,6	-0,0446	536,82904	-0,01404	536,82904	-0,04996	536,82904	-0,07342
321,8	-0,0446	537,41602	-0,01398	537,41602	-0,05027	537,41602	-0,07426
322	-0,04453	538,00293	-0,01406	538,00293	-0,05069	538,00293	-0,07512
322,2	-0,04455	538,58984	-0,01416	538,58984	-0,05092	538,58984	-0,07596
322,4	-0,04455	539,17676	-0,01417	539,17676	-0,05134	539,17676	-0,07684
322,6	-0,04453	539,76361	-0,01421	539,76361	-0,05162	539,76361	-0,07774
322,8	-0,04453	540,3504	-0,0144	540,3504	-0,05196	540,3504	-0,07869
323	-0,0445	540,93719	-0,01454	540,93719	-0,05244	540,93719	-0,07937
323,2	-0,04443	541,52393	-0,01445	541,52393	-0,05281	541,52393	-0,08005
323,4	-0,04431	542,11066	-0,01439	542,11066	-0,05301	542,11066	-0,08077
323,6	-0,04413	542,69733	-0,01423	542,69733	-0,05317	542,69733	-0,08134
323,8	-0,04408	543,28394	-0,01421	543,28394	-0,05345	543,28394	-0,08184
324	-0,04391	543,87054	-0,01426	543,87054	-0,05356	543,87054	-0,08238
324,2	-0,04371	544,45715	-0,01432	544,45715	-0,05363	544,45715	-0,08286
324,4	-0,04354	545,04364	-0,01426	545,04364	-0,05374	545,04364	-0,08324
324,6	-0,0434	545,63019	-0,01407	545,63019	-0,05375	545,63019	-0,08349
324,8	-0,04328	546,21661	-0,01406	546,21661	-0,05378	546,21661	-0,08384
325	-0,04315	546,80304	-0,01389	546,80304	-0,05382	546,80304	-0,08411
325,2	-0,04297	547,38947	-0,01362	547,38947	-0,05382	547,38947	-0,08428
325,4	-0,04287	547,97583	-0,01366	547,97583	-0,05383	547,97583	-0,08443
325,6	-0,04272	548,56213	-0,01358	548,56213	-0,05373	548,56213	-0,08468
325,8	-0,04254	549,14844	-0,01349	549,14844	-0,05365	549,14844	-0,08485
326	-0,04238	549,73474	-0,01352	549,73474	-0,05364	549,73474	-0,08488
326,2	-0,04223	550,32092	-0,01341	550,32092	-0,05355	550,32092	-0,08496
326,4	-0,04202	550,9071	-0,01334	550,9071	-0,05355	550,9071	-0,0851
326,6	-0,04181	551,49329	-0,01333	551,49329	-0,05352	551,49329	-0,08519
326,8	-0,04163	552,07941	-0,01315	552,07941	-0,05343	552,07941	-0,08529
327	-0,04144	552,66553	-0,0131	552,66553	-0,05349	552,66553	-0,08547
327,2	-0,04123	553,25153	-0,0129	553,25153	-0,05343	553,25153	-0,08553
327,4	-0,04102	553,83759	-0,01292	553,83759	-0,05348	553,83759	-0,08571
327,6	-0,04081	554,42358	-0,0129	554,42358	-0,05352	554,42358	-0,08591
327,8	-0,04064	555,00952	-0,013	555,00952	-0,05362	555,00952	-0,08611
328	-0,04039	555,5954	-0,01302	555,5954	-0,05372	555,5954	-0,08625
328,2	-0,04025	556,18127	-0,01302	556,18127	-0,0537	556,18127	-0,08655
328,4	-0,0401	556,76715	-0,01307	556,76715	-0,05378	556,76715	-0,08672
328,6	-0,03991	557,35297	-0,01314	557,35297	-0,05389	557,35297	-0,08668
328,8	-0,03977	557,93872	-0,01323	557,93872	-0,05389	557,93872	-0,08679
329	-0,03959	558,52448	-0,01328	558,52448	-0,05379	558,52448	-0,08697
329,2	-0,03939	559,11017	-0,01343	559,11017	-0,05364	559,11017	-0,08717
329,4	-0,0392	559,69586	-0,01359	559,69586	-0,05354	559,69586	-0,08734
329,6	-0,03893	560,28149	-0,01363	560,28149	-0,0536	560,28149	-0,08737
329,8	-0,03865	560,86707	-0,01381	560,86707	-0,05361	560,86707	-0,08744
330	-0,03844	561,45264	-0,01376	561,45264	-0,05347	561,45264	-0,08765
330,2	-0,03824	562,03815	-0,01368	562,03815	-0,05355	562,03815	-0,08789
330,4	-0,03807	562,62366	-0,01379	562,62366	-0,05364	562,62366	-0,08811
330,6	-0,03798	563,20911	-0,01395	563,20911	-0,05369	563,20911	-0,0886
330,8	-0,03782	563,79456	-0,01403	563,79456	-0,05374	563,79456	-0,08884
331	-0,03757	564,37994	-0,01416	564,37994	-0,05396	564,37994	-0,08897
331,2	-0,03738	564,96527	-0,01423	564,96527	-0,05407	564,96527	-0,08928
331,4	-0,03714	565,5506	-0,01447	565,5506	-0,05408	565,5506	-0,08941
331,6	-0,03695	566,13586	-0,01454	566,13586	-0,05423	566,13586	-0,0899
331,8	-0,0368	566,72113	-0,01474	566,72113	-0,05435	566,72113	-0,09031
332	-0,03669	567,30634	-0,01499	567,30634	-0,05466	567,30634	-0,09053
332,2	-0,03659	567,89154	-0,015	567,89154	-0,05481	567,89154	-0,09086
332,4	-0,0365	568,47668	-0,01489	568,47668	-0,05483	568,47668	-0,09111
332,6	-0,03644	569,06177	-0,01484	569,06177	-0,0549	569,06177	-0,09145
332,8	-0,03631	569,64685	-0,01483	569,64685	-0,0549	569,64685	-0,09204
333	-0,0362	570,23187	-0,01508	570,23187	-0,055	570,23187	-0,09232
333,2	-0,03608	570,81689	-0,01521	570,81689	-0,05532	570,81689	-0,09245
333,4	-0,03594	571,40186	-0,01526	571,40186	-0,05544	571,40186	-0,09283
333,6	-0,03583	571,98682	-0,0153	571,98682	-0,0553	571,98682	-0,09278
333,8	-0,03572	572,57172	-0,0152	572,57172	-0,05548	572,57172	-0,09284
334	-0,0356	573,15656	-0,01526	573,15656	-0,0552	573,15656	-0,0933
334,2	-0,03547	573,74139	-0,01575	573,74139	-0,05504	573,74139	-0,0937
334,4	-0,03537	574,32617	-0,01594	574,32617	-0,05534	574,32617	-0,09393
334,6	-0,03522	574,91095	-0,01582	574,91095	-0,05563	574,91095	-0,0939
334,8	-0,03508	575,49567	-0,01602	575,49567	-0,0556	575,49567	-0,09382
335	-0,03502	576,08032	-0,01567	576,08032	-0,0555	576,08032	-0,09388
335,2	-0,03498	576,66498	-0,01558	576,66498	-0,05535	576,66498	-0,09403
335,4	-0,03495	577,24963	-0,01609	577,24963	-0,05538	577,24963	-0,0942
335,6	-0,03489	577,83417	-0,01629	577,83417	-0,05558	577,83417	-0,09422
335,8	-0,03477	578,41876	-0,0164	578,41876	-0,05568	578,41876	-0,09428
336	-0,03467	579,00323	-0,01603	579,00323	-0,05554	579,00323	-0,09439
336,2	-0,03455	579,58771	-0,01552	579,58771	-0,05554	579,58771	-0,09458
336,4	-0,03447	580,17218	-0,01551	580,17218	-0,05557	580,17218	-0,09463
336,6	-0,03436	580,75653	-0,0158	580,75653	-0,05561	580,75653	-0,0946
336,8	-0,03422	581,34094	-0,01592	581,34094	-0,05557	581,34094	-0,09469
337	-0,03419	581,92523	-0,01579	581,92523	-0,05546	581,92523	-0,09473
337,2	-0,0341	582,50952	-0,01541	582,50952	-0,05522	582,50952	-0,09467
337,4	-0,034	583,09381	-0,01527	583,09381	-0,05518	583,09381	-0,09445
337,6	-0,03393	583,67804	-0,01526	583,67804	-0,05525	583,67804	-0,09414
337,8	-0,03388	584,26221	-0,01527	584,26221	-0,05499	584,26221	-0,09422
338	-0,03382	584,84637	-0,01537	584,84637	-0,05476	584,84637	-0,09441
338,2	-0,03376	585,43048	-0,01514	585,43048	-0,05463	585,43048	-0,09434
338,4	-0,03377	586,01459	-0,01476	586,01459	-0,05467	586,01459	-0,09441
338,6	-0,03374	586,59863	-0,01474	586,59863	-0,05469	586,59863	-0,09439
338,8	-0,0337	587,18262	-0,01462	587,18262	-0,0546	587,18262	-0,09435
339	-0,03363	587,7666	-0,01418	587,7666	-0,0548	587,7666	-0,0944
339,2	-0,03346	588,35052	-0,01453	588,35052	-0,05483	588,35052	-0,09426
339,4	-0,03341	588,93445	-0,01479	588,93445	-0,05446	588,93445	-0,09439
339,6	-0,03336	589,51831	-0,01419	589,51831	-0,05431	589,51831	-0,09424
339,8	-0,03331	590,10217	-0,01372	590,10217	-0,05438	590,10217	-0,09385
340	-0,03334	590,68597	-0,0136	590,68597	-0,05403	590,68597	-0,0939
340,2	-0,03328	591,26971	-0,01395	591,26971	-0,0542	591,26971	-0,09406
340,4	-0,03321	591,85345	-0,01415	591,85345	-0,0543	591,85345	-0,0939
340,6	-0,03314	592,43713	-0,01395	592,43713	-0,05394	592,43713	-0,09415
340,8	-0,03297	593,02075	-0,01366	593,02075	-0,05363	593,02075	-0,09428
341	-0,03296	593,60437	-0,01338	593,60437	-0,05346	593,60437	-0,0939
341,2	-0,03291	594,18799	-0,01352	594,18799	-0,05345	594,18799	-0,09357
341,4	-0,03284	594,77148	-0,01376	594,77148	-0,05358	594,77148	-0,09354
341,6	-0,03277	595,35504	-0,01368	595,35504	-0,05344	595,35504	-0,09377
341,8	-0,03271	595,93848	-0,01362	595,93848	-0,05319	595,93848	-0,0939
342	-0,03271	596,52191	-0,0135	596,52191	-0,0531	596,52191	-0,09385
342,2	-0,03273	597,10535	-0,01345	597,10535	-0,05317	597,10535	-0,0937
342,4	-0,03277	597,68872	-0,0135	597,68872	-0,05312	597,68872	-0,0937
342,6	-0,03272	598,27203	-0,01345	598,27203	-0,05304	598,27203	-0,09377
342,8	-0,03259	598,85535	-0,01356	598,85535	-0,05302	598,85535	-0,09389
343	-0,03253	599,4386	-0,01389	599,4386	-0,05299	599,4386	-0,09382
343,2	-0,03242	600,02179	-0,01414	600,02179	-0,05305	600,02179	-0,09363
343,4	-0,0324	600,60498	-0,01404	600,60498	-0,05302	600,60498	-0,09353
343,6	-0,0323	601,18811	-0,01406	601,18811	-0,05293	601,18811	-0,09362
343,8	-0,03222	601,77124	-0,01437	601,77124	-0,05277	601,77124	-0,09361
344	-0,03219	602,35431	-0,01456	602,35431	-0,05278	602,35431	-0,09349
344,2	-0,03208	602,93738	-0,01467	602,93738	-0,05292	602,93738	-0,09348
344,4	-0,032	603,52039	-0,01469	603,52039	-0,05271	603,52039	-0,09365
344,6	-0,03192	604,10333	-0,01487	604,10333	-0,05255	604,10333	-0,09371
344,8	-0,03189	604,68628	-0,01508	604,68628	-0,0525	604,68628	-0,09373
345	-0,03191	605,26917	-0,01507	605,26917	-0,05242	605,26917	-0,09361
345,2	-0,0318	605,85205	-0,0152	605,85205	-0,05224	605,85205	-0,09362
345,4	-0,03166	606,43488	-0,01528	606,43488	-0,0521	606,43488	-0,09364
345,6	-0,03159	607,01764	-0,01525	607,01764	-0,05204	607,01764	-0,09361
345,8	-0,03152	607,6004	-0,01538	607,6004	-0,05218	607,6004	-0,09353
346	-0,03143	608,18311	-0,01542	608,18311	-0,05222	608,18311	-0,09345
346,2	-0,03127	608,76575	-0,01554	608,76575	-0,05236	608,76575	-0,09345
346,4	-0,03114	609,34839	-0,01575	609,34839	-0,05224	609,34839	-0,09338
346,6	-0,03107	609,93103	-0,0159	609,93103	-0,05199	609,93103	-0,09344
346,8	-0,031	610,51361	-0,01604	610,51361	-0,05192	610,51361	-0,0934
347	-0,03101	611,09613	-0,01613	611,09613	-0,05187	611,09613	-0,0933
347,2	-0,03103	611,67865	-0,01616	611,67865	-0,05178	611,67865	-0,09335
347,4	-0,03101	612,26111	-0,01618	612,26111	-0,05185	612,26111	-0,09333
347,6	-0,03103	612,84351	-0,01628	612,84351	-0,05194	612,84351	-0,09323
347,8	-0,03102	613,4259	-0,01644	613,4259	-0,05195	613,4259	-0,09324
348	-0,03094	614,00824	-0,01647	614,00824	-0,05177	614,00824	-0,09322
348,2	-0,03093	614,59058	-0,01652	614,59058	-0,05164	614,59058	-0,09337
348,4	-0,0309	615,17285	-0,01652	615,17285	-0,05163	615,17285	-0,0933
348,6	-0,03092	615,75507	-0,01689	615,75507	-0,05177	615,75507	-0,09316
348,8	-0,03086	616,33728	-0,01697	616,33728	-0,05173	616,33728	-0,09319
349	-0,0308	616,91943	-0,01716	616,91943	-0,05161	616,91943	-0,09322
349,2	-0,03075	617,50159	-0,01755	617,50159	-0,05163	617,50159	-0,09312
349,4	-0,03072	618,08368	-0,01776	618,08368	-0,05162	618,08368	-0,09294
349,6	-0,03079	618,66571	-0,01815	618,66571	-0,05155	618,66571	-0,09294
349,8	-0,03087	619,24774	-0,01838	619,24774	-0,05151	619,24774	-0,09287
350	-0,03091	619,82971	-0,01868	619,82971	-0,05164	619,82971	-0,09284
350,2	-0,03098	620,41168	-0,01904	620,41168	-0,05178	620,41168	-0,09284
350,4	-0,031	620,99359	-0,0194	620,99359	-0,05178	620,99359	-0,09295
350,6	-0,03098	621,5755	-0,01972	621,5755	-0,05189	621,5755	-0,09302
350,8	-0,03087	622,15729	-0,02006	622,15729	-0,05186	622,15729	-0,09308
351	-0,03084	622,73914	-0,02049	622,73914	-0,05192	622,73914	-0,0932
351,2	-0,03086	623,32086	-0,0209	623,32086	-0,05206	623,32086	-0,09328
351,4	-0,0308	623,90259	-0,02139	623,90259	-0,05206	623,90259	-0,09334
351,6	-0,0308	624,48431	-0,02198	624,48431	-0,05213	624,48431	-0,09347
351,8	-0,03079	625,06598	-0,0227	625,06598	-0,05225	625,06598	-0,09343
352	-0,03081	625,64758	-0,02311	625,64758	-0,05226	625,64758	-0,0935
352,2	-0,03088	626,22913	-0,02352	626,22913	-0,05232	626,22913	-0,0936
352,4	-0,0309	626,81073	-0,02405	626,81073	-0,05235	626,81073	-0,09365
352,6	-0,03095	627,39221	-0,02465	627,39221	-0,05251	627,39221	-0,09361
352,8	-0,03086	627,97369	-0,02488	627,97369	-0,05273	627,97369	-0,09364
353	-0,03086	628,55511	-0,02543	628,55511	-0,05283	628,55511	-0,0938
353,2	-0,03084	629,13654	-0,02608	629,13654	-0,05293	629,13654	-0,09391
353,4	-0,03082	629,7179	-0,02659	629,7179	-0,0531	629,7179	-0,094
353,6	-0,03088	630,29919	-0,02708	630,29919	-0,05312	630,29919	-0,094
353,8	-0,03086	630,88049	-0,02738	630,88049	-0,05312	630,88049	-0,09412
354	-0,03074	631,46173	-0,02782	631,46173	-0,05321	631,46173	-0,09415
354,2	-0,03073	632,04297	-0,02829	632,04297	-0,05337	632,04297	-0,09405
354,4	-0,03071	632,62408	-0,02861	632,62408	-0,0534	632,62408	-0,09415
354,6	-0,03079	633,20526	-0,02885	633,20526	-0,05336	633,20526	-0,09426
354,8	-0,03085	633,78638	-0,02915	633,78638	-0,05335	633,78638	-0,09428
355	-0,03095	634,36743	-0,02931	634,36743	-0,05336	634,36743	-0,09439
355,2	-0,03098	634,94843	-0,02934	634,94843	-0,05331	634,94843	-0,09441
355,4	-0,03098	635,52942	-0,02933	635,52942	-0,05326	635,52942	-0,09454
355,6	-0,031	636,11041	-0,0293	636,11041	-0,05322	636,11041	-0,09453
355,8	-0,03103	636,69128	-0,02921	636,69128	-0,05334	636,69128	-0,09463
356	-0,03108	637,27216	-0,02882	637,27216	-0,05338	637,27216	-0,09471
356,2	-0,03111	637,85303	-0,02861	637,85303	-0,05337	637,85303	-0,09474
356,4	-0,03115	638,43384	-0,0285	638,43384	-0,0533	638,43384	-0,09485
356,6	-0,03114	639,01459	-0,02837	639,01459	-0,05312	639,01459	-0,09481
356,8	-0,03111	639,59534	-0,02813	639,59534	-0,05303	639,59534	-0,0948
357	-0,03118	640,17603	-0,02773	640,17603	-0,05295	640,17603	-0,09479
357,2	-0,03126	640,75665	-0,02722	640,75665	-0,05279	640,75665	-0,09484
357,4	-0,0313	641,33728	-0,02657	641,33728	-0,05259	641,33728	-0,09479
357,6	-0,0314	641,91785	-0,02591	641,91785	-0,05246	641,91785	-0,09472
357,8	-0,0314	642,49841	-0,02544	642,49841	-0,0523	642,49841	-0,09457
358	-0,03131	643,07892	-0,02482	643,07892	-0,05203	643,07892	-0,09452
358,2	-0,03132	643,65936	-0,02408	643,65936	-0,0517	643,65936	-0,09444
358,4	-0,03129	644,23981	-0,02331	644,23981	-0,05133	644,23981	-0,09442
358,6	-0,03126	644,82019	-0,02266	644,82019	-0,05109	644,82019	-0,09439
358,8	-0,03126	645,40057	-0,02207	645,40057	-0,05092	645,40057	-0,09438
359	-0,03126	645,9809	-0,02132	645,9809	-0,05069	645,9809	-0,09427
359,2	-0,0312	646,56116	-0,02073	646,56116	-0,05036	646,56116	-0,09205
359,4	-0,03118	647,14142	-0,02016	647,14142	-0,05009	647,14142	-0,0915
359,6	-0,03119	647,72162	-0,01946	647,72162	-0,04771	647,72162	-0,09263
359,8	-0,0312	648,30182	-0,01891	648,30182	-0,04713	648,30182	-0,09331
360	-0,0312	648,88196	-0,01825	648,88196	-0,04808	648,88196	-0,09331
360,2	-0,03111	649,46204	-0,01772	649,46204	-0,04858	649,46204	-0,09328
360,4	-0,03109	650,04205	-0,01707	650,04205	-0,04852	650,04205	-0,09308
360,6	-0,03098	650,62207	-0,01393	650,62207	-0,04838	650,62207	-0,09304
360,8	-0,03096	651,20209	-0,01302	651,20209	-0,04809	651,20209	-0,09298
361	-0,03098	651,78204	-0,01417	651,78204	-0,04784	651,78204	-0,09299
361,2	-0,03092	652,36194	-0,01465	652,36194	-0,04763	652,36194	-0,09294
361,4	-0,03084	652,94183	-0,0143	652,94183	-0,04739	652,94183	-0,09279
361,6	-0,03081	653,52161	-0,01395	653,52161	-0,04719	653,52161	-0,09275
361,8	-0,03085	654,10144	-0,01356	654,10144	-0,04694	654,10144	-0,09278
362	-0,03086	654,68121	-0,0131	654,68121	-0,04672	654,68121	-0,09269
362,2	-0,03096	655,26093	-0,01273	655,26093	-0,0466	655,26093	-0,09255
362,4	-0,03101	655,84058	-0,01246	655,84058	-0,04631	655,84058	-0,09238
362,6	-0,03102	656,42023	-0,01207	656,42023	-0,04618	656,42023	-0,09236
362,8	-0,0311	656,99982	-0,01171	656,99982	-0,04609	656,99982	-0,09227
363	-0,03101	657,57941	-0,01139	657,57941	-0,04597	657,57941	-0,09224
363,2	-0,03095	658,15894	-0,01119	658,15894	-0,046	658,15894	-0,09221
363,4	-0,03095	658,7384	-0,01089	658,7384	-0,04598	658,7384	-0,09209
363,6	-0,03094	659,31787	-0,01058	659,31787	-0,04585	659,31787	-0,09209
363,8	-0,03093	659,89728	-0,01035	659,89728	-0,04573	659,89728	-0,092
364	-0,03099	660,47668	-0,01005	660,47668	-0,04557	660,47668	-0,09193
364,2	-0,03098	661,05603	-0,00989	661,05603	-0,04543	661,05603	-0,09171
364,4	-0,03104	661,63531	-0,00974	661,63531	-0,04531	661,63531	-0,09156
364,6	-0,03106	662,2146	-0,00954	662,2146	-0,04513	662,2146	-0,09149
364,8	-0,0311	662,79382	-0,01183	662,79382	-0,04494	662,79382	-0,09133
365	-0,03111	663,37299	-0,012	663,37299	-0,04468	663,37299	-0,09127
365,2	-0,03112	663,95215	-0,01	663,95215	-0,04444	663,95215	-0,09117
365,4	-0,03121	664,53125	-0,00885	664,53125	-0,04441	664,53125	-0,09101
365,6	-0,03129	665,11035	-0,00854	665,11035	-0,04427	665,11035	-0,09083
365,8	-0,03132	665,68939	-0,00841	665,68939	-0,04632	665,68939	-0,09068
366	-0,03125	666,26837	-0,00824	666,26837	-0,04653	666,26837	-0,09068
366,2	-0,03124	666,84735	-0,00795	666,84735	-0,04517	666,84735	-0,09275
366,4	-0,03128	667,42627	-0,00783	667,42627	-0,04431	667,42627	-0,09311
366,6	-0,03127	668,00519	-0,00766	668,00519	-0,04397	668,00519	-0,09183
366,8	-0,03132	668,58405	-0,00767	668,58405	-0,04382	668,58405	-0,09095
367	-0,03132	669,16284	-0,00748	669,16284	-0,0438	669,16284	-0,09076
367,2	-0,03141	669,74158	-0,00731	669,74158	-0,04368	669,74158	-0,09064
367,4	-0,03145	670,32031	-0,00709	670,32031	-0,04366	670,32031	-0,09062
367,6	-0,03149	670,89905	-0,00703	670,89905	-0,04364	670,89905	-0,0906
367,8	-0,03153	671,47766	-0,00696	671,47766	-0,04349	671,47766	-0,09068
368	-0,0315	672,05634	-0,00698	672,05634	-0,04354	672,05634	-0,09064
368,2	-0,0315	672,63489	-0,00678	672,63489	-0,04351	672,63489	-0,09054
368,4	-0,03158	673,21344	-0,00647	673,21344	-0,04344	673,21344	-0,09049
368,6	-0,03165	673,79193	-0,00625	673,79193	-0,04343	673,79193	-0,09049
368,8	-0,0317	674,37042	-0,0063	674,37042	-0,04332	674,37042	-0,09028
369	-0,03175	674,94885	-0,00628	674,94885	-0,04325	674,94885	-0,0902
369,2	-0,0318	675,52722	-0,00632	675,52722	-0,043	675,52722	-0,09006
369,4	-0,0318	676,10559	-0,00633	676,10559	-0,04279	676,10559	-0,09004
369,6	-0,03185	676,6839	-0,00638	676,6839	-0,04258	676,6839	-0,09003
369,8	-0,03187	677,26215	-0,0064	677,26215	-0,04261	677,26215	-0,08994
370	-0,03193	677,84039	-0,00639	677,84039	-0,04265	677,84039	-0,0899
370,2	-0,032	678,41858	-0,00626	678,41858	-0,04262	678,41858	-0,08985
370,4	-0,03202	678,99677	-0,00638	678,99677	-0,04273	678,99677	-0,08975
370,6	-0,03201	679,57489	-0,00625	679,57489	-0,04267	679,57489	-0,08955
370,8	-0,03207	680,15295	-0,00636	680,15295	-0,04263	680,15295	-0,08952
371	-0,03208	680,73102	-0,00642	680,73102	-0,04256	680,73102	-0,08953
371,2	-0,03205	681,30902	-0,00651	681,30902	-0,04263	681,30902	-0,08952
371,4	-0,03209	681,88702	-0,00646	681,88702	-0,04264	681,88702	-0,08962
371,6	-0,03207	682,4649	-0,00635	682,4649	-0,04244	682,4649	-0,08949
371,8	-0,03205	683,04285	-0,00627	683,04285	-0,04241	683,04285	-0,08949
372	-0,03209	683,62067	-0,006	683,62067	-0,04228	683,62067	-0,08943
372,2	-0,03215	684,19849	-0,00581	684,19849	-0,04211	684,19849	-0,08933
372,4	-0,03214	684,77625	-0,0057	684,77625	-0,04202	684,77625	-0,08917
372,6	-0,03208	685,354	-0,00575	685,354	-0,04193	685,354	-0,08919
372,8	-0,032	685,9317	-0,00582	685,9317	-0,04182	685,9317	-0,08923
373	-0,03198	686,50934	-0,00544	686,50934	-0,04174	686,50934	-0,08915
373,2	-0,03198	687,08698	-0,00508	687,08698	-0,04177	687,08698	-0,08911
373,4	-0,03199	687,66455	-0,00473	687,66455	-0,04181	687,66455	-0,08906
373,6	-0,03205	688,24213	-0,00453	688,24213	-0,04172	688,24213	-0,08892
373,8	-0,03207	688,81964	-0,00426	688,81964	-0,04159	688,81964	-0,08896
374	-0,0321	689,39709	-0,00414	689,39709	-0,0414	689,39709	-0,08896
374,2	-0,03211	689,97455	-0,00397	689,97455	-0,04127	689,97455	-0,08908
374,4	-0,03204	690,55194	-0,00402	690,55194	-0,04107	690,55194	-0,08911
374,6	-0,03207	691,12927	-0,00383	691,12927	-0,04091	691,12927	-0,08899
374,8	-0,03212	691,7066	-0,00372	691,7066	-0,04077	691,7066	-0,08869
375	-0,03215	692,28387	-0,00338	692,28387	-0,04064	692,28387	-0,08852
375,2	-0,03218	692,86108	-0,00301	692,86108	-0,04052	692,86108	-0,08848
375,4	-0,03218	693,43829	-0,00287	693,43829	-0,04048	693,43829	-0,08845
375,6	-0,03218	694,01544	-0,00287	694,01544	-0,04012	694,01544	-0,08833
375,8	-0,03226	694,59259	-0,00287	694,59259	-0,04006	694,59259	-0,08839
376	-0,03233	695,16968	-0,00273	695,16968	-0,03985	695,16968	-0,08836
376,2	-0,03234	695,7467	-0,00275	695,7467	-0,0397	695,7467	-0,08847
376,4	-0,03243	696,32367	-0,00269	696,32367	-0,03961	696,32367	-0,08834
376,6	-0,03242	696,90063	-0,00252	696,90063	-0,03952	696,90063	-0,08817
376,8	-0,03252	697,4776	-0,00257	697,4776	-0,0394	697,4776	-0,08806
377	-0,03257	698,05444	-0,00246	698,05444	-0,03929	698,05444	-0,08792
377,2	-0,03259	698,63129	-0,00265	698,63129	-0,03933	698,63129	-0,08789
377,4	-0,03266	699,20813	-0,00288	699,20813	-0,03925	699,20813	-0,08787
377,6	-0,03266	699,78491	-0,00296	699,78491	-0,03926	699,78491	-0,08796
377,8	-0,03268	700,36163	-0,00305	700,36163	-0,03929	700,36163	-0,08798
378	-0,03278	700,93829	-0,00311	700,93829	-0,03922	700,93829	-0,08786
378,2	-0,03277	701,51495	-0,003	701,51495	-0,03919	701,51495	-0,08777
378,4	-0,03281	702,09161	-0,0029	702,09161	-0,03927	702,09161	-0,0877
378,6	-0,03294	702,66815	-0,00291	702,66815	-0,03922	702,66815	-0,08782
378,8	-0,033	703,24469	-0,0029	703,24469	-0,03915	703,24469	-0,08785
379	-0,03306	703,82117	-0,00291	703,82117	-0,03918	703,82117	-0,08779
379,2	-0,03313	704,39764	-0,003	704,39764	-0,03912	704,39764	-0,08796
379,4	-0,03319	704,97406	-0,00287	704,97406	-0,03899	704,97406	-0,08802
379,6	-0,03332	705,55048	-0,00261	705,55048	-0,03892	705,55048	-0,08797
379,8	-0,03335	706,12677	-0,00244	706,12677	-0,03875	706,12677	-0,08784
380	-0,03341	706,70306	-0,00229	706,70306	-0,03863	706,70306	-0,08773
380,2	-0,03346	707,27936	-0,00238	707,27936	-0,03872	707,27936	-0,08763
380,4	-0,03348	707,85559	-0,00253	707,85559	-0,03858	707,85559	-0,08763
380,6	-0,0335	708,43176	-0,00259	708,43176	-0,03845	708,43176	-0,08779
380,8	-0,03356	709,00787	-0,00263	709,00787	-0,03838	709,00787	-0,08763
381	-0,03355	709,58398	-0,00252	709,58398	-0,03836	709,58398	-0,08757
381,2	-0,03365	710,1601	-0,00262	710,1601	-0,03821	710,1601	-0,08742
381,4	-0,03372	710,73608	-0,0027	710,73608	-0,03821	710,73608	-0,08733
381,6	-0,03377	711,31207	-0,00258	711,31207	-0,03821	711,31207	-0,08731
381,8	-0,03384	711,88806	-0,00252	711,88806	-0,03831	711,88806	-0,08731
382	-0,03394	712,46393	-0,00246	712,46393	-0,03824	712,46393	-0,08736
382,2	-0,03392	713,03979	-0,00243	713,03979	-0,03823	713,03979	-0,08742
382,4	-0,03402	713,61566	-0,00232	713,61566	-0,03802	713,61566	-0,08753
382,6	-0,03408	714,19141	-0,0023	714,19141	-0,03795	714,19141	-0,08754
382,8	-0,0341	714,76721	-0,0023	714,76721	-0,03786	714,76721	-0,08738
383	-0,03411	715,3429	-0,00233	715,3429	-0,0379	715,3429	-0,08716
383,2	-0,03412	715,91858	-0,00235	715,91858	-0,03792	715,91858	-0,08689
383,4	-0,03416	716,4942	-0,00233	716,4942	-0,03771	716,4942	-0,08689
383,6	-0,03421	717,06982	-0,00261	717,06982	-0,03746	717,06982	-0,08698
383,8	-0,03421	717,64532	-0,00293	717,64532	-0,03735	717,64532	-0,08701
384	-0,03433	718,22089	-0,00292	718,22089	-0,03741	718,22089	-0,08696
384,2	-0,03446	718,79633	-0,00295	718,79633	-0,03731	718,79633	-0,08685
384,4	-0,03455	719,37177	-0,00265	719,37177	-0,03729	719,37177	-0,08685
384,6	-0,03464	719,94714	-0,00249	719,94714	-0,03711	719,94714	-0,08703
384,8	-0,03475	720,52252	-0,00243	720,52252	-0,0371	720,52252	-0,08704
385	-0,03488	721,09784	-0,00258	721,09784	-0,03727	721,09784	-0,08708
385,2	-0,03507	721,6731	-0,00261	721,6731	-0,03731	721,6731	-0,08708
385,4	-0,03517	722,24835	-0,00241	722,24835	-0,0373	722,24835	-0,08687
385,6	-0,03528	722,82355	-0,00212	722,82355	-0,03723	722,82355	-0,08682
385,8	-0,03541	723,39874	-0,00216	723,39874	-0,03715	723,39874	-0,08683
386	-0,03553	723,97382	-0,00222	723,97382	-0,03726	723,97382	-0,08685
386,2	-0,03562	724,54889	-0,0021	724,54889	-0,03732	724,54889	-0,08662
386,4	-0,03576	725,12396	-0,00218	725,12396	-0,03731	725,12396	-0,08674
386,6	-0,03585	725,69897	-0,0023	725,69897	-0,03737	725,69897	-0,08682
386,8	-0,03592	726,27393	-0,0023	726,27393	-0,03753	726,27393	-0,08684
387	-0,03603	726,84882	-0,00233	726,84882	-0,03758	726,84882	-0,08689
387,2	-0,03609	727,42371	-0,00228	727,42371	-0,03747	727,42371	-0,0869
387,4	-0,03624	727,99854	-0,0023	727,99854	-0,03761	727,99854	-0,08691
387,6	-0,03634	728,57336	-0,00249	728,57336	-0,03758	728,57336	-0,08668
387,8	-0,03645	729,14813	-0,00254	729,14813	-0,03751	729,14813	-0,08674
388	-0,0366	729,72284	-0,00242	729,72284	-0,03754	729,72284	-0,08665
388,2	-0,03667	730,29755	-0,00259	730,29755	-0,03762	730,29755	-0,08667
388,4	-0,0367	730,87219	-0,00282	730,87219	-0,03763	730,87219	-0,08681
388,6	-0,03679	731,44678	-0,00295	731,44678	-0,03777	731,44678	-0,08686
388,8	-0,03689	732,02136	-0,00296	732,02136	-0,03779	732,02136	-0,08694
389	-0,03696	732,59583	-0,00298	732,59583	-0,03769	732,59583	-0,08695
389,2	-0,03704	733,17035	-0,00304	733,17035	-0,03762	733,17035	-0,08694
389,4	-0,03706	733,74475	-0,00289	733,74475	-0,03771	733,74475	-0,08694
389,6	-0,03709	734,31915	-0,00281	734,31915	-0,03791	734,31915	-0,08694
389,8	-0,03716	734,89355	-0,00283	734,89355	-0,03817	734,89355	-0,08701
390	-0,03716	735,4679	-0,00275	735,4679	-0,03831	735,4679	-0,08699
390,2	-0,03722	736,04218	-0,00264	736,04218	-0,03816	736,04218	-0,0871
390,4	-0,03732	736,61639	-0,00275	736,61639	-0,03807	736,61639	-0,08713
390,6	-0,03736	737,19061	-0,00256	737,19061	-0,0379	737,19061	-0,08715
390,8	-0,0374	737,76477	-0,00265	737,76477	-0,03804	737,76477	-0,08716
391	-0,03749	738,33887	-0,00286	738,33887	-0,03796	738,33887	-0,08711
391,2	-0,03756	738,91296	-0,00281	738,91296	-0,03771	738,91296	-0,08712
391,4	-0,03771	739,487	-0,00257	739,487	-0,03753	739,487	-0,08699
391,6	-0,03778	740,06104	-0,00259	740,06104	-0,0374	740,06104	-0,08671
391,8	-0,03787	740,63495	-0,00244	740,63495	-0,03738	740,63495	-0,08652
392	-0,03802	741,20886	-0,00218	741,20886	-0,03728	741,20886	-0,08634
392,2	-0,0381	741,78278	-0,00212	741,78278	-0,03708	741,78278	-0,08638
392,4	-0,03822	742,35663	-0,00183	742,35663	-0,03697	742,35663	-0,08646
392,6	-0,03833	742,93042	-0,0015	742,93042	-0,03689	742,93042	-0,0864
392,8	-0,03845	743,50415	-0,0016	743,50415	-0,03678	743,50415	-0,08638
393	-0,03852	744,07788	-0,00153	744,07788	-0,03658	744,07788	-0,08626
393,2	-0,03863	744,65155	-0,00137	744,65155	-0,03643	744,65155	-0,08625
393,4	-0,0387	745,22522	-0,00119	745,22522	-0,03646	745,22522	-0,0862
393,6	-0,03875	745,79883	-0,00142	745,79883	-0,03638	745,79883	-0,08616
393,8	-0,03887	746,37238	-0,00132	746,37238	-0,03636	746,37238	-0,08622
394	-0,03895	746,94592	-0,00152	746,94592	-0,03651	746,94592	-0,08605
394,2	-0,03904	747,51935	-0,00147	747,51935	-0,03655	747,51935	-0,08601
394,4	-0,03916	748,09283	-0,00148	748,09283	-0,03626	748,09283	-0,08596
394,6	-0,03916	748,6662	-0,00144	748,6662	-0,03611	748,6662	-0,08607
394,8	-0,03926	749,23956	-0,0017	749,23956	-0,03608	749,23956	-0,08609
395	-0,0394	749,81287	-0,00179	749,81287	-0,03612	749,81287	-0,0861
395,2	-0,03951	750,38617	-0,00145	750,38617	-0,03622	750,38617	-0,08599
395,4	-0,03964	750,95941	-0,00113	750,95941	-0,03624	750,95941	-0,08578
395,6	-0,03975	751,53259	-0,0014	751,53259	-0,03618	751,53259	-0,08581
395,8	-0,03985	752,10577	-0,00133	752,10577	-0,03603	752,10577	-0,08582
396	-0,03991	752,67889	-0,0013	752,67889	-0,03587	752,67889	-0,08573
396,2	-0,03996	753,25195	-0,0016	753,25195	-0,03569	753,25195	-0,08571
396,4	-0,04004	753,82495	-0,00154	753,82495	-0,03566	753,82495	-0,08557
396,6	-0,04009	754,39795	-0,00171	754,39795	-0,03585	754,39795	-0,08544
396,8	-0,04016	754,97095	-0,00172	754,97095	-0,03604	754,97095	-0,08533
397	-0,04025	755,54382	-0,00157	755,54382	-0,03592	755,54382	-0,08541
397,2	-0,04034	756,1167	-0,00152	756,1167	-0,03575	756,1167	-0,08548
397,4	-0,04042	756,68951	-0,00163	756,68951	-0,03557	756,68951	-0,08549
397,6	-0,04053	757,26233	-0,00177	757,26233	-0,03563	757,26233	-0,08531
397,8	-0,04065	757,83508	-0,0017	757,83508	-0,0357	757,83508	-0,08516
398	-0,04079	758,40778	-0,00167	758,40778	-0,03562	758,40778	-0,08513
398,2	-0,04087	758,98047	-0,00138	758,98047	-0,0355	758,98047	-0,08493
398,4	-0,04095	759,5531	-0,00125	759,5531	-0,03548	759,5531	-0,08479
398,6	-0,04107	760,12567	-0,0013	760,12567	-0,03555	760,12567	-0,08468
398,8	-0,04123	760,69824	-0,00127	760,69824	-0,03547	760,69824	-0,08478
399	-0,04132	761,27075	-0,00111	761,27075	-0,0353	761,27075	-0,08486
399,2	-0,04143	761,8432	-9,78376E-4	761,8432	-0,03536	761,8432	-0,08479
399,4	-0,04151	762,41565	-0,00102	762,41565	-0,03538	762,41565	-0,08469
399,6	-0,04155	762,98798	-0,00108	762,98798	-0,03525	762,98798	-0,08482
399,8	-0,04157	763,56036	-6,90107E-4	763,56036	-0,03519	763,56036	-0,08459
400	-0,04161	764,13263	-4,45846E-4	764,13263	-0,03506	764,13263	-0,08459
400,2	-0,04172	764,7049	-2,60756E-4	764,7049	-0,03469	764,7049	-0,08469
400,4	-0,04183	765,27716	1,41381E-4	765,27716	-0,03452	765,27716	-0,08451
400,6	-0,04192	765,8493	1,73758E-4	765,8493	-0,03479	765,8493	-0,08427
400,8	-0,04203	766,42145	4,34433E-4	766,42145	-0,03482	766,42145	-0,08408
401	-0,0421	766,99353	2,78489E-4	766,99353	-0,03458	766,99353	-0,08414
401,2	-0,04216	767,56561	3,72662E-4	767,56561	-0,03423	767,56561	-0,08417
401,4	-0,04228	768,13763	2,22477E-4	768,13763	-0,03395	768,13763	-0,08417
401,6	-0,04241	768,70959	2,27283E-4	768,70959	-0,03377	768,70959	-0,0842
401,8	-0,04249	769,28156	3,97664E-4	769,28156	-0,03366	769,28156	-0,08416
402	-0,04262	769,85339	3,77833E-4	769,85339	-0,03366	769,85339	-0,0842
402,2	-0,04264	770,42529	2,30146E-4	770,42529	-0,0337	770,42529	-0,08412
402,4	-0,04273	770,99707	3,23681E-4	770,99707	-0,0337	770,99707	-0,08404
402,6	-0,0429	771,56885	1,76429E-4	771,56885	-0,03366	771,56885	-0,08393
402,8	-0,04298	772,14056	4,10105E-4	772,14056	-0,03354	772,14056	-0,08379
403	-0,04307	772,71228	6,04048E-4	772,71228	-0,03333	772,71228	-0,08359
403,2	-0,04318	773,28394	6,88699E-4	773,28394	-0,03331	773,28394	-0,08354
403,4	-0,04326	773,85553	8,72988E-4	773,85553	-0,03328	773,85553	-0,0835
403,6	-0,04332	774,42706	8,80504E-4	774,42706	-0,0336	774,42706	-0,08351
403,8	-0,04347	774,9986	7,15499E-4	774,9986	-0,03363	774,9986	-0,08354
404	-0,04358	775,57007	4,65304E-4	775,57007	-0,03342	775,57007	-0,08346
404,2	-0,04366	776,14154	4,09582E-4	776,14154	-0,03331	776,14154	-0,08307
404,4	-0,04372	776,71295	3,13683E-4	776,71295	-0,03327	776,71295	-0,08284
404,6	-0,04372	777,2843	1,70846E-4	777,2843	-0,03303	777,2843	-0,08267
404,8	-0,04378	777,85559	2,95997E-4	777,85559	-0,03304	777,85559	-0,08263
405	-0,04385	778,42688	2,00272E-4	778,42688	-0,03305	778,42688	-0,08265
405,2	-0,04394	778,99811	3,33144E-4	778,99811	-0,03317	778,99811	-0,08285
405,4	-0,04401	779,56934	3,08692E-4	779,56934	-0,03299	779,56934	-0,08304
405,6	-0,0441	780,14044	6,4646E-4	780,14044	-0,03288	780,14044	-0,08314
405,8	-0,04411	780,71161	6,75233E-4	780,71161	-0,03301	780,71161	-0,08304
406	-0,04418	781,28265	7,13778E-4	781,28265	-0,03309	781,28265	-0,08303
406,2	-0,04424	781,8537	7,90815E-4	781,8537	-0,033	781,8537	-0,08294
406,4	-0,04433	782,42468	6,26197E-4	782,42468	-0,03307	782,42468	-0,08286
406,6	-0,04443	782,99561	2,50854E-4	782,99561	-0,033	782,99561	-0,08272
406,8	-0,04444	783,56653	1,54029E-4	783,56653	-0,03275	783,56653	-0,08282
407	-0,04444	784,13739	-1,56705E-6	784,13739	-0,03281	784,13739	-0,0828
407,2	-0,04447	784,70819	-2,51747E-4	784,70819	-0,03307	784,70819	-0,08258
407,4	-0,04453	785,27899	-2,14869E-4	785,27899	-0,03323	785,27899	-0,08266
407,6	-0,04456	785,84973	-8,41212E-5	785,84973	-0,03321	785,84973	-0,08279
407,8	-0,04465	786,42041	-1,4563E-4	786,42041	-0,03315	786,42041	-0,08297
408	-0,0447	786,99109	-1,72734E-4	786,99109	-0,03294	786,99109	-0,08304
408,2	-0,04473	787,56171	-1,72879E-4	787,56171	-0,03292	787,56171	-0,0829
408,4	-0,04483	788,13226	-2,14119E-4	788,13226	-0,03292	788,13226	-0,08278
408,6	-0,04488	788,70276	1,38659E-4	788,70276	-0,0329	788,70276	-0,08259
408,8	-0,04496	789,27325	2,16719E-4	789,27325	-0,03285	789,27325	-0,08246
409	-0,04504	789,84375	1,65652E-4	789,84375	-0,03275	789,84375	-0,08228
409,2	-0,04509	790,41412	-1,57637E-4	790,41412	-0,03278	790,41412	-0,08221
409,4	-0,04514	790,9845	-2,74048E-4	790,9845	-0,03272	790,9845	-0,08226
409,6	-0,04524	791,55481	-3,62165E-4	791,55481	-0,03275	791,55481	-0,08208
409,8	-0,04525	792,12512	-4,34427E-4	792,12512	-0,03276	792,12512	-0,08201
410	-0,0453	792,69531	-3,39264E-4	792,69531	-0,03267	792,69531	-0,08209
410,2	-0,04539	793,26556	-5,15181E-4	793,26556	-0,03267	793,26556	-0,08221
410,4	-0,04541	793,83569	-7,21294E-4	793,83569	-0,0328	793,83569	-0,08221
410,6	-0,04545	794,40582	-5,38356E-4	794,40582	-0,03303	794,40582	-0,08215
410,8	-0,04547	794,97589	-1,87034E-4	794,97589	-0,03324	794,97589	-0,08194
411	-0,04548	795,5459	8,7764E-5	795,5459	-0,03311	795,5459	-0,0819
411,2	-0,04554	796,11591	3,43087E-4	796,11591	-0,03294	796,11591	-0,08202
411,4	-0,04558	796,68585	4,33465E-4	796,68585	-0,03277	796,68585	-0,0819
411,6	-0,04557	797,25574	2,39995E-4	797,25574	-0,03266	797,25574	-0,08178
411,8	-0,0456	797,82562	2,92787E-5	797,82562	-0,03245	797,82562	-0,08155
412	-0,04564	798,39545	-1,02355E-4	798,39545	-0,03201	798,39545	-0,08143
412,2	-0,04565	798,96521	5,72243E-5	798,96521	-0,03152	798,96521	-0,08133
412,4	-0,04571	799,53497	-4,03188E-5	799,53497	-0,0315	799,53497	-0,0813
412,6	-0,04574	800,10468	-2,07728E-5	800,10468	-0,03155	800,10468	-0,0814
412,8	-0,04577	800,67432	-2,04301E-4	800,67432	-0,03155	800,67432	-0,08149
413	-0,0458	801,2439	-7,21315E-5	801,2439	-0,03168	801,2439	-0,08144
413,2	-0,04584	801,81348	2,05338E-4	801,81348	-0,03157	801,81348	-0,08151
413,4	-0,04591	802,383	7,29254E-4	802,383	-0,03135	802,383	-0,08161
413,6	-0,04595	802,95251	8,41953E-4	802,95251	-0,03137	802,95251	-0,08153
413,8	-0,04596	803,52197	9,13767E-4	803,52197	-0,03145	803,52197	-0,08149
414	-0,04601	804,09137	7,79274E-4	804,09137	-0,03156	804,09137	-0,08143
414,2	-0,0461	804,66071	7,2481E-4	804,66071	-0,03162	804,66071	-0,08143
414,4	-0,04614	805,23004	9,17834E-4	805,23004	-0,03155	805,23004	-0,08132
414,6	-0,04618	805,79932	0,00128	805,79932	-0,03124	805,79932	-0,08124
414,8	-0,04624	806,36853	0,00117	806,36853	-0,03107	806,36853	-0,08101
415	-0,04627	806,93774	8,94087E-4	806,93774	-0,0311	806,93774	-0,08086
415,2	-0,04634	807,5069	7,84615E-4	807,5069	-0,03113	807,5069	-0,08086
415,4	-0,04635	808,07599	6,47621E-4	808,07599	-0,03103	808,07599	-0,08072
415,6	-0,04637	808,64508	9,19258E-4	808,64508	-0,03103	808,64508	-0,08073
415,8	-0,04642	809,21411	0,00123	809,21411	-0,03113	809,21411	-0,08066
416	-0,04645	809,78308	0,00124	809,78308	-0,03089	809,78308	-0,08089
416,2	-0,04646	810,35199	0,00135	810,35199	-0,03074	810,35199	-0,08102
416,4	-0,04645	810,9209	0,00149	810,9209	-0,03084	810,9209	-0,08085
416,6	-0,04647	811,48975	0,00159	811,48975	-0,03084	811,48975	-0,08078
416,8	-0,04644	812,05859	0,00172	812,05859	-0,03042	812,05859	-0,08081
417	-0,04646	812,62738	0,00175	812,62738	-0,03023	812,62738	-0,08098
417,2	-0,0465	813,19611	0,00173	813,19611	-0,03012	813,19611	-0,08084
417,4	-0,04653	813,76477	0,00134	813,76477	-0,03023	813,76477	-0,08083
417,6	-0,04654	814,33344	0,00118	814,33344	-0,0304	814,33344	-0,0809
417,8	-0,04659	814,90204	0,00131	814,90204	-0,03066	814,90204	-0,08106
418	-0,04661	815,47058	0,00148	815,47058	-0,03084	815,47058	-0,08095
418,2	-0,04668	816,03906	0,00148	816,03906	-0,0311	816,03906	-0,08102
418,4	-0,04669	816,60754	0,00144	816,60754	-0,03134	816,60754	-0,08139
418,6	-0,04669	817,17603	0,00126	817,17603	-0,03154	817,17603	-0,08178
418,8	-0,04677	817,74438	0,00123	817,74438	-0,03186	817,74438	-0,08205
419	-0,04685	818,31274	0,00146	818,31274	-0,03213	818,31274	-0,08197
419,2	-0,04688	818,88104	0,00159	818,88104	-0,03205	818,88104	-0,08194
419,4	-0,04696	819,44928	0,00171	819,44928	-0,03207	819,44928	-0,08198
419,6	-0,04705	820,01752	0,00167	820,01752	-0,03207	820,01752	-0,08174
419,8	-0,0471	820,58569	0,00145	820,58569	-0,03207	820,58569	-0,08157
420	-0,04717	821,15387	0,00114	821,15387	-0,03197	821,15387	-0,08139
420,2	-0,04725	821,72192	0,00106	821,72192	-0,03179	821,72192	-0,08134
420,4	-0,0473	822,28998	0,00124	822,28998	-0,03169	822,28998	-0,0812
420,6	-0,0474	822,85797	0,00115	822,85797	-0,03171	822,85797	-0,08116
420,8	-0,04747	823,42596	0,00118	823,42596	-0,03173	823,42596	-0,08114
421	-0,04755	823,9939	0,00105	823,9939	-0,03164	823,9939	-0,08118
421,2	-0,04766	824,56177	0,00101	824,56177	-0,03138	824,56177	-0,08125
421,4	-0,0477	825,12958	7,68327E-4	825,12958	-0,03133	825,12958	-0,08123
421,6	-0,04772	825,69739	6,70829E-4	825,69739	-0,03155	825,69739	-0,08095
421,8	-0,04782	826,26514	5,96778E-4	826,26514	-0,03141	826,26514	-0,08084
422	-0,04782	826,83282	4,76923E-4	826,83282	-0,03113	826,83282	-0,08075
422,2	-0,04784	827,40051	3,71109E-4	827,40051	-0,03101	827,40051	-0,08059
422,4	-0,04787	827,96814	3,40915E-4	827,96814	-0,03086	827,96814	-0,08041
422,6	-0,04789	828,53571	2,52937E-4	828,53571	-0,0307	828,53571	-0,08012
422,8	-0,04792	829,10327	3,12862E-4	829,10327	-0,03055	829,10327	-0,07998
423	-0,04792	829,67078	5,8648E-4	829,67078	-0,03057	829,67078	-0,07957
423,2	-0,04785	830,23822	5,00015E-4	830,23822	-0,0305	830,23822	-0,07915
423,4	-0,04782	830,8056	5,61357E-4	830,8056	-0,03038	830,8056	-0,07915
423,6	-0,04775	831,37299	7,10403E-4	831,37299	-0,03002	831,37299	-0,07917
423,8	-0,04768	831,94031	8,3153E-4	831,94031	-0,02979	831,94031	-0,07922
424	-0,04767	832,50757	9,33081E-4	832,50757	-0,02936	832,50757	-0,07904
424,2	-0,04766	833,07483	0,00104	833,07483	-0,02934	833,07483	-0,07899
424,4	-0,04762	833,64203	0,00132	833,64203	-0,0293	833,64203	-0,07886
424,6	-0,04763	834,20917	0,00186	834,20917	-0,02939	834,20917	-0,07862
424,8	-0,04764	834,77631	0,00189	834,77631	-0,02924	834,77631	-0,07853
425	-0,04764	835,34338	0,00202	835,34338	-0,02874	835,34338	-0,07861
425,2	-0,04762	835,9104	0,00201	835,9104	-0,02836	835,9104	-0,07852
425,4	-0,04759	836,47736	0,002	836,47736	-0,02819	836,47736	-0,07827
425,6	-0,04758	837,04431	0,00204	837,04431	-0,02797	837,04431	-0,07833
425,8	-0,04757	837,61121	0,00211	837,61121	-0,02796	837,61121	-0,07844
426	-0,04753	838,17804	0,00209	838,17804	-0,02809	838,17804	-0,07853
426,2	-0,04756	838,74487	0,0021	838,74487	-0,02833	838,74487	-0,0785
426,4	-0,04757	839,31165	0,00207	839,31165	-0,02862	839,31165	-0,07842
426,6	-0,04755	839,87836	0,00221	839,87836	-0,02862	839,87836	-0,07842
426,8	-0,04756	840,44501	0,00251	840,44501	-0,02841	840,44501	-0,07838
427	-0,04752	841,01166	0,00246	841,01166	-0,02831	841,01166	-0,07858
427,2	-0,04749	841,57825	0,00197	841,57825	-0,02824	841,57825	-0,07861
427,4	-0,04749	842,14484	0,00191	842,14484	-0,02834	842,14484	-0,07845
427,6	-0,0475	842,7113	0,00203	842,7113	-0,02839	842,7113	-0,07844
427,8	-0,04751	843,27777	0,00178	843,27777	-0,02807	843,27777	-0,07843
428	-0,04751	843,84424	0,00184	843,84424	-0,02807	843,84424	-0,07839
428,2	-0,04745	844,41058	0,00181	844,41058	-0,0282	844,41058	-0,07847
428,4	-0,04739	844,97693	0,00198	844,97693	-0,02823	844,97693	-0,07837
428,6	-0,04738	845,54321	0,00196	845,54321	-0,02839	845,54321	-0,07849
428,8	-0,04732	846,1095	0,00131	846,1095	-0,02841	846,1095	-0,07824
429	-0,04723	846,67566	0,0013	846,67566	-0,02835	846,67566	-0,07806
429,2	-0,04715	847,24182	0,00133	847,24182	-0,02847	847,24182	-0,07809
429,4	-0,04711	847,80798	0,00147	847,80798	-0,02846	847,80798	-0,07829
429,6	-0,04706	848,37402	0,00151	848,37402	-0,02832	848,37402	-0,07855
429,8	-0,04702	848,94006	0,00172	848,94006	-0,02851	848,94006	-0,07863
430	-0,04701	849,50604	0,00182	849,50604	-0,02853	849,50604	-0,0786
430,2	-0,04696	850,07202	0,00208	850,07202	-0,02883	850,07202	-0,07872
430,4	-0,04686	850,63788	0,00218	850,63788	-0,0288	850,63788	-0,07872
430,6	-0,04675	851,20374	0,00204	851,20374	-0,02873	851,20374	-0,0787
430,8	-0,04668	851,76959	0,00211	851,76959	-0,02854	851,76959	-0,0786
431	-0,04658	852,33533	0,00225	852,33533	-0,02839	852,33533	-0,0783
431,2	-0,0465	852,90106	0,0022	852,90106	-0,02849	852,90106	-0,07808
431,4	-0,04641	853,46674	0,00243	853,46674	-0,02832	853,46674	-0,07798
431,6	-0,04631	854,03241	0,00244	854,03241	-0,0281	854,03241	-0,0779
431,8	-0,04626	854,59802	0,00244	854,59802	-0,02805	854,59802	-0,07797
432	-0,04618	855,16357	0,00262	855,16357	-0,02762	855,16357	-0,07806
432,2	-0,04615	855,72906	0,00251	855,72906	-0,02716	855,72906	-0,07832
432,4	-0,04616	856,29456	0,00278	856,29456	-0,0268	856,29456	-0,07821
432,6	-0,0461	856,85999	0,00294	856,85999	-0,0266	856,85999	-0,07803
432,8	-0,04604	857,42535	0,00322	857,42535	-0,02666	857,42535	-0,07761
433	-0,04602	857,99066	0,00367	857,99066	-0,02688	857,99066	-0,07731
433,2	-0,04594	858,55597	0,00362	858,55597	-0,02693	858,55597	-0,07708
433,4	-0,0459	859,12122	0,0036	859,12122	-0,0267	859,12122	-0,07703
433,6	-0,04584	859,6864	0,00346	859,6864	-0,02648	859,6864	-0,07706
433,8	-0,04575	860,25159	0,00318	860,25159	-0,02645	860,25159	-0,07725
434	-0,04568	860,81671	0,00303	860,81671	-0,0266	860,81671	-0,07724
434,2	-0,04557	861,38177	0,00316	861,38177	-0,02678	861,38177	-0,0771
434,4	-0,04546	861,94684	0,00318	861,94684	-0,02687	861,94684	-0,07737
434,6	-0,04538	862,51178	0,00327	862,51178	-0,02664	862,51178	-0,07712
434,8	-0,04533	863,07672	0,00329	863,07672	-0,02654	863,07672	-0,07698
435	-0,04523	863,64166	0,00323	863,64166	-0,02629	863,64166	-0,07693
435,2	-0,04512	864,20648	0,00295	864,20648	-0,02622	864,20648	-0,07653
435,4	-0,04505	864,7713	0,00324	864,7713	-0,02617	864,7713	-0,07653
435,6	-0,04496	865,33606	0,00334	865,33606	-0,02612	865,33606	-0,0767
435,8	-0,04488	865,90082	0,00352	865,90082	-0,02634	865,90082	-0,07725
436	-0,04477	866,46552	0,0035	866,46552	-0,02653	866,46552	-0,07744
436,2	-0,04471	867,03015	0,00365	867,03015	-0,02668	867,03015	-0,07749
436,4	-0,04462	867,59473	0,00372	867,59473	-0,02645	867,59473	-0,07728
436,6	-0,04448	868,1593	0,00368	868,1593	-0,02631	868,1593	-0,07714
436,8	-0,04439	868,72375	0,00348	868,72375	-0,02623	868,72375	-0,07711
437	-0,04427	869,28827	0,00304	869,28827	-0,0262	869,28827	-0,07713
437,2	-0,0441	869,85266	0,00243	869,85266	-0,02608	869,85266	-0,07707
437,4	-0,04402	870,41705	0,00254	870,41705	-0,02585	870,41705	-0,07714
437,6	-0,04391	870,98138	0,00228	870,98138	-0,02591	870,98138	-0,07709
437,8	-0,04378	871,54565	0,00241	871,54565	-0,02634	871,54565	-0,07692
438	-0,04371	872,10986	0,0026	872,10986	-0,02632	872,10986	-0,07697
438,2	-0,04361	872,67407	0,00282	872,67407	-0,02663	872,67407	-0,07704
438,4	-0,0435	873,23822	0,00275	873,23822	-0,02658	873,23822	-0,07692
438,6	-0,04342	873,80237	0,00267	873,80237	-0,02667	873,80237	-0,07709
438,8	-0,04331	874,36639	0,00248	874,36639	-0,0266	874,36639	-0,07709
439	-0,04318	874,93042	0,00294	874,93042	-0,02654	874,93042	-0,07688
439,2	-0,04306	875,49438	0,00309	875,49438	-0,02645	875,49438	-0,07651
439,4	-0,04299	876,05835	0,0035	876,05835	-0,02653	876,05835	-0,07613
439,6	-0,04288	876,62225	0,00347	876,62225	-0,02694	876,62225	-0,07584
439,8	-0,04279	877,1861	0,0034	877,1861	-0,02705	877,1861	-0,07591
440	-0,0427	877,74988	0,0032	877,74988	-0,02686	877,74988	-0,07599
440,2	-0,0426	878,31366	0,00304	878,31366	-0,02664	878,31366	-0,07594
440,4	-0,04249	878,87738	0,00278	878,87738	-0,02629	878,87738	-0,07587
440,6	-0,04238	879,44104	0,00266	879,44104	-0,02609	879,44104	-0,07571
440,8	-0,04231	880,00464	0,00268	880,00464	-0,0262	880,00464	-0,07548
441	-0,04219	880,56824	0,00248	880,56824	-0,02607	880,56824	-0,0752
441,2	-0,04208	881,13177	0,00253	881,13177	-0,02646	881,13177	-0,07513
441,4	-0,04204	881,69525	0,00298	881,69525	-0,0265	881,69525	-0,07502
441,6	-0,04194	882,25873	0,00311	882,25873	-0,02647	882,25873	-0,07512
441,8	-0,04184	882,82208	0,00345	882,82208	-0,02672	882,82208	-0,07512
442	-0,04177	883,38544	0,00341	883,38544	-0,02674	883,38544	-0,07477
442,2	-0,04166	883,94879	0,00342	883,94879	-0,02664	883,94879	-0,07478
442,4	-0,04156	884,51202	0,00353	884,51202	-0,02628	884,51202	-0,07456
442,6	-0,04148	885,07526	0,0034	885,07526	-0,02631	885,07526	-0,07442
442,8	-0,04138	885,63843	0,00312	885,63843	-0,02633	885,63843	-0,07413
443	-0,0413	886,2016	0,00294	886,2016	-0,02655	886,2016	-0,07406
443,2	-0,04127	886,76465	0,00244	886,76465	-0,02663	886,76465	-0,0739
443,4	-0,04118	887,3277	0,00234	887,3277	-0,02665	887,3277	-0,07386
443,6	-0,04108	887,89075	0,00193	887,89075	-0,02645	887,89075	-0,07361
443,8	-0,04102	888,45367	0,00219	888,45367	-0,02622	888,45367	-0,07355
444	-0,04096	889,0166	0,00206	889,0166	-0,02574	889,0166	-0,07365
444,2	-0,0409	889,57947	0,00178	889,57947	-0,02571	889,57947	-0,0737
444,4	-0,04082	890,14227	0,00191	890,14227	-0,02564	890,14227	-0,07367
444,6	-0,04073	890,70508	0,00224	890,70508	-0,02569	890,70508	-0,07391
444,8	-0,04064	891,26782	0,00274	891,26782	-0,02571	891,26782	-0,07387
445	-0,0405	891,83051	0,00281	891,83051	-0,02583	891,83051	-0,0739
445,2	-0,04042	892,39313	0,00311	892,39313	-0,02578	892,39313	-0,07375
445,4	-0,04033	892,95575	0,00324	892,95575	-0,02568	892,95575	-0,07398
445,6	-0,04021	893,51831	0,00325	893,51831	-0,02562	893,51831	-0,0739
445,8	-0,04008	894,08081	0,00316	894,08081	-0,02538	894,08081	-0,07371
446	-0,03998	894,64331	0,0029	894,64331	-0,02544	894,64331	-0,07389
446,2	-0,03988	895,20569	0,00307	895,20569	-0,02537	895,20569	-0,07388
446,4	-0,03979	895,76807	0,00321	895,76807	-0,02564	895,76807	-0,07422
446,6	-0,0397	896,33044	0,00301	896,33044	-0,02591	896,33044	-0,07403
446,8	-0,03959	896,8927	0,0031	896,8927	-0,02603	896,8927	-0,07389
447	-0,03952	897,45496	0,00343	897,45496	-0,02593	897,45496	-0,07406
447,2	-0,03942	898,01715	0,00398	898,01715	-0,02603	898,01715	-0,07413
447,4	-0,03927	898,57928	0,00408	898,57928	-0,02594	898,57928	-0,07399
447,6	-0,03916	899,14142	0,00434	899,14142	-0,02586	899,14142	-0,07381
447,8	-0,03907	899,70349	0,00453	899,70349	-0,02589	899,70349	-0,0736
448	-0,03895	900,2655	0,00428	900,2655	-0,02565	900,2655	-0,0737
448,2	-0,03881	900,82745	0,00459	900,82745	-0,02551	900,82745	-0,07357
448,4	-0,03868	901,3894	0,00479	901,3894	-0,02541	901,3894	-0,07351
448,6	-0,03855	901,95129	0,00488	901,95129	-0,02558	901,95129	-0,0736
448,8	-0,03845	902,51312	0,00456	902,51312	-0,02567	902,51312	-0,07387
449	-0,03837	903,07495	0,00414	903,07495	-0,02579	903,07495	-0,07425
449,2	-0,0383	903,63666	0,00386	903,63666	-0,02579	903,63666	-0,07447
449,4	-0,03822	904,19836	0,00372	904,19836	-0,02588	904,19836	-0,07447
449,6	-0,03814	904,76007	0,00363	904,76007	-0,02587	904,76007	-0,07431
449,8	-0,03807	905,32166	0,00311	905,32166	-0,02592	905,32166	-0,0742
450	-0,03799	905,88324	0,00277	905,88324	-0,02604	905,88324	-0,07423
450,2	-0,03793	906,44476	0,0025	906,44476	-0,02623	906,44476	-0,0742
450,4	-0,03782	907,00623	0,0021	907,00623	-0,0262	907,00623	-0,07432
450,6	-0,03773	907,56769	0,00213	907,56769	-0,02602	907,56769	-0,07441
450,8	-0,03762	908,12909	0,00241	908,12909	-0,02596	908,12909	-0,07454
451	-0,03749	908,69043	0,00255	908,69043	-0,02588	908,69043	-0,07445
451,2	-0,03738	909,25171	0,00243	909,25171	-0,02575	909,25171	-0,07433
451,4	-0,03727	909,81299	0,00217	909,81299	-0,02588	909,81299	-0,07417
451,6	-0,03719	910,37421	0,00259	910,37421	-0,02565	910,37421	-0,07402
451,8	-0,03709	910,93536	0,00272	910,93536	-0,02575	910,93536	-0,07424
452	-0,03698	911,49646	0,00269	911,49646	-0,02585	911,49646	-0,07414
452,2	-0,03687	912,05756	0,00259	912,05756	-0,02583	912,05756	-0,07401
452,4	-0,03679	912,61859	0,00234	912,61859	-0,02574	912,61859	-0,07357
452,6	-0,03671	913,17957	0,00274	913,17957	-0,02545	913,17957	-0,07324
452,8	-0,03665	913,74048	0,00265	913,74048	-0,0254	913,74048	-0,07297
453	-0,03658	914,30139	0,00273	914,30139	-0,02507	914,30139	-0,0728
453,2	-0,0365	914,86224	0,0025	914,86224	-0,02489	914,86224	-0,07299
453,4	-0,03641	915,42303	0,00246	915,42303	-0,02482	915,42303	-0,07306
453,6	-0,03632	915,98376	0,00243	915,98376	-0,02479	915,98376	-0,07348
453,8	-0,03622	916,54449	0,00237	916,54449	-0,02507	916,54449	-0,07356
454	-0,0361	917,10516	0,00289	917,10516	-0,02528	917,10516	-0,07348
454,2	-0,03606	917,66577	0,00345	917,66577	-0,02534	917,66577	-0,07348
454,4	-0,03596	918,22638	0,00399	918,22638	-0,02547	918,22638	-0,07331
454,6	-0,03591	918,78693	0,00425	918,78693	-0,02562	918,78693	-0,07342
454,8	-0,03583	919,34741	0,00406	919,34741	-0,02528	919,34741	-0,07346
455	-0,03577	919,90784	0,00364	919,90784	-0,02499	919,90784	-0,07358
455,2	-0,03575	920,4682	0,00344	920,4682	-0,02474	920,4682	-0,07361
455,4	-0,03567	921,02856	0,00292	921,02856	-0,02477	921,02856	-0,07336
455,6	-0,0356	921,58887	0,00288	921,58887	-0,0245	921,58887	-0,07336
455,8	-0,03555	922,14911	0,00291	922,14911	-0,02458	922,14911	-0,07341
456	-0,03551	922,70935	0,00253	922,70935	-0,02485	922,70935	-0,0735
456,2	-0,03548	923,26953	0,00248	923,26953	-0,02513	923,26953	-0,07354
456,4	-0,03544	923,82965	0,00242	923,82965	-0,02532	923,82965	-0,07382
456,6	-0,03535	924,38971	0,00265	924,38971	-0,0255	924,38971	-0,07395
456,8	-0,03523	924,94971	0,00277	924,94971	-0,02597	924,94971	-0,07421
457	-0,03513	925,5097	0,00271	925,5097	-0,02612	925,5097	-0,07431
457,2	-0,03501	926,06964	0,00264	926,06964	-0,02634	926,06964	-0,07426
457,4	-0,0349	926,62958	0,00305	926,62958	-0,02637	926,62958	-0,07424
457,6	-0,03483	927,18939	0,00318	927,18939	-0,02631	927,18939	-0,07435
457,8	-0,03473	927,74921	0,00285	927,74921	-0,02656	927,74921	-0,07445
458	-0,03465	928,30896	0,00296	928,30896	-0,0263	928,30896	-0,07446
458,2	-0,03456	928,86865	0,00234	928,86865	-0,02644	928,86865	-0,07502
458,4	-0,0344	929,42834	0,00169	929,42834	-0,02629	929,42834	-0,07517
458,6	-0,03431	929,98798	0,00148	929,98798	-0,02697	929,98798	-0,07499
458,8	-0,03423	930,54755	0,0013	930,54755	-0,02681	930,54755	-0,07471
459	-0,03409	931,10706	0,00102	931,10706	-0,02671	931,10706	-0,07471
459,2	-0,03401	931,66656	7,94301E-4	931,66656	-0,02719	931,66656	-0,07477
459,4	-0,0339	932,22595	5,94304E-4	932,22595	-0,02766	932,22595	-0,07474
459,6	-0,03381	932,78534	6,33605E-4	932,78534	-0,02755	932,78534	-0,07454
459,8	-0,03375	933,34473	6,21822E-4	933,34473	-0,02716	933,34473	-0,07446
460	-0,03368	933,90399	3,05771E-5	933,90399	-0,02645	933,90399	-0,07428
460,2	-0,03361	934,46326	-2,4627E-5	934,46326	-0,02613	934,46326	-0,07392
460,4	-0,03352	935,02246	4,95753E-5	935,02246	-0,02584	935,02246	-0,07343
460,6	-0,03346	935,5816	1,94397E-4	935,5816	-0,02543	935,5816	-0,07317
460,8	-0,03342	936,14075	1,37018E-4	936,14075	-0,02495	936,14075	-0,07297
461	-0,03341	936,69983	-1,87057E-4	936,69983	-0,02496	936,69983	-0,07263
461,2	-0,03334	937,25885	1,82061E-4	937,25885	-0,02508	937,25885	-0,07253
461,4	-0,03331	937,81781	1,57091E-4	937,81781	-0,02504	937,81781	-0,07265
461,6	-0,03328	938,37677	2,20736E-5	938,37677	-0,02454	938,37677	-0,07248
461,8	-0,03321	938,93561	-7,12184E-5	938,93561	-0,02462	938,93561	-0,07259
462	-0,03317	939,49445	7,46537E-4	939,49445	-0,02473	939,49445	-0,07254
462,2	-0,03313	940,05328	7,3009E-4	940,05328	-0,02498	940,05328	-0,07274
462,4	-0,03308	940,612	0,00123	940,612	-0,02475	940,612	-0,07277
462,6	-0,03307	941,17072	0,00132	941,17072	-0,02476	941,17072	-0,07251
462,8	-0,03303	941,72937	0,00174	941,72937	-0,02461	941,72937	-0,07172
463	-0,03297	942,28796	0,002	942,28796	-0,02432	942,28796	-0,07145
463,2	-0,03298	942,84656	0,00202	942,84656	-0,02388	942,84656	-0,07111
463,4	-0,03295	943,40503	0,00255	943,40503	-0,02339	943,40503	-0,07097
463,6	-0,03289	943,9635	0,00287	943,9635	-0,02301	943,9635	-0,07054
463,8	-0,03286	944,52197	0,00354	944,52197	-0,02279	944,52197	-0,07031
464	-0,03278	945,08032	0,00363	945,08032	-0,02243	945,08032	-0,06983
464,2	-0,03271	945,63867	0,0037	945,63867	-0,02274	945,63867	-0,06952
464,4	-0,03263	946,19696	0,00403	946,19696	-0,02236	946,19696	-0,06919
464,6	-0,03257	946,75519	0,00424	946,75519	-0,02194	946,75519	-0,06896
464,8	-0,03249	947,31335	0,00402	947,31335	-0,02116	947,31335	-0,06855
465	-0,03244	947,87152	0,00416	947,87152	-0,02089	947,87152	-0,06825
465,2	-0,03238	948,42963	0,00378	948,42963	-0,02033	948,42963	-0,06776
465,4	-0,03235	948,98767	0,00353	948,98767	-0,02009	948,98767	-0,06758
465,6	-0,03231	949,54572	0,00392	949,54572	-0,01989	949,54572	-0,06782
465,8	-0,03227	950,10364	0,00408	950,10364	-0,01978	950,10364	-0,06775
466	-0,03225	950,66156	0,0045	950,66156	-0,01981	950,66156	-0,0678
466,2	-0,03222	951,21942	0,0046	951,21942	-0,01991	951,21942	-0,06766
466,4	-0,03218	951,77728	0,0049	951,77728	-0,01954	951,77728	-0,06766
466,6	-0,03215	952,33502	0,00478	952,33502	-0,01948	952,33502	-0,06812
466,8	-0,03212	952,89276	0,00492	952,89276	-0,01949	952,89276	-0,06836
467	-0,03209	953,45044	0,00451	953,45044	-0,01987	953,45044	-0,06806
467,2	-0,03206	954,00806	0,0042	954,00806	-0,02006	954,00806	-0,06815
467,4	-0,032	954,56567	0,005	954,56567	-0,01979	954,56567	-0,06845
467,6	-0,03196	955,12323	0,00499	955,12323	-0,02012	955,12323	-0,06809
467,8	-0,03191	955,68073	0,00476	955,68073	-0,02055	955,68073	-0,06819
468	-0,03187	956,23816	0,00446	956,23816	-0,02028	956,23816	-0,06827
468,2	-0,03186	956,79559	0,00438	956,79559	-0,02014	956,79559	-0,06837
468,4	-0,03185	957,35291	0,0045	957,35291	-0,01958	957,35291	-0,06813
468,6	-0,03181	957,91022	0,00409	957,91022	-0,01975	957,91022	-0,06812
468,8	-0,03182	958,46753	0,00342	958,46753	-0,01927	958,46753	-0,06795
469	-0,03178	959,02472	0,00385	959,02472	-0,01877	959,02472	-0,06758
469,2	-0,03176	959,58191	0,00337	959,58191	-0,01826	959,58191	-0,06747
469,4	-0,03173	960,13904	0,00371	960,13904	-0,01871	960,13904	-0,06746
469,6	-0,0317	960,69611	0,00355	960,69611	-0,01883	960,69611	-0,06734
469,8	-0,03165	961,25311	0,00337	961,25311	-0,01901	961,25311	-0,06751
470	-0,03159	961,81012	0,00321	961,81012	-0,01889	961,81012	-0,06741
470,2	-0,03153	962,36707	0,00288	962,36707	-0,01921	962,36707	-0,06758
470,4	-0,03147	962,92395	0,00263	962,92395	-0,01869	962,92395	-0,06765
470,6	-0,03145	963,48077	0,002	963,48077	-0,01891	963,48077	-0,06791
470,8	-0,0314	964,0376	0,00204	964,0376	-0,01927	964,0376	-0,06748
471	-0,03138	964,59436	0,00239	964,59436	-0,01935	964,59436	-0,06771
471,2	-0,03133	965,15106	0,00227	965,15106	-0,01935	965,15106	-0,06799
471,4	-0,03128	965,7077	0,0025	965,7077	-0,01984	965,7077	-0,06819
471,6	-0,03127	966,26428	0,00208	966,26428	-0,01983	966,26428	-0,06814
471,8	-0,03121	966,82086	0,00208	966,82086	-0,01996	966,82086	-0,06823
472	-0,03118	967,37738	0,00234	967,37738	-0,01987	967,37738	-0,06834
472,2	-0,03117	967,93384	0,00259	967,93384	-0,01998	967,93384	-0,06823
472,4	-0,03113	968,4903	0,00272	968,4903	-0,02049	968,4903	-0,06786
472,6	-0,03109	969,04663	0,00263	969,04663	-0,02082	969,04663	-0,06748
472,8	-0,03108	969,60297	0,00299	969,60297	-0,02072	969,60297	-0,06728
473	-0,03103	970,15924	0,00361	970,15924	-0,02061	970,15924	-0,06711
473,2	-0,03104	970,71552	0,00361	970,71552	-0,0199	970,71552	-0,06734
473,4	-0,03101	971,27167	0,00398	971,27167	-0,01969	971,27167	-0,0677
473,6	-0,03098	971,82782	0,00411	971,82782	-0,01984	971,82782	-0,06767
473,8	-0,03097	972,38391	0,00404	972,38391	-0,01966	972,38391	-0,06789
474	-0,03097	972,93994	0,00364	972,93994	-0,01942	972,93994	-0,06814
474,2	-0,03094	973,49597	0,00397	973,49597	-0,01939	973,49597	-0,06819
474,4	-0,03096	974,05194	0,00391	974,05194	-0,01899	974,05194	-0,06806
474,6	-0,03096	974,60785	0,00389	974,60785	-0,01921	974,60785	-0,0681
474,8	-0,0309	975,1637	0,00392	975,1637	-0,01903	975,1637	-0,06811
475	-0,03088	975,71948	0,00384	975,71948	-0,01893	975,71948	-0,0681
475,2	-0,03083	976,27527	0,00329	976,27527	-0,01944	976,27527	-0,06815
475,4	-0,03079	976,83099	0,00316	976,83099	-0,02004	976,83099	-0,06814
475,6	-0,03075	977,38666	0,00297	977,38666	-0,02013	977,38666	-0,06818
475,8	-0,0307	977,94226	0,00301	977,94226	-0,01989	977,94226	-0,0683
476	-0,03069	978,49786	0,00289	978,49786	-0,02009	978,49786	-0,06878
476,2	-0,03068	979,05341	0,00309	979,05341	-0,02009	979,05341	-0,0686
476,4	-0,03065	979,60889	0,00284	979,60889	-0,02025	979,60889	-0,06856
476,6	-0,03062	980,16431	0,00236	980,16431	-0,02029	980,16431	-0,06837
476,8	-0,03059	980,71967	0,00249	980,71967	-0,02018	980,71967	-0,06842
477	-0,03055	981,27502	0,00225	981,27502	-0,01982	981,27502	-0,06865
477,2	-0,03052	981,83032	0,00244	981,83032	-0,01986	981,83032	-0,06875
477,4	-0,03048	982,38556	0,0021	982,38556	-0,0204	982,38556	-0,06881
477,6	-0,03041	982,94073	0,00239	982,94073	-0,02052	982,94073	-0,0686
477,8	-0,03036	983,49591	0,00266	983,49591	-0,02068	983,49591	-0,06894
478	-0,03032	984,05103	0,00323	984,05103	-0,0202	984,05103	-0,06911
478,2	-0,03029	984,60608	0,00342	984,60608	-0,02066	984,60608	-0,06915
478,4	-0,03027	985,16107	0,00279	985,16107	-0,02106	985,16107	-0,06881
478,6	-0,03023	985,71606	0,00241	985,71606	-0,02056	985,71606	-0,06872
478,8	-0,0302	986,27094	0,00227	986,27094	-0,02042	986,27094	-0,06857
479	-0,03019	986,82581	0,00328	986,82581	-0,02066	986,82581	-0,06891
479,2	-0,0302	987,38062	0,00356	987,38062	-0,0205	987,38062	-0,06905
479,4	-0,03021	987,93542	0,00372	987,93542	-0,02123	987,93542	-0,06947
479,6	-0,03023	988,49011	0,00408	988,49011	-0,02123	988,49011	-0,06948
479,8	-0,03027	989,0448	0,00437	989,0448	-0,02119	989,0448	-0,06998
480	-0,03029	989,59943	0,00486	989,59943	-0,02117	989,59943	-0,07005
480,2	-0,03029	990,15399	0,00554	990,15399	-0,02143	990,15399	-0,06986
480,4	-0,03027	990,70856	0,00516	990,70856	-0,02152	990,70856	-0,06969
480,6	-0,03023	991,26306	0,00565	991,26306	-0,02166	991,26306	-0,06976
480,8	-0,03022	991,8175	0,00598	991,8175	-0,02191	991,8175	-0,06911
481	-0,03023	992,37189	0,00603	992,37189	-0,02231	992,37189	-0,06902
481,2	-0,03024	992,92621	0,00593	992,92621	-0,02265	992,92621	-0,06864
481,4	-0,03024	993,48053	0,00586	993,48053	-0,02267	993,48053	-0,06832
481,6	-0,03026	994,03473	0,0059	994,03473	-0,02223	994,03473	-0,06847
481,8	-0,0303	994,58893	0,00517	994,58893	-0,02188	994,58893	-0,06854
482	-0,03031	995,14313	0,0046	995,14313	-0,02177	995,14313	-0,06835
482,2	-0,03029	995,6972	0,0042	995,6972	-0,02189	995,6972	-0,06812
482,4	-0,03028	996,25128	0,0046	996,25128	-0,02235	996,25128	-0,06814
482,6	-0,03029	996,8053	0,00499	996,8053	-0,02219	996,8053	-0,06816
482,8	-0,03032	997,35925	0,00547	997,35925	-0,02238	997,35925	-0,06779
483	-0,03034	997,91315	0,00557	997,91315	-0,0226	997,91315	-0,06716
483,2	-0,03034	998,46704	0,0049	998,46704	-0,02287	998,46704	-0,06713
483,4	-0,03036	999,02081	0,00459	999,02081	-0,02253	999,02081	-0,06738
483,6	-0,03035	999,57458	0,00511	999,57458	-0,02213	999,57458	-0,06772
483,8	-0,0303	1000,12836	0,00563	1000,12836	-0,02196	1000,12836	-0,06761
484	-0,03026	1000,68201	0,00521	1000,68201	-0,0216	1000,68201	-0,06674
484,2	-0,03019	1001,23566	0,00484	1001,23566	-0,02163	1001,23566	-0,06618
484,4	-0,03012	1001,78918	0,00423	1001,78918	-0,02071	1001,78918	-0,06582
484,6	-0,03013	1002,34271	0,0039	1002,34271	-0,02003	1002,34271	-0,0661
484,8	-0,03011	1002,89624	0,00367	1002,89624	-0,0199	1002,89624	-0,06574
485	-0,03011	1003,44965	0,00379	1003,44965	-0,02001	1003,44965	-0,06557
485,2	-0,03011	1004,00305	0,00348	1004,00305	-0,02012	1004,00305	-0,06535
485,4	-0,03009	1004,5564	0,00382	1004,5564	-0,02061	1004,5564	-0,06563
485,6	-0,03008	1005,10968	0,00358	1005,10968	-0,02007	1005,10968	-0,06555
485,8	-0,03004	1005,6629	0,00356	1005,6629	-0,02001	1005,6629	-0,06553
486	-0,02999	1006,21613	0,00388	1006,21613	-0,01999	1006,21613	-0,065
486,2	-0,02998	1006,76929	0,00421	1006,76929	-0,01983	1006,76929	-0,06432
486,4	-0,03001	1007,32239	0,00367	1007,32239	-0,01969	1007,32239	-0,06413
486,6	-0,02999	1007,87543	0,00285	1007,87543	-0,01963	1007,87543	-0,06464
486,8	-0,02995	1008,42841	0,00256	1008,42841	-0,01984	1008,42841	-0,06433
487	-0,02991	1008,98138	0,00246	1008,98138	-0,02015	1008,98138	-0,06481
487,2	-0,02985	1009,5343	0,00237	1009,5343	-0,01986	1009,5343	-0,06504
487,4	-0,02981	1010,08716	0,00226	1010,08716	-0,02007	1010,08716	-0,0649
487,6	-0,02975	1010,63995	0,00231	1010,63995	-0,01995	1010,63995	-0,06428
487,8	-0,02972	1011,19269	0,00217	1011,19269	-0,02011	1011,19269	-0,06459
488	-0,02972	1011,74542	9,4044E-4	1011,74542	-0,0202	1011,74542	-0,06493
488,2	-0,02965	1012,2981	9,00571E-4	1012,2981	-0,02068	1012,2981	-0,06512
488,4	-0,02968	1012,85071	6,05208E-4	1012,85071	-0,02071	1012,85071	-0,06561
488,6	-0,02969	1013,40326	3,85917E-4	1013,40326	-0,02026	1013,40326	-0,06574
488,8	-0,02962	1013,95581	6,42529E-4	1013,95581	-0,01997	1013,95581	-0,06546
489	-0,02961	1014,50824	3,31695E-4	1014,50824	-0,01999	1014,50824	-0,06583
489,2	-0,02957	1015,06067	1,8384E-4	1015,06067	-0,0196	1015,06067	-0,06585
489,4	-0,02951	1015,61304	-4,3369E-4	1015,61304	-0,01974	1015,61304	-0,06583
489,6	-0,0295	1016,16541	-8,09637E-4	1016,16541	-0,0201	1016,16541	-0,06581
489,8	-0,02949	1016,71765	-0,00133	1016,71765	-0,0201	1016,71765	-0,06595
490	-0,02946	1017,2699	-0,00122	1017,2699	-0,01992	1017,2699	-0,06616
490,2	-0,02946	1017,82208	-8,48593E-4	1017,82208	-0,02002	1017,82208	-0,06633
490,4	-0,02945	1018,37421	-9,40597E-4	1018,37421	-0,02076	1018,37421	-0,06618
490,6	-0,0294	1018,92633	-6,39702E-4	1018,92633	-0,02168	1018,92633	-0,06621
490,8	-0,02936	1019,47833	3,14047E-4	1019,47833	-0,02224	1019,47833	-0,06649
491	-0,02935	1020,03033	6,73316E-4	1020,03033	-0,02288	1020,03033	-0,06733
491,2	-0,0293	1020,58228	5,37557E-4	1020,58228	-0,02294	1020,58228	-0,06743
491,4	-0,02929	1021,13416	-2,0885E-4	1021,13416	-0,0234	1021,13416	-0,06739
491,6	-0,02927	1021,68597	3,78702E-5	1021,68597	-0,02375	1021,68597	-0,06695
491,8	-0,02924	1022,23779	1,41502E-4	1022,23779	-0,02393	1022,23779	-0,067
492	-0,02921	1022,78955	-4,23039E-5	1022,78955	-0,0241	1022,78955	-0,06637
492,2	-0,02916	1023,34125	3,76833E-4	1023,34125	-0,02454	1023,34125	-0,0658
492,4	-0,02916	1023,89288	6,74445E-4	1023,89288	-0,02426	1023,89288	-0,06548
492,6	-0,02913	1024,44446	0,0012	1024,44446	-0,02385	1024,44446	-0,06586
492,8	-0,02911	1024,99609	0,00196	1024,99609	-0,02336	1024,99609	-0,06564
493	-0,02912	1025,54761	0,00213	1025,54761	-0,02368	1025,54761	-0,06584
493,2	-0,02914	1026,099	0,00198	1026,099	-0,02314	1026,099	-0,06625
493,4	-0,02911	1026,65039	0,00182	1026,65039	-0,02335	1026,65039	-0,06638
493,6	-0,02912	1027,20178	0,00299	1027,20178	-0,02246	1027,20178	-0,06587
493,8	-0,02909	1027,75305	0,00336	1027,75305	-0,02294	1027,75305	-0,06598
494	-0,02907	1028,30432	0,00391	1028,30432	-0,02284	1028,30432	-0,06575
494,2	-0,02907	1028,85559	0,00409	1028,85559	-0,02239	1028,85559	-0,06542
494,4	-0,02905	1029,40674	0,00369	1029,40674	-0,02249	1029,40674	-0,0653
494,6	-0,02901	1029,95776	0,00398	1029,95776	-0,022	1029,95776	-0,06555
494,8	-0,029	1030,50891	0,00367	1030,50891	-0,02184	1030,50891	-0,06555
495	-0,02899	1031,05994	0,00345	1031,05994	-0,02209	1031,05994	-0,06477
495,2	-0,02898	1031,61084	0,00389	1031,61084	-0,02188	1031,61084	-0,06481
495,4	-0,02895	1032,16174	0,00397	1032,16174	-0,02151	1032,16174	-0,06434
495,6	-0,02892	1032,71265	0,0049	1032,71265	-0,02172	1032,71265	-0,06422
495,8	-0,0289	1033,26343	0,00528	1033,26343	-0,02099	1033,26343	-0,06408
496	-0,02891	1033,81421	0,00493	1033,81421	-0,02051	1033,81421	-0,06357
496,2	-0,02892	1034,36499	0,00463	1034,36499	-0,02045	1034,36499	-0,06324
496,4	-0,02892	1034,91565	0,00576	1034,91565	-0,02033	1034,91565	-0,06285
496,6	-0,02894	1035,46631	0,00527	1035,46631	-0,01971	1035,46631	-0,06299
496,8	-0,02893	1036,01685	0,00507	1036,01685	-0,01893	1036,01685	-0,06326
497	-0,02889	1036,56738	0,00466	1036,56738	-0,01899	1036,56738	-0,06271
497,2	-0,0289	1037,1178	0,00398	1037,1178	-0,01864	1037,1178	-0,06233
497,4	-0,0289	1037,66833	0,00377	1037,66833	-0,01851	1037,66833	-0,06217
497,6	-0,02891	1038,21863	0,00416	1038,21863	-0,0181	1038,21863	-0,06207
497,8	-0,02891	1038,76904	0,00401	1038,76904	-0,01795	1038,76904	-0,06181
498	-0,02887	1039,31934	0,00343	1039,31934	-0,01844	1039,31934	-0,06163
498,2	-0,02883	1039,86951	0,00339	1039,86951	-0,01878	1039,86951	-0,06147
498,4	-0,02881	1040,41968	0,00358	1040,41968	-0,01858	1040,41968	-0,06114
498,6	-0,02876	1040,96985	0,00345	1040,96985	-0,01932	1040,96985	-0,06184
498,8	-0,02872	1041,5199	0,00283	1041,5199	-0,01913	1041,5199	-0,06205
499	-0,02874	1042,06995	0,00213	1042,06995	-0,01966	1042,06995	-0,06297
499,2	-0,02874	1042,62	0,00131	1042,62	-0,01897	1042,62	-0,06406
499,4	-0,02873	1043,16992	5,75409E-4	1043,16992	-0,0193	1043,16992	-0,06365
499,6	-0,02878	1043,71973	2,32121E-4	1043,71973	-0,01894	1043,71973	-0,06339
499,8	-0,02879	1044,26965	-6,88747E-4	1044,26965	-0,01934	1044,26965	-0,0635
500	-0,02883	1044,81946	-0,00156	1044,81946	-0,01858	1044,81946	-0,06322
500,2	-0,02886	1045,36914	-0,00153	1045,36914	-0,01778	1045,36914	-0,06313
500,4	-0,02887	1045,91882	-0,00261	1045,91882	-0,01779	1045,91882	-0,06314
500,6	-0,02887	1046,46851	-0,00385	1046,46851	-0,01777	1046,46851	-0,06318
500,8	-0,02888	1047,01807	-0,00331	1047,01807	-0,01774	1047,01807	-0,06321
501	-0,02888	1047,56763	-0,0027	1047,56763	-0,01748	1047,56763	-0,06282
501,2	-0,0289	1048,11707	-0,00234	1048,11707	-0,01703	1048,11707	-0,0627
501,4	-0,02889	1048,6665	-0,00164	1048,6665	-0,01668	1048,6665	-0,06316
501,6	-0,02887	1049,21594	-7,75055E-4	1049,21594	-0,01688	1049,21594	-0,06314
501,8	-0,02884	1049,76526	-8,25387E-4	1049,76526	-0,01669	1049,76526	-0,06298
502	-0,02885	1050,31458	-8,75815E-4	1050,31458	-0,01738	1050,31458	-0,06372
502,2	-0,02885	1050,86389	-0,0012	1050,86389	-0,01834	1050,86389	-0,06344
502,4	-0,02885	1051,41309	-0,00158	1051,41309	-0,01867	1051,41309	-0,06368
502,6	-0,02886	1051,96216	-0,0026	1051,96216	-0,01821	1051,96216	-0,06348
502,8	-0,02888	1052,51135	-0,00175	1052,51135	-0,01807	1052,51135	-0,064
503	-0,02892	1053,0603	-0,00142	1053,0603	-0,01846	1053,0603	-0,06419
503,2	-0,02892	1053,60938	-0,00166	1053,60938	-0,01783	1053,60938	-0,06427
503,4	-0,02889	1054,15833	-0,00229	1054,15833	-0,01763	1054,15833	-0,06478
503,6	-0,02889	1054,70715	-0,00256	1054,70715	-0,01689	1054,70715	-0,06404
503,8	-0,02888	1055,2561	-0,00288	1055,2561	-0,01697	1055,2561	-0,06418
504	-0,02888	1055,80481	-7,74651E-4	1055,80481	-0,01626	1055,80481	-0,06446
504,2	-0,02886	1056,35364	-6,49025E-4	1056,35364	-0,01612	1056,35364	-0,06356
504,4	-0,02883	1056,90234	-4,926E-4	1056,90234	-0,01553	1056,90234	-0,06331
504,6	-0,02882	1057,45093	0,00127	1057,45093	-0,01504	1057,45093	-0,06363
504,8	-0,02883	1057,99963	0,00198	1057,99963	-0,01433	1057,99963	-0,06318
505	-0,02881	1058,5481	0,00144	1058,5481	-0,01473	1058,5481	-0,06265
505,2	-0,0288	1059,09668	9,5629E-4	1059,09668	-0,0136	1059,09668	-0,06216
505,4	-0,0288	1059,64514	0,0019	1059,64514	-0,01366	1059,64514	-0,06106
505,6	-0,02878	1060,19348	0,00283	1060,19348	-0,01256	1060,19348	-0,05983
505,8	-0,02875	1060,74182	0,00219	1060,74182	-0,01195	1060,74182	-0,05891
506	-0,02877	1061,29016	0,00265	1061,29016	-0,01095	1061,29016	-0,05746
506,2	-0,02875	1061,83838	0,00292	1061,83838	-0,01018	1061,83838	-0,05594
506,4	-0,02875	1062,3866	0,00271	1062,3866	-0,01023	1062,3866	-0,05598
506,6	-0,02877	1062,93481	0,0037	1062,93481	-0,0099	1062,93481	-0,05647
506,8	-0,02876	1063,48291	0,006	1063,48291	-0,0087	1063,48291	-0,05658
507	-0,02873	1064,03101	0,00625	1064,03101	-0,00862	1064,03101	-0,05678
507,2	-0,02871	1064,57898	0,00675	1064,57898	-0,00816	1064,57898	-0,05598
507,4	-0,02869	1065,12695	0,00839	1065,12695	-0,00767	1065,12695	-0,05566
507,6	-0,02871	1065,6748	0,01086	1065,6748	-0,00724	1065,6748	-0,0553
507,8	-0,02869	1066,22266	0,01185	1066,22266	-0,0072	1066,22266	-0,05571
508	-0,02865	1066,77051	0,01198	1066,77051	-0,00648	1066,77051	-0,05547
508,2	-0,02864	1067,31824	0,012	1067,31824	-0,00725	1067,31824	-0,05511
508,4	-0,02863	1067,86597	0,01328	1067,86597	-0,00639	1067,86597	-0,05451
508,6	-0,02862	1068,41357	0,0132	1068,41357	-0,0051	1068,41357	-0,05455
508,8	-0,02859	1068,96118	0,01277	1068,96118	-0,00535	1068,96118	-0,05421
509	-0,02858	1069,50879	0,01386	1069,50879	-0,0066	1069,50879	-0,05424
509,2	-0,02859	1070,05627	0,01354	1070,05627	-0,00655	1070,05627	-0,05465
509,4	-0,0286	1070,60376	0,01343	1070,60376	-0,00706	1070,60376	-0,05449
509,6	-0,0286	1071,15112	0,01282	1071,15112	-0,00745	1071,15112	-0,05376
509,8	-0,02859	1071,69849	0,01154	1071,69849	-0,00795	1071,69849	-0,05353
510	-0,02859	1072,24585	0,01189	1072,24585	-0,00703	1072,24585	-0,05287
510,2	-0,02858	1072,79309	0,01209	1072,79309	-0,00762	1072,79309	-0,05315
510,4	-0,02862	1073,34033	0,01101	1073,34033	-0,0059	1073,34033	-0,05245
510,6	-0,02864	1073,88745	0,01163	1073,88745	-0,00695	1073,88745	-0,05214
510,8	-0,02865	1074,43457	0,01208	1074,43457	-0,00717	1074,43457	-0,05025
511	-0,02868	1074,98169	0,01136	1074,98169	-0,00577	1074,98169	-0,05148
511,2	-0,02872	1075,52869	0,01078	1075,52869	-0,00522	1075,52869	-0,0519
511,4	-0,02875	1076,07556	0,0104	1076,07556	-0,00704	1076,07556	-0,05228
511,6	-0,02878	1076,62256	0,01041	1076,62256	-0,00595	1076,62256	-0,05294
511,8	-0,02878	1077,16931	0,00956	1077,16931	-0,007	1077,16931	-0,05273
512	-0,0288	1077,71619	0,01095	1077,71619	-0,00857	1077,71619	-0,05235
512,2	-0,02884	1078,26294	0,01253	1078,26294	-0,00911	1078,26294	-0,06426
512,4	-0,02889	1078,80969	0,01037	1078,80969	-0,01034	1078,80969	-0,06502
512,6	-0,02895	1079,35632	0,01097	1079,35632	-0,01749	1079,35632	-0,06494
512,8	-0,02899	1079,90295	0,01088	1079,90295	-0,01538	1079,90295	-0,06477
513	-0,02901	1080,44946	0,00896	1080,44946	-0,01615	1080,44946	-0,06524
513,2	-0,02905	1080,99597	0,00867	1080,99597	-0,01631	1080,99597	-0,0642
513,4	-0,02907	1081,54248	0,00938	1081,54248	-0,0156	1081,54248	-0,06595
513,6	-0,0291	1082,08887	-0,01699	1082,08887	-0,01604	1082,08887	-0,06508
513,8	-0,02914	1082,63513	-0,01616	1082,63513	-0,01827	1082,63513	-0,06466
514	-0,02919	1083,18152	-0,01613	1083,18152	-0,01726	1083,18152	-0,06322
514,2	-0,02925	1083,72778	-0,017	1083,72778	-0,01853	1083,72778	-0,0644
514,4	-0,02928	1084,27393	-0,017	1084,27393	-0,01671	1084,27393	-0,0627
514,6	-0,02929	1084,82007	-0,01711	1084,82007	-0,01827	1084,82007	-0,06216
514,8	-0,02935	1085,36621	-0,01891	1085,36621	-0,01805	1085,36621	-0,05965
515	-0,02938	1085,91223	-0,01895	1085,91223	-0,01726	1085,91223	-0,05828
515,2	-0,02942	1086,45825	-0,02074	1086,45825	-0,0142	1086,45825	-0,05694
515,4	-0,02949	1087,00415	-0,02073	1087,00415	-0,01338	1087,00415	-0,05669
515,6	-0,02956	1087,55017	-0,02096	1087,55017	-0,0126	1087,55017	-0,05521
515,8	-0,02961	1088,09595	-0,02215	1088,09595	-0,01192	1088,09595	-0,05466
516	-0,02969	1088,64172	-0,02076	1088,64172	-0,01134	1088,64172	-0,05317
516,2	-0,02976	1089,1875	-0,02088	1089,1875	-0,01191	1089,1875	-0,0523
516,4	-0,02983	1089,73315	-0,02156	1089,73315	-0,0093	1089,73315	-0,05149
516,6	-0,02988	1090,27881	-0,02048	1090,27881	-0,01035	1090,27881	-0,05129
516,8	-0,02993	1090,82446	-0,02164	1090,82446	-0,01003	1090,82446	-0,048
517	-0,03	1091,37	-0,0197	1091,37	-0,00943	1091,37	-0,04767
517,2	-0,03009	1091,91553	-0,01706	1091,91553	-0,0094	1091,91553	-0,04829
517,4	-0,03013	1092,46094	-0,01745	1092,46094	-0,0086	1092,46094	-0,04773
517,6	-0,03021	1093,00635	-0,01609	1093,00635	-0,00876	1093,00635	-0,04717
517,8	-0,03028	1093,55164	0,01223	1093,55164	-0,00741	1093,55164	-0,0452
518	-0,03036	1094,09692	0,01103	1094,09692	0,00245	1094,09692	-0,02768
518,2	-0,03044	1094,64221	0,01427	1094,64221	2,44058E-4	1094,64221	-0,02672
518,4	-0,03052	1095,18738	0,01551	1095,18738	-4,91519E-4	1095,18738	-0,0255
518,6	-0,0306	1095,73254	0,02053	1095,73254	0,00369	1095,73254	-0,02296
518,8	-0,03069	1096,27759	0,02258	1096,27759	0,00527	1096,27759	-0,0194
519	-0,03076	1096,82263	0,02525	1096,82263	0,00914	1096,82263	-0,0156
519,2	-0,03083	1097,36768	0,02768	1097,36768	0,00775	1097,36768	-0,01501
519,4	-0,0309	1097,9126	0,02806	1097,9126	0,00352	1097,9126	-0,01797
519,6	-0,03095	1098,45752	0,03255	1098,45752	0,00562	1098,45752	-0,01619
519,8	-0,031	1099,00232	0,03486	1099,00232	0,0095	1099,00232	-0,01447
520	-0,03108	1099,54712	0,04191	1099,54712	-1,75548E-4	1099,54712	-0,00271
520,2	-0,03114	1100,0918	0,06292	1100,0918	0,03216	1100,0918	0,04844
520,4	-0,0312	--	--	--	--	--	--
520,6	-0,03126	--	--	--	--	--	--
520,8	-0,03132	--	--	--	--	--	--
521	-0,03137	--	--	--	--	--	--
521,2	-0,03142	--	--	--	--	--	--
521,4	-0,03146	--	--	--	--	--	--
521,6	-0,03154	--	--	--	--	--	--
521,8	-0,03158	--	--	--	--	--	--
522	-0,0316	--	--	--	--	--	--
522,2	-0,03165	--	--	--	--	--	--
522,4	-0,03169	--	--	--	--	--	--
522,6	-0,03175	--	--	--	--	--	--
522,8	-0,03182	--	--	--	--	--	--
523	-0,03185	--	--	--	--	--	--
523,2	-0,03189	--	--	--	--	--	--
523,4	-0,03195	--	--	--	--	--	--
523,6	-0,03198	--	--	--	--	--	--
523,8	-0,03205	--	--	--	--	--	--
524	-0,03209	--	--	--	--	--	--
524,2	-0,03213	--	--	--	--	--	--
524,4	-0,03218	--	--	--	--	--	--
524,6	-0,03224	--	--	--	--	--	--
524,8	-0,03229	--	--	--	--	--	--
525	-0,03232	--	--	--	--	--	--
525,2	-0,03238	--	--	--	--	--	--
525,4	-0,03242	--	--	--	--	--	--
525,6	-0,03248	--	--	--	--	--	--
525,8	-0,03251	--	--	--	--	--	--
526	-0,03254	--	--	--	--	--	--
526,2	-0,0326	--	--	--	--	--	--
526,4	-0,03263	--	--	--	--	--	--
526,6	-0,03265	--	--	--	--	--	--
526,8	-0,03269	--	--	--	--	--	--
527	-0,03272	--	--	--	--	--	--
527,2	-0,03276	--	--	--	--	--	--
527,4	-0,03279	--	--	--	--	--	--
527,6	-0,03279	--	--	--	--	--	--
527,8	-0,03281	--	--	--	--	--	--
528	-0,03281	--	--	--	--	--	--
528,2	-0,03283	--	--	--	--	--	--
528,4	-0,03284	--	--	--	--	--	--
528,6	-0,03285	--	--	--	--	--	--
528,8	-0,03286	--	--	--	--	--	--
529	-0,03286	--	--	--	--	--	--
529,2	-0,03289	--	--	--	--	--	--
529,4	-0,03291	--	--	--	--	--	--
529,6	-0,03292	--	--	--	--	--	--
529,8	-0,03292	--	--	--	--	--	--
530	-0,03293	--	--	--	--	--	--
530,2	-0,03296	--	--	--	--	--	--
530,4	-0,03294	--	--	--	--	--	--
530,6	-0,03293	--	--	--	--	--	--
530,8	-0,03291	--	--	--	--	--	--
531	-0,03287	--	--	--	--	--	--
531,2	-0,03283	--	--	--	--	--	--
531,4	-0,03278	--	--	--	--	--	--
531,6	-0,03277	--	--	--	--	--	--
531,8	-0,03276	--	--	--	--	--	--
532	-0,03275	--	--	--	--	--	--
532,2	-0,03274	--	--	--	--	--	--
532,4	-0,03276	--	--	--	--	--	--
532,6	-0,03276	--	--	--	--	--	--
532,8	-0,03274	--	--	--	--	--	--
533	-0,0327	--	--	--	--	--	--
533,2	-0,03267	--	--	--	--	--	--
533,4	-0,03263	--	--	--	--	--	--
533,6	-0,03258	--	--	--	--	--	--
533,8	-0,03257	--	--	--	--	--	--
534	-0,03253	--	--	--	--	--	--
534,2	-0,03249	--	--	--	--	--	--
534,4	-0,03246	--	--	--	--	--	--
534,6	-0,03245	--	--	--	--	--	--
534,8	-0,03245	--	--	--	--	--	--
535	-0,03244	--	--	--	--	--	--
535,2	-0,03241	--	--	--	--	--	--
535,4	-0,03241	--	--	--	--	--	--
535,6	-0,03241	--	--	--	--	--	--
535,8	-0,03237	--	--	--	--	--	--
536	-0,03235	--	--	--	--	--	--
536,2	-0,03233	--	--	--	--	--	--
536,4	-0,03229	--	--	--	--	--	--
536,6	-0,03223	--	--	--	--	--	--
536,8	-0,03219	--	--	--	--	--	--
537	-0,03215	--	--	--	--	--	--
537,2	-0,03211	--	--	--	--	--	--
537,4	-0,03209	--	--	--	--	--	--
537,6	-0,03205	--	--	--	--	--	--
537,8	-0,03204	--	--	--	--	--	--
538	-0,032	--	--	--	--	--	--
538,2	-0,03198	--	--	--	--	--	--
538,4	-0,03195	--	--	--	--	--	--
538,6	-0,03194	--	--	--	--	--	--
538,8	-0,03192	--	--	--	--	--	--
539	-0,03188	--	--	--	--	--	--
539,2	-0,03186	--	--	--	--	--	--
539,4	-0,03186	--	--	--	--	--	--
539,6	-0,03182	--	--	--	--	--	--
539,8	-0,03177	--	--	--	--	--	--
540	-0,03174	--	--	--	--	--	--
540,2	-0,03172	--	--	--	--	--	--
540,4	-0,03166	--	--	--	--	--	--
540,6	-0,0316	--	--	--	--	--	--
540,8	-0,03155	--	--	--	--	--	--
541	-0,03148	--	--	--	--	--	--
541,2	-0,03143	--	--	--	--	--	--
541,4	-0,03139	--	--	--	--	--	--
541,6	-0,03135	--	--	--	--	--	--
541,8	-0,03131	--	--	--	--	--	--
542	-0,03128	--	--	--	--	--	--
542,2	-0,03124	--	--	--	--	--	--
542,4	-0,03119	--	--	--	--	--	--
542,6	-0,03114	--	--	--	--	--	--
542,8	-0,03108	--	--	--	--	--	--
543	-0,03102	--	--	--	--	--	--
543,2	-0,03094	--	--	--	--	--	--
543,4	-0,03086	--	--	--	--	--	--
543,6	-0,03078	--	--	--	--	--	--
543,8	-0,03072	--	--	--	--	--	--
544	-0,0307	--	--	--	--	--	--
544,2	-0,03064	--	--	--	--	--	--
544,4	-0,03059	--	--	--	--	--	--
544,6	-0,03057	--	--	--	--	--	--
544,8	-0,03056	--	--	--	--	--	--
545	-0,03053	--	--	--	--	--	--
545,2	-0,03053	--	--	--	--	--	--
545,4	-0,03053	--	--	--	--	--	--
545,6	-0,03051	--	--	--	--	--	--
545,8	-0,03049	--	--	--	--	--	--
546	-0,03045	--	--	--	--	--	--
546,2	-0,03042	--	--	--	--	--	--
546,4	-0,03043	--	--	--	--	--	--
546,6	-0,03042	--	--	--	--	--	--
546,8	-0,03042	--	--	--	--	--	--
547	-0,03041	--	--	--	--	--	--
547,2	-0,03041	--	--	--	--	--	--
547,4	-0,03043	--	--	--	--	--	--
547,6	-0,03046	--	--	--	--	--	--
547,8	-0,03048	--	--	--	--	--	--
548	-0,03048	--	--	--	--	--	--
548,2	-0,03046	--	--	--	--	--	--
548,4	-0,03048	--	--	--	--	--	--
548,6	-0,03045	--	--	--	--	--	--
548,8	-0,03043	--	--	--	--	--	--
549	-0,03042	--	--	--	--	--	--
549,2	-0,0304	--	--	--	--	--	--
549,4	-0,03037	--	--	--	--	--	--
549,6	-0,03037	--	--	--	--	--	--
549,8	-0,03036	--	--	--	--	--	--
550	-0,03034	--	--	--	--	--	--
550,2	-0,03033	--	--	--	--	--	--
550,4	-0,03031	--	--	--	--	--	--
550,6	-0,03029	--	--	--	--	--	--
550,8	-0,03028	--	--	--	--	--	--
551	-0,03026	--	--	--	--	--	--
551,2	-0,03025	--	--	--	--	--	--
551,4	-0,03023	--	--	--	--	--	--
551,6	-0,03021	--	--	--	--	--	--
551,8	-0,0302	--	--	--	--	--	--
552	-0,03019	--	--	--	--	--	--
552,2	-0,0302	--	--	--	--	--	--
552,4	-0,03021	--	--	--	--	--	--
552,6	-0,03018	--	--	--	--	--	--
552,8	-0,0302	--	--	--	--	--	--
553	-0,0302	--	--	--	--	--	--
553,2	-0,0302	--	--	--	--	--	--
553,4	-0,03022	--	--	--	--	--	--
553,6	-0,03022	--	--	--	--	--	--
553,8	-0,03022	--	--	--	--	--	--
554	-0,03023	--	--	--	--	--	--
554,2	-0,03023	--	--	--	--	--	--
554,4	-0,03022	--	--	--	--	--	--
554,6	-0,0302	--	--	--	--	--	--
554,8	-0,03019	--	--	--	--	--	--
555	-0,03019	--	--	--	--	--	--
555,2	-0,03019	--	--	--	--	--	--
555,4	-0,0302	--	--	--	--	--	--
555,6	-0,0302	--	--	--	--	--	--
555,8	-0,0302	--	--	--	--	--	--
556	-0,0302	--	--	--	--	--	--
556,2	-0,03021	--	--	--	--	--	--
556,4	-0,03023	--	--	--	--	--	--
556,6	-0,03024	--	--	--	--	--	--
556,8	-0,03025	--	--	--	--	--	--
557	-0,03024	--	--	--	--	--	--
557,2	-0,03026	--	--	--	--	--	--
557,4	-0,03027	--	--	--	--	--	--
557,6	-0,03026	--	--	--	--	--	--
557,8	-0,03028	--	--	--	--	--	--
558	-0,03028	--	--	--	--	--	--
558,2	-0,03028	--	--	--	--	--	--
558,4	-0,03029	--	--	--	--	--	--
558,6	-0,03034	--	--	--	--	--	--
558,8	-0,03037	--	--	--	--	--	--
559	-0,03036	--	--	--	--	--	--
559,2	-0,03036	--	--	--	--	--	--
559,4	-0,03037	--	--	--	--	--	--
559,6	-0,03039	--	--	--	--	--	--
559,8	-0,03041	--	--	--	--	--	--
560	-0,0304	--	--	--	--	--	--
560,2	-0,03042	--	--	--	--	--	--
560,4	-0,03043	--	--	--	--	--	--
560,6	-0,03042	--	--	--	--	--	--
560,8	-0,03041	--	--	--	--	--	--
561	-0,03045	--	--	--	--	--	--
561,2	-0,0305	--	--	--	--	--	--
561,4	-0,03052	--	--	--	--	--	--
561,6	-0,03055	--	--	--	--	--	--
561,8	-0,03057	--	--	--	--	--	--
562	-0,03057	--	--	--	--	--	--
562,2	-0,0306	--	--	--	--	--	--
562,4	-0,03059	--	--	--	--	--	--
562,6	-0,03059	--	--	--	--	--	--
562,8	-0,03059	--	--	--	--	--	--
563	-0,03058	--	--	--	--	--	--
563,2	-0,03059	--	--	--	--	--	--
563,4	-0,03059	--	--	--	--	--	--
563,6	-0,0306	--	--	--	--	--	--
563,8	-0,03059	--	--	--	--	--	--
564	-0,03057	--	--	--	--	--	--
564,2	-0,03056	--	--	--	--	--	--
564,4	-0,03056	--	--	--	--	--	--
564,6	-0,03053	--	--	--	--	--	--
564,8	-0,03052	--	--	--	--	--	--
565	-0,03052	--	--	--	--	--	--
565,2	-0,03048	--	--	--	--	--	--
565,4	-0,03044	--	--	--	--	--	--
565,6	-0,03041	--	--	--	--	--	--
565,8	-0,03038	--	--	--	--	--	--
566	-0,03037	--	--	--	--	--	--
566,2	-0,03034	--	--	--	--	--	--
566,4	-0,0303	--	--	--	--	--	--
566,6	-0,03032	--	--	--	--	--	--
566,8	-0,0303	--	--	--	--	--	--
567	-0,0303	--	--	--	--	--	--
567,2	-0,03031	--	--	--	--	--	--
567,4	-0,0303	--	--	--	--	--	--
567,6	-0,03029	--	--	--	--	--	--
567,8	-0,03026	--	--	--	--	--	--
568	-0,03025	--	--	--	--	--	--
568,2	-0,03024	--	--	--	--	--	--
568,4	-0,03023	--	--	--	--	--	--
568,6	-0,03022	--	--	--	--	--	--
568,8	-0,03022	--	--	--	--	--	--
569	-0,0302	--	--	--	--	--	--
569,2	-0,0302	--	--	--	--	--	--
569,4	-0,03018	--	--	--	--	--	--
569,6	-0,03016	--	--	--	--	--	--
569,8	-0,03017	--	--	--	--	--	--
570	-0,03016	--	--	--	--	--	--
570,2	-0,03014	--	--	--	--	--	--
570,4	-0,03016	--	--	--	--	--	--
570,6	-0,03015	--	--	--	--	--	--
570,8	-0,03013	--	--	--	--	--	--
571	-0,03012	--	--	--	--	--	--
571,2	-0,03009	--	--	--	--	--	--
571,4	-0,03007	--	--	--	--	--	--
571,6	-0,03006	--	--	--	--	--	--
571,8	-0,03006	--	--	--	--	--	--
572	-0,03007	--	--	--	--	--	--
572,2	-0,03007	--	--	--	--	--	--
572,4	-0,03007	--	--	--	--	--	--
572,6	-0,03007	--	--	--	--	--	--
572,8	-0,03004	--	--	--	--	--	--
573	-0,03004	--	--	--	--	--	--
573,2	-0,03005	--	--	--	--	--	--
573,4	-0,03004	--	--	--	--	--	--
573,6	-0,03005	--	--	--	--	--	--
573,8	-0,03005	--	--	--	--	--	--
574	-0,03005	--	--	--	--	--	--
574,2	-0,03004	--	--	--	--	--	--
574,4	-0,03003	--	--	--	--	--	--
574,6	-0,03001	--	--	--	--	--	--
574,8	-0,03001	--	--	--	--	--	--
575	-0,02999	--	--	--	--	--	--
575,2	-0,02998	--	--	--	--	--	--
575,4	-0,02996	--	--	--	--	--	--
575,6	-0,02994	--	--	--	--	--	--
575,8	-0,02993	--	--	--	--	--	--
576	-0,0299	--	--	--	--	--	--
576,2	-0,02986	--	--	--	--	--	--
576,4	-0,02983	--	--	--	--	--	--
576,6	-0,02982	--	--	--	--	--	--
576,8	-0,02981	--	--	--	--	--	--
577	-0,02981	--	--	--	--	--	--
577,2	-0,02979	--	--	--	--	--	--
577,4	-0,02978	--	--	--	--	--	--
577,6	-0,02975	--	--	--	--	--	--
577,8	-0,02972	--	--	--	--	--	--
578	-0,0297	--	--	--	--	--	--
578,2	-0,02969	--	--	--	--	--	--
578,4	-0,02969	--	--	--	--	--	--
578,6	-0,02971	--	--	--	--	--	--
578,8	-0,02972	--	--	--	--	--	--
579	-0,02973	--	--	--	--	--	--
579,2	-0,02975	--	--	--	--	--	--
579,4	-0,02973	--	--	--	--	--	--
579,6	-0,02974	--	--	--	--	--	--
579,8	-0,02976	--	--	--	--	--	--
580	-0,02975	--	--	--	--	--	--
580,2	-0,02974	--	--	--	--	--	--
580,4	-0,02974	--	--	--	--	--	--
580,6	-0,02974	--	--	--	--	--	--
580,8	-0,02974	--	--	--	--	--	--
581	-0,02971	--	--	--	--	--	--
581,2	-0,02971	--	--	--	--	--	--
581,4	-0,02968	--	--	--	--	--	--
581,6	-0,02964	--	--	--	--	--	--
581,8	-0,02964	--	--	--	--	--	--
582	-0,02964	--	--	--	--	--	--
582,2	-0,02965	--	--	--	--	--	--
582,4	-0,02965	--	--	--	--	--	--
582,6	-0,02964	--	--	--	--	--	--
582,8	-0,02961	--	--	--	--	--	--
583	-0,02961	--	--	--	--	--	--
583,2	-0,02958	--	--	--	--	--	--
583,4	-0,02954	--	--	--	--	--	--
583,6	-0,02954	--	--	--	--	--	--
583,8	-0,02952	--	--	--	--	--	--
584	-0,02951	--	--	--	--	--	--
584,2	-0,02952	--	--	--	--	--	--
584,4	-0,02952	--	--	--	--	--	--
584,6	-0,02955	--	--	--	--	--	--
584,8	-0,02955	--	--	--	--	--	--
585	-0,02956	--	--	--	--	--	--
585,2	-0,02957	--	--	--	--	--	--
585,4	-0,02956	--	--	--	--	--	--
585,6	-0,02959	--	--	--	--	--	--
585,8	-0,02959	--	--	--	--	--	--
586	-0,0296	--	--	--	--	--	--
586,2	-0,02961	--	--	--	--	--	--
586,4	-0,02961	--	--	--	--	--	--
586,6	-0,02958	--	--	--	--	--	--
586,8	-0,02958	--	--	--	--	--	--
587	-0,02959	--	--	--	--	--	--
587,2	-0,02959	--	--	--	--	--	--
587,4	-0,02959	--	--	--	--	--	--
587,6	-0,02959	--	--	--	--	--	--
587,8	-0,02958	--	--	--	--	--	--
588	-0,02959	--	--	--	--	--	--
588,2	-0,02957	--	--	--	--	--	--
588,4	-0,02956	--	--	--	--	--	--
588,6	-0,02955	--	--	--	--	--	--
588,8	-0,02954	--	--	--	--	--	--
589	-0,02954	--	--	--	--	--	--
589,2	-0,02952	--	--	--	--	--	--
589,4	-0,02953	--	--	--	--	--	--
589,6	-0,02953	--	--	--	--	--	--
589,8	-0,02953	--	--	--	--	--	--
590	-0,02951	--	--	--	--	--	--
590,2	-0,02951	--	--	--	--	--	--
590,4	-0,0295	--	--	--	--	--	--
590,6	-0,02948	--	--	--	--	--	--
590,8	-0,0295	--	--	--	--	--	--
591	-0,02949	--	--	--	--	--	--
591,2	-0,02948	--	--	--	--	--	--
591,4	-0,02948	--	--	--	--	--	--
591,6	-0,02947	--	--	--	--	--	--
591,8	-0,02947	--	--	--	--	--	--
592	-0,02947	--	--	--	--	--	--
592,2	-0,02947	--	--	--	--	--	--
592,4	-0,02949	--	--	--	--	--	--
592,6	-0,02947	--	--	--	--	--	--
592,8	-0,02945	--	--	--	--	--	--
593	-0,02942	--	--	--	--	--	--
593,2	-0,02941	--	--	--	--	--	--
593,4	-0,02939	--	--	--	--	--	--
593,6	-0,02937	--	--	--	--	--	--
593,8	-0,02936	--	--	--	--	--	--
594	-0,02936	--	--	--	--	--	--
594,2	-0,02938	--	--	--	--	--	--
594,4	-0,02938	--	--	--	--	--	--
594,6	-0,02942	--	--	--	--	--	--
594,8	-0,02946	--	--	--	--	--	--
595	-0,02948	--	--	--	--	--	--
595,2	-0,02947	--	--	--	--	--	--
595,4	-0,02947	--	--	--	--	--	--
595,6	-0,02948	--	--	--	--	--	--
595,8	-0,0295	--	--	--	--	--	--
596	-0,02951	--	--	--	--	--	--
596,2	-0,02953	--	--	--	--	--	--
596,4	-0,02951	--	--	--	--	--	--
596,6	-0,0295	--	--	--	--	--	--
596,8	-0,02953	--	--	--	--	--	--
597	-0,02956	--	--	--	--	--	--
597,2	-0,0296	--	--	--	--	--	--
597,4	-0,02961	--	--	--	--	--	--
597,6	-0,02966	--	--	--	--	--	--
597,8	-0,02969	--	--	--	--	--	--
598	-0,02971	--	--	--	--	--	--
598,2	-0,02972	--	--	--	--	--	--
598,4	-0,02974	--	--	--	--	--	--
598,6	-0,02974	--	--	--	--	--	--
598,8	-0,02973	--	--	--	--	--	--
599	-0,02972	--	--	--	--	--	--
599,2	-0,02971	--	--	--	--	--	--
599,4	-0,02973	--	--	--	--	--	--
599,6	-0,02973	--	--	--	--	--	--
599,8	-0,02975	--	--	--	--	--	--
600	-0,02972	--	--	--	--	--	--
600,2	-0,02972	--	--	--	--	--	--
600,4	-0,02975	--	--	--	--	--	--
600,6	-0,02977	--	--	--	--	--	--
600,8	-0,02977	--	--	--	--	--	--
601	-0,02978	--	--	--	--	--	--
601,2	-0,02978	--	--	--	--	--	--
601,4	-0,02978	--	--	--	--	--	--
601,6	-0,0298	--	--	--	--	--	--
601,8	-0,0298	--	--	--	--	--	--
602	-0,0298	--	--	--	--	--	--
602,2	-0,02979	--	--	--	--	--	--
602,4	-0,02977	--	--	--	--	--	--
602,6	-0,02977	--	--	--	--	--	--
602,8	-0,02977	--	--	--	--	--	--
603	-0,02976	--	--	--	--	--	--
603,2	-0,02977	--	--	--	--	--	--
603,4	-0,02977	--	--	--	--	--	--
603,6	-0,02976	--	--	--	--	--	--
603,8	-0,02976	--	--	--	--	--	--
604	-0,02973	--	--	--	--	--	--
604,2	-0,02975	--	--	--	--	--	--
604,4	-0,02978	--	--	--	--	--	--
604,6	-0,02978	--	--	--	--	--	--
604,8	-0,0298	--	--	--	--	--	--
605	-0,02981	--	--	--	--	--	--
605,2	-0,02983	--	--	--	--	--	--
605,4	-0,02985	--	--	--	--	--	--
605,6	-0,02984	--	--	--	--	--	--
605,8	-0,02983	--	--	--	--	--	--
606	-0,02982	--	--	--	--	--	--
606,2	-0,02983	--	--	--	--	--	--
606,4	-0,02986	--	--	--	--	--	--
606,6	-0,02989	--	--	--	--	--	--
606,8	-0,02991	--	--	--	--	--	--
607	-0,02994	--	--	--	--	--	--
607,2	-0,02996	--	--	--	--	--	--
607,4	-0,02996	--	--	--	--	--	--
607,6	-0,03001	--	--	--	--	--	--
607,8	-0,03004	--	--	--	--	--	--
608	-0,03007	--	--	--	--	--	--
608,2	-0,03014	--	--	--	--	--	--
608,4	-0,03017	--	--	--	--	--	--
608,6	-0,03018	--	--	--	--	--	--
608,8	-0,03022	--	--	--	--	--	--
609	-0,03024	--	--	--	--	--	--
609,2	-0,03027	--	--	--	--	--	--
609,4	-0,03029	--	--	--	--	--	--
609,6	-0,03034	--	--	--	--	--	--
609,8	-0,03041	--	--	--	--	--	--
610	-0,03047	--	--	--	--	--	--
610,2	-0,03052	--	--	--	--	--	--
610,4	-0,03057	--	--	--	--	--	--
610,6	-0,03059	--	--	--	--	--	--
610,8	-0,0306	--	--	--	--	--	--
611	-0,03062	--	--	--	--	--	--
611,2	-0,03064	--	--	--	--	--	--
611,4	-0,03068	--	--	--	--	--	--
611,6	-0,03072	--	--	--	--	--	--
611,8	-0,03073	--	--	--	--	--	--
612	-0,03076	--	--	--	--	--	--
612,2	-0,03078	--	--	--	--	--	--
612,4	-0,03076	--	--	--	--	--	--
612,6	-0,03079	--	--	--	--	--	--
612,8	-0,03083	--	--	--	--	--	--
613	-0,03086	--	--	--	--	--	--
613,2	-0,03091	--	--	--	--	--	--
613,4	-0,03093	--	--	--	--	--	--
613,6	-0,03096	--	--	--	--	--	--
613,8	-0,03098	--	--	--	--	--	--
614	-0,031	--	--	--	--	--	--
614,2	-0,03104	--	--	--	--	--	--
614,4	-0,03108	--	--	--	--	--	--
614,6	-0,0311	--	--	--	--	--	--
614,8	-0,03115	--	--	--	--	--	--
615	-0,03122	--	--	--	--	--	--
615,2	-0,03127	--	--	--	--	--	--
615,4	-0,03134	--	--	--	--	--	--
615,6	-0,03139	--	--	--	--	--	--
615,8	-0,03143	--	--	--	--	--	--
616	-0,03148	--	--	--	--	--	--
616,2	-0,03153	--	--	--	--	--	--
616,4	-0,03157	--	--	--	--	--	--
616,6	-0,03163	--	--	--	--	--	--
616,8	-0,03167	--	--	--	--	--	--
617	-0,03168	--	--	--	--	--	--
617,2	-0,0317	--	--	--	--	--	--
617,4	-0,03169	--	--	--	--	--	--
617,6	-0,03172	--	--	--	--	--	--
617,8	-0,03174	--	--	--	--	--	--
618	-0,03173	--	--	--	--	--	--
618,2	-0,03171	--	--	--	--	--	--
618,4	-0,03171	--	--	--	--	--	--
618,6	-0,0317	--	--	--	--	--	--
618,8	-0,03171	--	--	--	--	--	--
619	-0,03173	--	--	--	--	--	--
619,2	-0,03175	--	--	--	--	--	--
619,4	-0,03178	--	--	--	--	--	--
619,6	-0,03178	--	--	--	--	--	--
619,8	-0,03179	--	--	--	--	--	--
620	-0,03182	--	--	--	--	--	--
620,2	-0,03183	--	--	--	--	--	--
620,4	-0,03185	--	--	--	--	--	--
620,6	-0,03192	--	--	--	--	--	--
620,8	-0,03197	--	--	--	--	--	--
621	-0,032	--	--	--	--	--	--
621,2	-0,03207	--	--	--	--	--	--
621,4	-0,03213	--	--	--	--	--	--
621,6	-0,03219	--	--	--	--	--	--
621,8	-0,03224	--	--	--	--	--	--
622	-0,03231	--	--	--	--	--	--
622,2	-0,03241	--	--	--	--	--	--
622,4	-0,0325	--	--	--	--	--	--
622,6	-0,03257	--	--	--	--	--	--
622,8	-0,03264	--	--	--	--	--	--
623	-0,03271	--	--	--	--	--	--
623,2	-0,03276	--	--	--	--	--	--
623,4	-0,03281	--	--	--	--	--	--
623,6	-0,03286	--	--	--	--	--	--
623,8	-0,03291	--	--	--	--	--	--
624	-0,03296	--	--	--	--	--	--
624,2	-0,03299	--	--	--	--	--	--
624,4	-0,03304	--	--	--	--	--	--
624,6	-0,03309	--	--	--	--	--	--
624,8	-0,03308	--	--	--	--	--	--
625	-0,0331	--	--	--	--	--	--
625,2	-0,03314	--	--	--	--	--	--
625,4	-0,03315	--	--	--	--	--	--
625,6	-0,03316	--	--	--	--	--	--
625,8	-0,0332	--	--	--	--	--	--
626	-0,03322	--	--	--	--	--	--
626,2	-0,03324	--	--	--	--	--	--
626,4	-0,03325	--	--	--	--	--	--
626,6	-0,03326	--	--	--	--	--	--
626,8	-0,03327	--	--	--	--	--	--
627	-0,03329	--	--	--	--	--	--
627,2	-0,03331	--	--	--	--	--	--
627,4	-0,03332	--	--	--	--	--	--
627,6	-0,03331	--	--	--	--	--	--
627,8	-0,03332	--	--	--	--	--	--
628	-0,03333	--	--	--	--	--	--
628,2	-0,03332	--	--	--	--	--	--
628,4	-0,03333	--	--	--	--	--	--
628,6	-0,03333	--	--	--	--	--	--
628,8	-0,03332	--	--	--	--	--	--
629	-0,03335	--	--	--	--	--	--
629,2	-0,03336	--	--	--	--	--	--
629,4	-0,03335	--	--	--	--	--	--
629,6	-0,03336	--	--	--	--	--	--
629,8	-0,03337	--	--	--	--	--	--
630	-0,03338	--	--	--	--	--	--
630,2	-0,03339	--	--	--	--	--	--
630,4	-0,03339	--	--	--	--	--	--
630,6	-0,0334	--	--	--	--	--	--
630,8	-0,0334	--	--	--	--	--	--
631	-0,0334	--	--	--	--	--	--
631,2	-0,03338	--	--	--	--	--	--
631,4	-0,03338	--	--	--	--	--	--
631,6	-0,03337	--	--	--	--	--	--
631,8	-0,03337	--	--	--	--	--	--
632	-0,03336	--	--	--	--	--	--
632,2	-0,03336	--	--	--	--	--	--
632,4	-0,03338	--	--	--	--	--	--
632,6	-0,0334	--	--	--	--	--	--
632,8	-0,03341	--	--	--	--	--	--
633	-0,03343	--	--	--	--	--	--
633,2	-0,0334	--	--	--	--	--	--
633,4	-0,03341	--	--	--	--	--	--
633,6	-0,03343	--	--	--	--	--	--
633,8	-0,03342	--	--	--	--	--	--
634	-0,0334	--	--	--	--	--	--
634,2	-0,03339	--	--	--	--	--	--
634,4	-0,03338	--	--	--	--	--	--
634,6	-0,03338	--	--	--	--	--	--
634,8	-0,03335	--	--	--	--	--	--
635	-0,03334	--	--	--	--	--	--
635,2	-0,03333	--	--	--	--	--	--
635,4	-0,03331	--	--	--	--	--	--
635,6	-0,03328	--	--	--	--	--	--
635,8	-0,03327	--	--	--	--	--	--
636	-0,03325	--	--	--	--	--	--
636,2	-0,03324	--	--	--	--	--	--
636,4	-0,03323	--	--	--	--	--	--
636,6	-0,03317	--	--	--	--	--	--
636,8	-0,03311	--	--	--	--	--	--
637	-0,03305	--	--	--	--	--	--
637,2	-0,03299	--	--	--	--	--	--
637,4	-0,03296	--	--	--	--	--	--
637,6	-0,03288	--	--	--	--	--	--
637,8	-0,0328	--	--	--	--	--	--
638	-0,03277	--	--	--	--	--	--
638,2	-0,03272	--	--	--	--	--	--
638,4	-0,03266	--	--	--	--	--	--
638,6	-0,0326	--	--	--	--	--	--
638,8	-0,03254	--	--	--	--	--	--
639	-0,03247	--	--	--	--	--	--
639,2	-0,03241	--	--	--	--	--	--
639,4	-0,03234	--	--	--	--	--	--
639,6	-0,03227	--	--	--	--	--	--
639,8	-0,03221	--	--	--	--	--	--
640	-0,03214	--	--	--	--	--	--
640,2	-0,03207	--	--	--	--	--	--
640,4	-0,03201	--	--	--	--	--	--
640,6	-0,03193	--	--	--	--	--	--
640,8	-0,03187	--	--	--	--	--	--
641	-0,03182	--	--	--	--	--	--
641,2	-0,03178	--	--	--	--	--	--
641,4	-0,03175	--	--	--	--	--	--
641,6	-0,03171	--	--	--	--	--	--
641,8	-0,03168	--	--	--	--	--	--
642	-0,03165	--	--	--	--	--	--
642,2	-0,03158	--	--	--	--	--	--
642,4	-0,03154	--	--	--	--	--	--
642,6	-0,0315	--	--	--	--	--	--
642,8	-0,03145	--	--	--	--	--	--
643	-0,0314	--	--	--	--	--	--
643,2	-0,03135	--	--	--	--	--	--
643,4	-0,0313	--	--	--	--	--	--
643,6	-0,03126	--	--	--	--	--	--
643,8	-0,03124	--	--	--	--	--	--
644	-0,03121	--	--	--	--	--	--
644,2	-0,03118	--	--	--	--	--	--
644,4	-0,03113	--	--	--	--	--	--
644,6	-0,03107	--	--	--	--	--	--
644,8	-0,03104	--	--	--	--	--	--
645	-0,03101	--	--	--	--	--	--
645,2	-0,03094	--	--	--	--	--	--
645,4	-0,0309	--	--	--	--	--	--
645,6	-0,03084	--	--	--	--	--	--
645,8	-0,03079	--	--	--	--	--	--
646	-0,03075	--	--	--	--	--	--
646,2	-0,03071	--	--	--	--	--	--
646,4	-0,03068	--	--	--	--	--	--
646,6	-0,03066	--	--	--	--	--	--
646,8	-0,03062	--	--	--	--	--	--
647	-0,0306	--	--	--	--	--	--
647,2	-0,03057	--	--	--	--	--	--
647,4	-0,03054	--	--	--	--	--	--
647,6	-0,03051	--	--	--	--	--	--
647,8	-0,03048	--	--	--	--	--	--
648	-0,03044	--	--	--	--	--	--
648,2	-0,03042	--	--	--	--	--	--
648,4	-0,03039	--	--	--	--	--	--
648,6	-0,03036	--	--	--	--	--	--
648,8	-0,03035	--	--	--	--	--	--
649	-0,03032	--	--	--	--	--	--
649,2	-0,03028	--	--	--	--	--	--
649,4	-0,03027	--	--	--	--	--	--
649,6	-0,03025	--	--	--	--	--	--
649,8	-0,03024	--	--	--	--	--	--
650	-0,0302	--	--	--	--	--	--
650,2	-0,03017	--	--	--	--	--	--
650,4	-0,03014	--	--	--	--	--	--
650,6	-0,0301	--	--	--	--	--	--
650,8	-0,03004	--	--	--	--	--	--
651	-0,03	--	--	--	--	--	--
651,2	-0,02997	--	--	--	--	--	--
651,4	-0,02994	--	--	--	--	--	--
651,6	-0,02992	--	--	--	--	--	--
651,8	-0,02988	--	--	--	--	--	--
652	-0,02984	--	--	--	--	--	--
652,2	-0,0298	--	--	--	--	--	--
652,4	-0,02976	--	--	--	--	--	--
652,6	-0,02972	--	--	--	--	--	--
652,8	-0,02967	--	--	--	--	--	--
653	-0,02962	--	--	--	--	--	--
653,2	-0,02957	--	--	--	--	--	--
653,4	-0,02953	--	--	--	--	--	--
653,6	-0,02948	--	--	--	--	--	--
653,8	-0,02942	--	--	--	--	--	--
654	-0,02936	--	--	--	--	--	--
654,2	-0,02932	--	--	--	--	--	--
654,4	-0,02927	--	--	--	--	--	--
654,6	-0,02921	--	--	--	--	--	--
654,8	-0,02916	--	--	--	--	--	--
655	-0,02914	--	--	--	--	--	--
655,2	-0,0291	--	--	--	--	--	--
655,4	-0,02905	--	--	--	--	--	--
655,6	-0,029	--	--	--	--	--	--
655,8	-0,02895	--	--	--	--	--	--
656	-0,02892	--	--	--	--	--	--
656,2	-0,0289	--	--	--	--	--	--
656,4	-0,02887	--	--	--	--	--	--
656,6	-0,02885	--	--	--	--	--	--
656,8	-0,02881	--	--	--	--	--	--
657	-0,02884	--	--	--	--	--	--
657,2	-0,02885	--	--	--	--	--	--
657,4	-0,02887	--	--	--	--	--	--
657,6	-0,02886	--	--	--	--	--	--
657,8	-0,02885	--	--	--	--	--	--
658	-0,02885	--	--	--	--	--	--
658,2	-0,02887	--	--	--	--	--	--
658,4	-0,02886	--	--	--	--	--	--
658,6	-0,02887	--	--	--	--	--	--
658,8	-0,02889	--	--	--	--	--	--
659	-0,02887	--	--	--	--	--	--
659,2	-0,02886	--	--	--	--	--	--
659,4	-0,02886	--	--	--	--	--	--
659,6	-0,02885	--	--	--	--	--	--
659,8	-0,02884	--	--	--	--	--	--
660	-0,02883	--	--	--	--	--	--
660,2	-0,02877	--	--	--	--	--	--
660,4	-0,02875	--	--	--	--	--	--
660,6	-0,02872	--	--	--	--	--	--
660,8	-0,02867	--	--	--	--	--	--
661	-0,02864	--	--	--	--	--	--
661,2	-0,02857	--	--	--	--	--	--
661,4	-0,02851	--	--	--	--	--	--
661,6	-0,02843	--	--	--	--	--	--
661,8	-0,02839	--	--	--	--	--	--
662	-0,02835	--	--	--	--	--	--
662,2	-0,02831	--	--	--	--	--	--
662,4	-0,02825	--	--	--	--	--	--
662,6	-0,02824	--	--	--	--	--	--
662,8	-0,02818	--	--	--	--	--	--
663	-0,02813	--	--	--	--	--	--
663,2	-0,02815	--	--	--	--	--	--
663,4	-0,02814	--	--	--	--	--	--
663,6	-0,02813	--	--	--	--	--	--
663,8	-0,02813	--	--	--	--	--	--
664	-0,02812	--	--	--	--	--	--
664,2	-0,02812	--	--	--	--	--	--
664,4	-0,02814	--	--	--	--	--	--
664,6	-0,02816	--	--	--	--	--	--
664,8	-0,02815	--	--	--	--	--	--
665	-0,02817	--	--	--	--	--	--
665,2	-0,02816	--	--	--	--	--	--
665,4	-0,02814	--	--	--	--	--	--
665,6	-0,02813	--	--	--	--	--	--
665,8	-0,02815	--	--	--	--	--	--
666	-0,02815	--	--	--	--	--	--
666,2	-0,02814	--	--	--	--	--	--
666,4	-0,02814	--	--	--	--	--	--
666,6	-0,02814	--	--	--	--	--	--
666,8	-0,0281	--	--	--	--	--	--
667	-0,02807	--	--	--	--	--	--
667,2	-0,02806	--	--	--	--	--	--
667,4	-0,02804	--	--	--	--	--	--
667,6	-0,02801	--	--	--	--	--	--
667,8	-0,02797	--	--	--	--	--	--
668	-0,02793	--	--	--	--	--	--
668,2	-0,0279	--	--	--	--	--	--
668,4	-0,02787	--	--	--	--	--	--
668,6	-0,02783	--	--	--	--	--	--
668,8	-0,02779	--	--	--	--	--	--
669	-0,02777	--	--	--	--	--	--
669,2	-0,02774	--	--	--	--	--	--
669,4	-0,02776	--	--	--	--	--	--
669,6	-0,02777	--	--	--	--	--	--
669,8	-0,02778	--	--	--	--	--	--
670	-0,02778	--	--	--	--	--	--
670,2	-0,02778	--	--	--	--	--	--
670,4	-0,02777	--	--	--	--	--	--
670,6	-0,02775	--	--	--	--	--	--
670,8	-0,02772	--	--	--	--	--	--
671	-0,02773	--	--	--	--	--	--
671,2	-0,02773	--	--	--	--	--	--
671,4	-0,02768	--	--	--	--	--	--
671,6	-0,02764	--	--	--	--	--	--
671,8	-0,02759	--	--	--	--	--	--
672	-0,02754	--	--	--	--	--	--
672,2	-0,02754	--	--	--	--	--	--
672,4	-0,02752	--	--	--	--	--	--
672,6	-0,02751	--	--	--	--	--	--
672,8	-0,02751	--	--	--	--	--	--
673	-0,02752	--	--	--	--	--	--
673,2	-0,02752	--	--	--	--	--	--
673,4	-0,02749	--	--	--	--	--	--
673,6	-0,02746	--	--	--	--	--	--
673,8	-0,02746	--	--	--	--	--	--
674	-0,02744	--	--	--	--	--	--
674,2	-0,02742	--	--	--	--	--	--
674,4	-0,02739	--	--	--	--	--	--
674,6	-0,0274	--	--	--	--	--	--
674,8	-0,0274	--	--	--	--	--	--
675	-0,0274	--	--	--	--	--	--
675,2	-0,0274	--	--	--	--	--	--
675,4	-0,0274	--	--	--	--	--	--
675,6	-0,02742	--	--	--	--	--	--
675,8	-0,02744	--	--	--	--	--	--
676	-0,02746	--	--	--	--	--	--
676,2	-0,02744	--	--	--	--	--	--
676,4	-0,02739	--	--	--	--	--	--
676,6	-0,0274	--	--	--	--	--	--
676,8	-0,02739	--	--	--	--	--	--
677	-0,02736	--	--	--	--	--	--
677,2	-0,02733	--	--	--	--	--	--
677,4	-0,0273	--	--	--	--	--	--
677,6	-0,0273	--	--	--	--	--	--
677,8	-0,02729	--	--	--	--	--	--
678	-0,02727	--	--	--	--	--	--
678,2	-0,02726	--	--	--	--	--	--
678,4	-0,02722	--	--	--	--	--	--
678,6	-0,02721	--	--	--	--	--	--
678,8	-0,02719	--	--	--	--	--	--
679	-0,02717	--	--	--	--	--	--
679,2	-0,02715	--	--	--	--	--	--
679,4	-0,02715	--	--	--	--	--	--
679,6	-0,02712	--	--	--	--	--	--
679,8	-0,02711	--	--	--	--	--	--
680	-0,0271	--	--	--	--	--	--
680,2	-0,02708	--	--	--	--	--	--
680,4	-0,02711	--	--	--	--	--	--
680,6	-0,02713	--	--	--	--	--	--
680,8	-0,02712	--	--	--	--	--	--
681	-0,02712	--	--	--	--	--	--
681,2	-0,0271	--	--	--	--	--	--
681,4	-0,0271	--	--	--	--	--	--
681,6	-0,02709	--	--	--	--	--	--
681,8	-0,02707	--	--	--	--	--	--
682	-0,02706	--	--	--	--	--	--
682,2	-0,02702	--	--	--	--	--	--
682,4	-0,027	--	--	--	--	--	--
682,6	-0,02699	--	--	--	--	--	--
682,8	-0,02696	--	--	--	--	--	--
683	-0,02693	--	--	--	--	--	--
683,2	-0,02695	--	--	--	--	--	--
683,4	-0,02692	--	--	--	--	--	--
683,6	-0,02686	--	--	--	--	--	--
683,8	-0,02685	--	--	--	--	--	--
684	-0,02683	--	--	--	--	--	--
684,2	-0,0268	--	--	--	--	--	--
684,4	-0,02679	--	--	--	--	--	--
684,6	-0,02676	--	--	--	--	--	--
684,8	-0,02675	--	--	--	--	--	--
685	-0,02673	--	--	--	--	--	--
685,2	-0,02669	--	--	--	--	--	--
685,4	-0,02667	--	--	--	--	--	--
685,6	-0,02661	--	--	--	--	--	--
685,8	-0,02657	--	--	--	--	--	--
686	-0,02654	--	--	--	--	--	--
686,2	-0,02651	--	--	--	--	--	--
686,4	-0,02653	--	--	--	--	--	--
686,6	-0,02653	--	--	--	--	--	--
686,8	-0,02654	--	--	--	--	--	--
687	-0,02652	--	--	--	--	--	--
687,2	-0,02651	--	--	--	--	--	--
687,4	-0,0265	--	--	--	--	--	--
687,6	-0,02652	--	--	--	--	--	--
687,8	-0,02654	--	--	--	--	--	--
688	-0,02654	--	--	--	--	--	--
688,2	-0,02652	--	--	--	--	--	--
688,4	-0,02653	--	--	--	--	--	--
688,6	-0,02652	--	--	--	--	--	--
688,8	-0,0265	--	--	--	--	--	--
689	-0,0265	--	--	--	--	--	--
689,2	-0,02651	--	--	--	--	--	--
689,4	-0,02649	--	--	--	--	--	--
689,6	-0,02652	--	--	--	--	--	--
689,8	-0,02658	--	--	--	--	--	--
690	-0,02659	--	--	--	--	--	--
690,2	-0,02661	--	--	--	--	--	--
690,4	-0,02664	--	--	--	--	--	--
690,6	-0,02663	--	--	--	--	--	--
690,8	-0,02665	--	--	--	--	--	--
691	-0,02664	--	--	--	--	--	--
691,2	-0,02665	--	--	--	--	--	--
691,4	-0,02666	--	--	--	--	--	--
691,6	-0,02666	--	--	--	--	--	--
691,8	-0,02667	--	--	--	--	--	--
692	-0,02666	--	--	--	--	--	--
692,2	-0,02666	--	--	--	--	--	--
692,4	-0,02665	--	--	--	--	--	--
692,6	-0,02664	--	--	--	--	--	--
692,8	-0,02662	--	--	--	--	--	--
693	-0,02665	--	--	--	--	--	--
693,2	-0,02662	--	--	--	--	--	--
693,4	-0,02657	--	--	--	--	--	--
693,6	-0,02654	--	--	--	--	--	--
693,8	-0,0265	--	--	--	--	--	--
694	-0,02644	--	--	--	--	--	--
694,2	-0,02644	--	--	--	--	--	--
694,4	-0,0264	--	--	--	--	--	--
694,6	-0,02635	--	--	--	--	--	--
694,8	-0,02633	--	--	--	--	--	--
695	-0,02628	--	--	--	--	--	--
695,2	-0,02626	--	--	--	--	--	--
695,4	-0,02625	--	--	--	--	--	--
695,6	-0,02624	--	--	--	--	--	--
695,8	-0,02625	--	--	--	--	--	--
696	-0,02622	--	--	--	--	--	--
696,2	-0,02622	--	--	--	--	--	--
696,4	-0,02623	--	--	--	--	--	--
696,6	-0,02623	--	--	--	--	--	--
696,8	-0,02621	--	--	--	--	--	--
697	-0,02621	--	--	--	--	--	--
697,2	-0,02617	--	--	--	--	--	--
697,4	-0,02619	--	--	--	--	--	--
697,6	-0,02622	--	--	--	--	--	--
697,8	-0,02623	--	--	--	--	--	--
698	-0,02625	--	--	--	--	--	--
698,2	-0,02628	--	--	--	--	--	--
698,4	-0,02631	--	--	--	--	--	--
698,6	-0,02635	--	--	--	--	--	--
698,8	-0,02635	--	--	--	--	--	--
699	-0,02637	--	--	--	--	--	--
699,2	-0,0264	--	--	--	--	--	--
699,4	-0,02641	--	--	--	--	--	--
699,6	-0,02641	--	--	--	--	--	--
699,8	-0,0264	--	--	--	--	--	--
700	-0,02637	--	--	--	--	--	--
700,2	-0,02636	--	--	--	--	--	--
700,4	-0,02636	--	--	--	--	--	--
700,6	-0,02634	--	--	--	--	--	--
700,8	-0,02635	--	--	--	--	--	--
701	-0,02636	--	--	--	--	--	--
701,2	-0,02636	--	--	--	--	--	--
701,4	-0,02637	--	--	--	--	--	--
701,6	-0,02636	--	--	--	--	--	--
701,8	-0,02636	--	--	--	--	--	--
702	-0,02638	--	--	--	--	--	--
702,2	-0,0264	--	--	--	--	--	--
702,4	-0,02639	--	--	--	--	--	--
702,6	-0,02637	--	--	--	--	--	--
702,8	-0,02633	--	--	--	--	--	--
703	-0,02634	--	--	--	--	--	--
703,2	-0,02633	--	--	--	--	--	--
703,4	-0,0263	--	--	--	--	--	--
703,6	-0,02628	--	--	--	--	--	--
703,8	-0,02625	--	--	--	--	--	--
704	-0,02627	--	--	--	--	--	--
704,2	-0,02628	--	--	--	--	--	--
704,4	-0,02628	--	--	--	--	--	--
704,6	-0,02628	--	--	--	--	--	--
704,8	-0,02627	--	--	--	--	--	--
705	-0,02626	--	--	--	--	--	--
705,2	-0,02627	--	--	--	--	--	--
705,4	-0,02628	--	--	--	--	--	--
705,6	-0,02627	--	--	--	--	--	--
705,8	-0,02629	--	--	--	--	--	--
706	-0,02627	--	--	--	--	--	--
706,2	-0,02625	--	--	--	--	--	--
706,4	-0,02625	--	--	--	--	--	--
706,6	-0,02626	--	--	--	--	--	--
706,8	-0,02625	--	--	--	--	--	--
707	-0,02628	--	--	--	--	--	--
707,2	-0,02625	--	--	--	--	--	--
707,4	-0,02625	--	--	--	--	--	--
707,6	-0,02624	--	--	--	--	--	--
707,8	-0,02623	--	--	--	--	--	--
708	-0,02621	--	--	--	--	--	--
708,2	-0,02619	--	--	--	--	--	--
708,4	-0,02617	--	--	--	--	--	--
708,6	-0,02616	--	--	--	--	--	--
708,8	-0,02613	--	--	--	--	--	--
709	-0,02613	--	--	--	--	--	--
709,2	-0,0261	--	--	--	--	--	--
709,4	-0,02607	--	--	--	--	--	--
709,6	-0,02607	--	--	--	--	--	--
709,8	-0,02608	--	--	--	--	--	--
710	-0,02607	--	--	--	--	--	--
710,2	-0,02608	--	--	--	--	--	--
710,4	-0,02609	--	--	--	--	--	--
710,6	-0,02604	--	--	--	--	--	--
710,8	-0,02603	--	--	--	--	--	--
711	-0,026	--	--	--	--	--	--
711,2	-0,02598	--	--	--	--	--	--
711,4	-0,02598	--	--	--	--	--	--
711,6	-0,02597	--	--	--	--	--	--
711,8	-0,02594	--	--	--	--	--	--
712	-0,02591	--	--	--	--	--	--
712,2	-0,02592	--	--	--	--	--	--
712,4	-0,02592	--	--	--	--	--	--
712,6	-0,02589	--	--	--	--	--	--
712,8	-0,02588	--	--	--	--	--	--
713	-0,02588	--	--	--	--	--	--
713,2	-0,02585	--	--	--	--	--	--
713,4	-0,02585	--	--	--	--	--	--
713,6	-0,02584	--	--	--	--	--	--
713,8	-0,02581	--	--	--	--	--	--
714	-0,02581	--	--	--	--	--	--
714,2	-0,02579	--	--	--	--	--	--
714,4	-0,02577	--	--	--	--	--	--
714,6	-0,02576	--	--	--	--	--	--
714,8	-0,02575	--	--	--	--	--	--
715	-0,02577	--	--	--	--	--	--
715,2	-0,02578	--	--	--	--	--	--
715,4	-0,02578	--	--	--	--	--	--
715,6	-0,02579	--	--	--	--	--	--
715,8	-0,02579	--	--	--	--	--	--
716	-0,02582	--	--	--	--	--	--
716,2	-0,02588	--	--	--	--	--	--
716,4	-0,02589	--	--	--	--	--	--
716,6	-0,02593	--	--	--	--	--	--
716,8	-0,02596	--	--	--	--	--	--
717	-0,02596	--	--	--	--	--	--
717,2	-0,02596	--	--	--	--	--	--
717,4	-0,026	--	--	--	--	--	--
717,6	-0,02601	--	--	--	--	--	--
717,8	-0,02601	--	--	--	--	--	--
718	-0,02605	--	--	--	--	--	--
718,2	-0,02603	--	--	--	--	--	--
718,4	-0,02604	--	--	--	--	--	--
718,6	-0,02603	--	--	--	--	--	--
718,8	-0,02608	--	--	--	--	--	--
719	-0,0261	--	--	--	--	--	--
719,2	-0,0261	--	--	--	--	--	--
719,4	-0,0261	--	--	--	--	--	--
719,6	-0,0261	--	--	--	--	--	--
719,8	-0,02608	--	--	--	--	--	--
720	-0,02609	--	--	--	--	--	--
720,2	-0,02606	--	--	--	--	--	--
720,4	-0,02602	--	--	--	--	--	--
720,6	-0,02604	--	--	--	--	--	--
720,8	-0,02598	--	--	--	--	--	--
721	-0,02596	--	--	--	--	--	--
721,2	-0,02593	--	--	--	--	--	--
721,4	-0,02593	--	--	--	--	--	--
721,6	-0,02592	--	--	--	--	--	--
721,8	-0,02591	--	--	--	--	--	--
722	-0,02592	--	--	--	--	--	--
722,2	-0,0259	--	--	--	--	--	--
722,4	-0,0259	--	--	--	--	--	--
722,6	-0,02589	--	--	--	--	--	--
722,8	-0,0259	--	--	--	--	--	--
723	-0,02587	--	--	--	--	--	--
723,2	-0,02586	--	--	--	--	--	--
723,4	-0,02586	--	--	--	--	--	--
723,6	-0,02583	--	--	--	--	--	--
723,8	-0,02579	--	--	--	--	--	--
724	-0,02578	--	--	--	--	--	--
724,2	-0,02575	--	--	--	--	--	--
724,4	-0,02575	--	--	--	--	--	--
724,6	-0,02575	--	--	--	--	--	--
724,8	-0,02568	--	--	--	--	--	--
725	-0,02569	--	--	--	--	--	--
725,2	-0,02566	--	--	--	--	--	--
725,4	-0,02567	--	--	--	--	--	--
725,6	-0,02565	--	--	--	--	--	--
725,8	-0,02563	--	--	--	--	--	--
726	-0,02561	--	--	--	--	--	--
726,2	-0,02557	--	--	--	--	--	--
726,4	-0,02554	--	--	--	--	--	--
726,6	-0,0255	--	--	--	--	--	--
726,8	-0,02548	--	--	--	--	--	--
727	-0,02546	--	--	--	--	--	--
727,2	-0,02544	--	--	--	--	--	--
727,4	-0,02541	--	--	--	--	--	--
727,6	-0,02537	--	--	--	--	--	--
727,8	-0,02542	--	--	--	--	--	--
728	-0,02543	--	--	--	--	--	--
728,2	-0,02546	--	--	--	--	--	--
728,4	-0,02548	--	--	--	--	--	--
728,6	-0,02548	--	--	--	--	--	--
728,8	-0,0255	--	--	--	--	--	--
729	-0,02553	--	--	--	--	--	--
729,2	-0,02552	--	--	--	--	--	--
729,4	-0,02557	--	--	--	--	--	--
729,6	-0,02558	--	--	--	--	--	--
729,8	-0,02562	--	--	--	--	--	--
730	-0,02565	--	--	--	--	--	--
730,2	-0,02567	--	--	--	--	--	--
730,4	-0,02568	--	--	--	--	--	--
730,6	-0,0257	--	--	--	--	--	--
730,8	-0,02572	--	--	--	--	--	--
731	-0,02572	--	--	--	--	--	--
731,2	-0,02571	--	--	--	--	--	--
731,4	-0,02572	--	--	--	--	--	--
731,6	-0,02572	--	--	--	--	--	--
731,8	-0,02571	--	--	--	--	--	--
732	-0,02567	--	--	--	--	--	--
732,2	-0,02564	--	--	--	--	--	--
732,4	-0,0256	--	--	--	--	--	--
732,6	-0,02559	--	--	--	--	--	--
732,8	-0,02557	--	--	--	--	--	--
733	-0,02554	--	--	--	--	--	--
733,2	-0,02555	--	--	--	--	--	--
733,4	-0,02555	--	--	--	--	--	--
733,6	-0,02553	--	--	--	--	--	--
733,8	-0,02554	--	--	--	--	--	--
734	-0,02553	--	--	--	--	--	--
734,2	-0,0255	--	--	--	--	--	--
734,4	-0,02551	--	--	--	--	--	--
734,6	-0,02552	--	--	--	--	--	--
734,8	-0,0255	--	--	--	--	--	--
735	-0,02551	--	--	--	--	--	--
735,2	-0,02551	--	--	--	--	--	--
735,4	-0,02551	--	--	--	--	--	--
735,6	-0,02552	--	--	--	--	--	--
735,8	-0,02553	--	--	--	--	--	--
736	-0,02554	--	--	--	--	--	--
736,2	-0,02552	--	--	--	--	--	--
736,4	-0,02555	--	--	--	--	--	--
736,6	-0,02557	--	--	--	--	--	--
736,8	-0,02557	--	--	--	--	--	--
737	-0,02561	--	--	--	--	--	--
737,2	-0,02564	--	--	--	--	--	--
737,4	-0,02562	--	--	--	--	--	--
737,6	-0,02565	--	--	--	--	--	--
737,8	-0,02565	--	--	--	--	--	--
738	-0,02565	--	--	--	--	--	--
738,2	-0,02565	--	--	--	--	--	--
738,4	-0,02568	--	--	--	--	--	--
738,6	-0,02565	--	--	--	--	--	--
738,8	-0,02565	--	--	--	--	--	--
739	-0,02568	--	--	--	--	--	--
739,2	-0,0257	--	--	--	--	--	--
739,4	-0,02573	--	--	--	--	--	--
739,6	-0,02577	--	--	--	--	--	--
739,8	-0,02577	--	--	--	--	--	--
740	-0,02575	--	--	--	--	--	--
740,2	-0,02575	--	--	--	--	--	--
740,4	-0,02577	--	--	--	--	--	--
740,6	-0,02577	--	--	--	--	--	--
740,8	-0,02575	--	--	--	--	--	--
741	-0,02574	--	--	--	--	--	--
741,2	-0,02571	--	--	--	--	--	--
741,4	-0,02568	--	--	--	--	--	--
741,6	-0,02565	--	--	--	--	--	--
741,8	-0,02558	--	--	--	--	--	--
742	-0,02554	--	--	--	--	--	--
742,2	-0,02552	--	--	--	--	--	--
742,4	-0,0255	--	--	--	--	--	--
742,6	-0,02548	--	--	--	--	--	--
742,8	-0,02544	--	--	--	--	--	--
743	-0,02541	--	--	--	--	--	--
743,2	-0,02537	--	--	--	--	--	--
743,4	-0,02533	--	--	--	--	--	--
743,6	-0,0253	--	--	--	--	--	--
743,8	-0,02526	--	--	--	--	--	--
744	-0,02524	--	--	--	--	--	--
744,2	-0,02524	--	--	--	--	--	--
744,4	-0,02524	--	--	--	--	--	--
744,6	-0,02522	--	--	--	--	--	--
744,8	-0,02524	--	--	--	--	--	--
745	-0,02527	--	--	--	--	--	--
745,2	-0,02528	--	--	--	--	--	--
745,4	-0,0253	--	--	--	--	--	--
745,6	-0,02533	--	--	--	--	--	--
745,8	-0,02536	--	--	--	--	--	--
746	-0,02543	--	--	--	--	--	--
746,2	-0,02544	--	--	--	--	--	--
746,4	-0,02547	--	--	--	--	--	--
746,6	-0,02547	--	--	--	--	--	--
746,8	-0,02549	--	--	--	--	--	--
747	-0,02558	--	--	--	--	--	--
747,2	-0,02562	--	--	--	--	--	--
747,4	-0,02561	--	--	--	--	--	--
747,6	-0,02565	--	--	--	--	--	--
747,8	-0,02565	--	--	--	--	--	--
748	-0,02567	--	--	--	--	--	--
748,2	-0,02572	--	--	--	--	--	--
748,4	-0,02572	--	--	--	--	--	--
748,6	-0,02575	--	--	--	--	--	--
748,8	-0,02577	--	--	--	--	--	--
749	-0,02576	--	--	--	--	--	--
749,2	-0,02575	--	--	--	--	--	--
749,4	-0,02575	--	--	--	--	--	--
749,6	-0,02577	--	--	--	--	--	--
749,8	-0,02579	--	--	--	--	--	--
750	-0,02576	--	--	--	--	--	--
750,2	-0,02572	--	--	--	--	--	--
750,4	-0,02575	--	--	--	--	--	--
750,6	-0,02572	--	--	--	--	--	--
750,8	-0,02572	--	--	--	--	--	--
751	-0,02568	--	--	--	--	--	--
751,2	-0,02563	--	--	--	--	--	--
751,4	-0,02562	--	--	--	--	--	--
751,6	-0,0256	--	--	--	--	--	--
751,8	-0,02556	--	--	--	--	--	--
752	-0,02554	--	--	--	--	--	--
752,2	-0,02553	--	--	--	--	--	--
752,4	-0,02552	--	--	--	--	--	--
752,6	-0,02553	--	--	--	--	--	--
752,8	-0,02552	--	--	--	--	--	--
753	-0,02552	--	--	--	--	--	--
753,2	-0,02552	--	--	--	--	--	--
753,4	-0,02554	--	--	--	--	--	--
753,6	-0,02557	--	--	--	--	--	--
753,8	-0,02554	--	--	--	--	--	--
754	-0,02555	--	--	--	--	--	--
754,2	-0,02556	--	--	--	--	--	--
754,4	-0,02555	--	--	--	--	--	--
754,6	-0,02554	--	--	--	--	--	--
754,8	-0,02551	--	--	--	--	--	--
755	-0,02548	--	--	--	--	--	--
755,2	-0,02549	--	--	--	--	--	--
755,4	-0,0255	--	--	--	--	--	--
755,6	-0,0255	--	--	--	--	--	--
755,8	-0,02552	--	--	--	--	--	--
756	-0,02553	--	--	--	--	--	--
756,2	-0,02556	--	--	--	--	--	--
756,4	-0,02556	--	--	--	--	--	--
756,6	-0,02553	--	--	--	--	--	--
756,8	-0,02553	--	--	--	--	--	--
757	-0,02553	--	--	--	--	--	--
757,2	-0,0255	--	--	--	--	--	--
757,4	-0,0255	--	--	--	--	--	--
757,6	-0,02547	--	--	--	--	--	--
757,8	-0,02542	--	--	--	--	--	--
758	-0,02541	--	--	--	--	--	--
758,2	-0,02536	--	--	--	--	--	--
758,4	-0,02534	--	--	--	--	--	--
758,6	-0,02535	--	--	--	--	--	--
758,8	-0,02534	--	--	--	--	--	--
759	-0,02537	--	--	--	--	--	--
759,2	-0,02537	--	--	--	--	--	--
759,4	-0,02538	--	--	--	--	--	--
759,6	-0,02536	--	--	--	--	--	--
759,8	-0,02535	--	--	--	--	--	--
760	-0,02536	--	--	--	--	--	--
760,2	-0,02535	--	--	--	--	--	--
760,4	-0,02533	--	--	--	--	--	--
760,6	-0,02532	--	--	--	--	--	--
760,8	-0,02534	--	--	--	--	--	--
761	-0,02532	--	--	--	--	--	--
761,2	-0,02528	--	--	--	--	--	--
761,4	-0,0253	--	--	--	--	--	--
761,6	-0,02532	--	--	--	--	--	--
761,8	-0,02533	--	--	--	--	--	--
762	-0,02533	--	--	--	--	--	--
762,2	-0,02532	--	--	--	--	--	--
762,4	-0,02533	--	--	--	--	--	--
762,6	-0,02535	--	--	--	--	--	--
762,8	-0,02536	--	--	--	--	--	--
763	-0,02534	--	--	--	--	--	--
763,2	-0,02531	--	--	--	--	--	--
763,4	-0,02532	--	--	--	--	--	--
763,6	-0,02531	--	--	--	--	--	--
763,8	-0,02532	--	--	--	--	--	--
764	-0,02535	--	--	--	--	--	--
764,2	-0,02536	--	--	--	--	--	--
764,4	-0,02542	--	--	--	--	--	--
764,6	-0,02545	--	--	--	--	--	--
764,8	-0,02547	--	--	--	--	--	--
765	-0,02551	--	--	--	--	--	--
765,2	-0,02554	--	--	--	--	--	--
765,4	-0,02558	--	--	--	--	--	--
765,6	-0,02558	--	--	--	--	--	--
765,8	-0,02556	--	--	--	--	--	--
766	-0,0256	--	--	--	--	--	--
766,2	-0,02564	--	--	--	--	--	--
766,4	-0,02565	--	--	--	--	--	--
766,6	-0,02569	--	--	--	--	--	--
766,8	-0,02568	--	--	--	--	--	--
767	-0,02569	--	--	--	--	--	--
767,2	-0,02572	--	--	--	--	--	--
767,4	-0,02573	--	--	--	--	--	--
767,6	-0,02574	--	--	--	--	--	--
767,8	-0,02573	--	--	--	--	--	--
768	-0,02572	--	--	--	--	--	--
768,2	-0,0257	--	--	--	--	--	--
768,4	-0,02564	--	--	--	--	--	--
768,6	-0,02557	--	--	--	--	--	--
768,8	-0,02556	--	--	--	--	--	--
769	-0,02551	--	--	--	--	--	--
769,2	-0,02543	--	--	--	--	--	--
769,4	-0,02539	--	--	--	--	--	--
769,6	-0,0253	--	--	--	--	--	--
769,8	-0,02527	--	--	--	--	--	--
770	-0,02524	--	--	--	--	--	--
770,2	-0,02517	--	--	--	--	--	--
770,4	-0,02514	--	--	--	--	--	--
770,6	-0,0251	--	--	--	--	--	--
770,8	-0,02504	--	--	--	--	--	--
771	-0,02503	--	--	--	--	--	--
771,2	-0,02505	--	--	--	--	--	--
771,4	-0,02502	--	--	--	--	--	--
771,6	-0,02504	--	--	--	--	--	--
771,8	-0,02501	--	--	--	--	--	--
772	-0,02499	--	--	--	--	--	--
772,2	-0,02498	--	--	--	--	--	--
772,4	-0,02498	--	--	--	--	--	--
772,6	-0,025	--	--	--	--	--	--
772,8	-0,02501	--	--	--	--	--	--
773	-0,02496	--	--	--	--	--	--
773,2	-0,02495	--	--	--	--	--	--
773,4	-0,02496	--	--	--	--	--	--
773,6	-0,02497	--	--	--	--	--	--
773,8	-0,02499	--	--	--	--	--	--
774	-0,02499	--	--	--	--	--	--
774,2	-0,02498	--	--	--	--	--	--
774,4	-0,02499	--	--	--	--	--	--
774,6	-0,02498	--	--	--	--	--	--
774,8	-0,025	--	--	--	--	--	--
775	-0,02501	--	--	--	--	--	--
775,2	-0,025	--	--	--	--	--	--
775,4	-0,02497	--	--	--	--	--	--
775,6	-0,02499	--	--	--	--	--	--
775,8	-0,02497	--	--	--	--	--	--
776	-0,02498	--	--	--	--	--	--
776,2	-0,02499	--	--	--	--	--	--
776,4	-0,025	--	--	--	--	--	--
776,6	-0,02502	--	--	--	--	--	--
776,8	-0,02501	--	--	--	--	--	--
777	-0,02503	--	--	--	--	--	--
777,2	-0,02507	--	--	--	--	--	--
777,4	-0,02511	--	--	--	--	--	--
777,6	-0,02513	--	--	--	--	--	--
777,8	-0,02513	--	--	--	--	--	--
778	-0,02515	--	--	--	--	--	--
778,2	-0,02515	--	--	--	--	--	--
778,4	-0,02512	--	--	--	--	--	--
778,6	-0,02515	--	--	--	--	--	--
778,8	-0,02514	--	--	--	--	--	--
779	-0,02509	--	--	--	--	--	--
779,2	-0,02506	--	--	--	--	--	--
779,4	-0,02506	--	--	--	--	--	--
779,6	-0,02502	--	--	--	--	--	--
779,8	-0,025	--	--	--	--	--	--
780	-0,02498	--	--	--	--	--	--
780,2	-0,02495	--	--	--	--	--	--
780,4	-0,02494	--	--	--	--	--	--
780,6	-0,0249	--	--	--	--	--	--
780,8	-0,02485	--	--	--	--	--	--
781	-0,02486	--	--	--	--	--	--
781,2	-0,02485	--	--	--	--	--	--
781,4	-0,02483	--	--	--	--	--	--
781,6	-0,02485	--	--	--	--	--	--
781,8	-0,02486	--	--	--	--	--	--
782	-0,02487	--	--	--	--	--	--
782,2	-0,02492	--	--	--	--	--	--
782,4	-0,02496	--	--	--	--	--	--
782,6	-0,02501	--	--	--	--	--	--
782,8	-0,02499	--	--	--	--	--	--
783	-0,02503	--	--	--	--	--	--
783,2	-0,0251	--	--	--	--	--	--
783,4	-0,02513	--	--	--	--	--	--
783,6	-0,02513	--	--	--	--	--	--
783,8	-0,02518	--	--	--	--	--	--
784	-0,02525	--	--	--	--	--	--
784,2	-0,0253	--	--	--	--	--	--
784,4	-0,02536	--	--	--	--	--	--
784,6	-0,02536	--	--	--	--	--	--
784,8	-0,02538	--	--	--	--	--	--
785	-0,02541	--	--	--	--	--	--
785,2	-0,02541	--	--	--	--	--	--
785,4	-0,02541	--	--	--	--	--	--
785,6	-0,02541	--	--	--	--	--	--
785,8	-0,02539	--	--	--	--	--	--
786	-0,02534	--	--	--	--	--	--
786,2	-0,02534	--	--	--	--	--	--
786,4	-0,02532	--	--	--	--	--	--
786,6	-0,02534	--	--	--	--	--	--
786,8	-0,02536	--	--	--	--	--	--
787	-0,02539	--	--	--	--	--	--
787,2	-0,02537	--	--	--	--	--	--
787,4	-0,02538	--	--	--	--	--	--
787,6	-0,02538	--	--	--	--	--	--
787,8	-0,02538	--	--	--	--	--	--
788	-0,02537	--	--	--	--	--	--
788,2	-0,02532	--	--	--	--	--	--
788,4	-0,02527	--	--	--	--	--	--
788,6	-0,02523	--	--	--	--	--	--
788,8	-0,02525	--	--	--	--	--	--
789	-0,02527	--	--	--	--	--	--
789,2	-0,02526	--	--	--	--	--	--
789,4	-0,02528	--	--	--	--	--	--
789,6	-0,02529	--	--	--	--	--	--
789,8	-0,02528	--	--	--	--	--	--
790	-0,02526	--	--	--	--	--	--
790,2	-0,02533	--	--	--	--	--	--
790,4	-0,02535	--	--	--	--	--	--
790,6	-0,02535	--	--	--	--	--	--
790,8	-0,02532	--	--	--	--	--	--
791	-0,0253	--	--	--	--	--	--
791,2	-0,02524	--	--	--	--	--	--
791,4	-0,02523	--	--	--	--	--	--
791,6	-0,0252	--	--	--	--	--	--
791,8	-0,02518	--	--	--	--	--	--
792	-0,02518	--	--	--	--	--	--
792,2	-0,02518	--	--	--	--	--	--
792,4	-0,02517	--	--	--	--	--	--
792,6	-0,02518	--	--	--	--	--	--
792,8	-0,02516	--	--	--	--	--	--
793	-0,02516	--	--	--	--	--	--
793,2	-0,02513	--	--	--	--	--	--
793,4	-0,02511	--	--	--	--	--	--
793,6	-0,02509	--	--	--	--	--	--
793,8	-0,02509	--	--	--	--	--	--
794	-0,02509	--	--	--	--	--	--
794,2	-0,02511	--	--	--	--	--	--
794,4	-0,02506	--	--	--	--	--	--
794,6	-0,025	--	--	--	--	--	--
794,8	-0,02499	--	--	--	--	--	--
795	-0,02499	--	--	--	--	--	--
795,2	-0,02497	--	--	--	--	--	--
795,4	-0,02502	--	--	--	--	--	--
795,6	-0,02501	--	--	--	--	--	--
795,8	-0,02503	--	--	--	--	--	--
796	-0,02506	--	--	--	--	--	--
796,2	-0,02506	--	--	--	--	--	--
796,4	-0,02503	--	--	--	--	--	--
796,6	-0,02505	--	--	--	--	--	--
796,8	-0,02504	--	--	--	--	--	--
797	-0,02503	--	--	--	--	--	--
797,2	-0,02502	--	--	--	--	--	--
797,4	-0,02503	--	--	--	--	--	--
797,6	-0,0251	--	--	--	--	--	--
797,8	-0,0251	--	--	--	--	--	--
798	-0,0251	--	--	--	--	--	--
798,2	-0,02509	--	--	--	--	--	--
798,4	-0,02513	--	--	--	--	--	--
798,6	-0,02512	--	--	--	--	--	--
798,8	-0,02509	--	--	--	--	--	--
799	-0,02511	--	--	--	--	--	--
799,2	-0,02508	--	--	--	--	--	--
799,4	-0,02507	--	--	--	--	--	--
799,6	-0,02526	--	--	--	--	--	--
799,8	-0,02549	--	--	--	--	--	--
800	-0,02517	--	--	--	--	--	--